Date,AAPL,AMT,AMZN,CAT,GOOG,JNJ,JPM,NEE,PG,XOM
2015-01-02,24.17176055908203,75.03495025634766,15.425999641418457,68.89929962158203,25.9399471282959,75.73735809326172,46.06679153442383,19.605073928833008,65.06998443603516,56.77790832519531
2015-01-05,23.490798950195312,73.95085906982422,15.10949993133545,65.26238250732422,25.39921760559082,75.20840454101562,44.63663864135742,19.39742660522461,64.7606201171875,55.224365234375
2015-01-06,23.493009567260742,73.75515747070312,14.76449966430664,64.84246826171875,24.81053352355957,74.8388442993164,43.4792594909668,19.472768783569336,64.46563720703125,54.93077850341797
2015-01-07,23.822437286376953,74.53054809570312,14.920999526977539,65.84730529785156,24.768028259277344,76.49097442626953,43.54560089111328,19.651016235351562,64.80380249023438,55.487335205078125
2015-01-08,24.73773956298828,75.22315979003906,15.02299976348877,66.5221939086914,24.84612274169922,77.09239196777344,44.51871109008789,19.770456314086914,65.54486083984375,56.410945892333984
2015-01-09,24.764278411865234,74.83919525146484,14.846500396728516,65.72732543945312,24.524354934692383,76.04170989990234,43.74464797973633,19.595888137817383,64.93329620361328,56.3314094543457
2015-01-12,24.15406608581543,74.51551055908203,14.570500373840332,65.15740203857422,24.34542465209961,75.7808609008789,43.36868667602539,19.546274185180664,64.69586944580078,55.24884033203125
2015-01-13,24.3685302734375,73.68739318847656,14.737000465393066,64.7674789428711,24.524845123291016,75.91126251220703,43.37606430053711,19.62344741821289,64.96929168701172,55.046993255615234
2015-01-14,24.275667190551758,73.22061920166016,14.66349983215332,64.54249572753906,24.756656646728516,75.3605728149414,41.879573822021484,19.744733810424805,64.7462387084961,54.88795471191406
2015-01-15,23.616823196411133,72.48281860351562,14.34749984741211,63.748661041259766,24.80213165283203,74.26639556884766,40.53789138793945,19.66939353942871,64.65271759033203,54.41086959838867
2015-01-16,23.433313369750977,73.34107971191406,14.536999702453613,63.400936126708984,25.1130313873291,75.38956451416016,41.23084259033203,19.886226654052734,65.65277099609375,55.73201370239258
2015-01-20,24.036895751953125,73.12274169921875,14.472000122070312,63.48405075073242,25.054706573486328,73.39684295654297,41.06867599487305,20.016693115234375,65.609619140625,55.71367263793945
2015-01-21,24.220394134521484,72.8366928100586,14.862500190734863,64.54251098632812,25.60532569885254,73.83887481689453,41.20135498046875,20.19309425354004,65.74292755126953,56.19073486328125
2015-01-22,24.850509643554688,74.40257263183594,15.515999794006348,65.63874816894531,26.413461685180664,75.1866683959961,42.45456314086914,20.1306209564209,66.38784790039062,56.80236053466797
2015-01-23,24.978734970092773,74.98223876953125,15.619500160217285,64.7239761352539,26.688278198242188,74.05622863769531,41.78373718261719,20.117759704589844,65.27194213867188,55.59132766723633
2015-01-26,25.005264282226562,76.60840606689453,15.482999801635742,65.04148864746094,26.453990936279297,74.09973907470703,41.850074768066406,20.167375564575195,64.90963745117188,56.12346649169922
2015-01-27,24.12974739074707,75.57698822021484,15.337499618530273,60.36920928955078,25.63448715209961,73.9765396118164,41.42988967895508,20.437496185302734,62.670623779296875,55.628021240234375
2015-01-28,25.493877410888672,74.4402084350586,15.195500373840332,60.49015426635742,25.207929611206055,73.5345230102539,40.360958099365234,20.198610305786133,61.69967269897461,53.79313278198242
2015-01-29,26.287586212158203,74.09392547607422,15.58899974822998,60.482601165771484,25.240550994873047,74.18668365478516,41.0391731262207,20.518348693847656,62.07648468017578,53.566837310791016
2015-01-30,25.90289306640625,72.98724365234375,17.726499557495117,60.4599494934082,26.419889450073242,72.56354522705078,40.08820343017578,20.073659896850586,61.07651138305664,53.468955993652344
2015-02-02,26.2278995513916,73.664794921875,18.223499298095703,61.11767578125,26.121347427368164,73.0634994506836,40.89173889160156,20.22617530822754,61.67793273925781,54.79010009765625
2015-02-03,26.232311248779297,74.59830474853516,18.177499771118164,63.4462776184082,26.158912658691406,74.2446517944336,41.813232421875,20.25741195678711,62.27934265136719,56.42313766479492
2015-02-04,26.433500289916992,73.664794921875,18.237499237060547,61.95689010620117,25.838621139526367,73.44757080078125,41.56256866455078,20.110410690307617,62.163414001464844,55.93997573852539
2015-02-05,26.622177124023438,74.9747314453125,18.694499969482422,63.1816291809082,26.076862335205078,74.2446517944336,41.850074768066406,20.16002655029297,62.822792053222656,56.49041748046875
2015-02-06,26.397994995117188,72.06877136230469,18.714000701904297,62.90948486328125,26.24590492248535,73.25914764404297,42.67573928833008,19.44153594970703,62.03300857543945,56.38566589355469
2015-02-09,26.573341369628906,72.79901885986328,18.527999877929688,64.01329803466797,26.089218139648438,72.30265045166016,42.62413024902344,19.206317901611328,61.62722396850586,56.422645568847656
2015-02-10,27.083852767944336,72.55059051513672,18.649999618530273,63.43114471435547,26.53950309753418,72.71569061279297,43.095916748046875,19.81455421447754,61.87357711791992,56.08373260498047
2015-02-11,27.718666076660156,72.241943359375,18.756999969482422,63.06070327758789,26.491558074951172,72.73746490478516,43.029579162597656,19.30554962158203,62.05472183227539,55.83106231689453
2015-02-12,28.06937026977539,72.24947357177734,18.85849952697754,63.151397705078125,26.8355712890625,71.33168029785156,43.91420364379883,19.35700035095215,62.337318420410156,56.92179870605469
2015-02-13,28.206985473632812,72.57318878173828,19.09149932861328,64.36104583740234,27.136091232299805,72.18672180175781,43.9879150390625,19.04094123840332,62.24312973022461,57.53804016113281
2015-02-17,28.37346076965332,72.43768310546875,18.771499633789062,64.5500717163086,26.83112335205078,72.78091430664062,44.304908752441406,19.00419044494629,61.94603729248047,57.34085464477539
2015-02-18,28.571001052856445,72.42262268066406,18.668500900268555,64.1115493774414,26.675920486450195,72.43310546875,43.766761779785156,19.568321228027344,62.503990173339844,56.08373260498047
2015-02-19,28.511070251464844,71.71492767333984,18.950000762939453,62.97752380371094,26.832609176635742,72.9693374633789,43.66355895996094,19.3735408782959,61.74312973022461,55.11622619628906
2015-02-20,28.744136810302734,72.67102813720703,19.183000564575195,63.83940887451172,26.638853073120117,73.1590347290039,44.0837516784668,19.4047794342041,61.49679946899414,55.41202163696289
2015-02-23,29.521005630493164,73.2733154296875,19.006999969482422,63.121158599853516,26.290882110595703,73.10063934326172,43.752010345458984,19.476444244384766,61.87357711791992,54.85126495361328
2015-02-24,29.336780548095703,71.2557373046875,18.929500579833984,63.884761810302734,26.49748992919922,73.48009490966797,44.835689544677734,19.492979049682617,61.95329284667969,55.10390090942383
2015-02-25,28.5865478515625,73.664794921875,19.26849937438965,64.37615203857422,26.882034301757812,73.85226440429688,45.071590423583984,19.209774017333984,61.92430877685547,55.214820861816406
2015-02-26,28.948339462280273,74.4402084350586,19.239999771118164,63.35554504394531,27.455883026123047,75.01248931884766,45.39593505859375,19.154253005981445,61.71416473388672,54.629398345947266
2015-02-27,28.51329231262207,74.63595581054688,19.007999420166016,62.67510986328125,27.60021209716797,74.80082702636719,45.17478561401367,19.150543212890625,61.685184478759766,54.561622619628906
2015-03-02,28.653121948242188,74.8316879272461,19.283000946044922,62.75072479248047,28.239803314208984,75.31893920898438,45.5360107421875,18.79515266418457,61.88806915283203,54.25350570678711
2015-03-03,28.713058471679688,73.98851776123047,19.230499267578125,62.62974548339844,28.353487014770508,74.67680358886719,45.6834602355957,18.869199752807617,61.7068977355957,53.994667053222656
2015-03-04,28.531047821044922,74.19931030273438,19.13599967956543,61.790565490722656,28.340139389038086,74.1733169555664,45.80141067504883,18.767383575439453,61.119991302490234,53.72352981567383
2015-03-05,28.058273315429688,74.71121215820312,19.39150047302246,61.62421417236328,28.437021255493164,74.80814361572266,45.7055549621582,18.90435791015625,61.3228874206543,53.452392578125
2015-03-06,28.100440979003906,72.73126983642578,19.004499435424805,60.5279655456543,28.05914306640625,73.04957580566406,44.887290954589844,18.269460678100586,59.89541244506836,52.76836013793945
2015-03-09,28.220298767089844,72.70873260498047,18.92799949645996,61.09499740600586,28.116727828979492,73.450927734375,45.33697509765625,18.312040328979492,60.20700454711914,52.47871780395508
2015-03-10,27.636550903320312,71.19550323486328,18.475500106811523,60.414573669433594,27.43265724182129,72.6263656616211,44.20169448852539,18.138044357299805,59.08386993408203,51.92412185668945
2015-03-11,27.132688522338867,71.24066925048828,18.318500518798828,60.25580978393555,27.243349075317383,71.74341583251953,44.408103942871094,18.136192321777344,58.97517776489258,51.776222229003906
2015-03-12,27.62322425842285,72.4753189086914,18.711999893188477,60.62627029418945,27.457366943359375,72.84528350830078,45.24113464355469,18.60634422302246,59.482398986816406,51.89946365356445
2015-03-13,27.43233299255371,70.94706726074219,18.52899932861328,59.90048599243164,27.052560806274414,72.39286804199219,44.96836853027344,18.62300682067871,59.29397964477539,51.68380355834961
2015-03-16,27.734209060668945,71.2256088256836,18.667499542236328,60.4599494934082,27.407939910888672,73.74280548095703,45.5949821472168,19.05984878540039,60.547550201416016,52.23224639892578
2015-03-17,28.198110580444336,70.85671997070312,18.59600067138672,59.310768127441406,27.226539611816406,72.88904571533203,45.418060302734375,19.117229461669922,60.03309631347656,51.81318664550781
2015-03-18,28.51551628112793,71.90318298339844,18.756999969482422,61.48814010620117,27.65458106994629,74.03466796875,45.521270751953125,19.787302017211914,60.685237884521484,53.03948211669922
2015-03-19,28.300214767456055,71.21056365966797,18.66200065612793,60.5506591796875,27.579946517944336,74.20250701904297,45.11581802368164,19.52445411682129,60.417137145996094,52.016563415527344
2015-03-20,27.945070266723633,73.5443344116211,18.92449951171875,61.38227462768555,27.69708824157715,74.72059631347656,45.521270751953125,19.618852615356445,61.402584075927734,52.0966796875
2015-03-23,28.235843658447266,73.5066909790039,18.75550079345703,61.306671142578125,27.6204776763916,75.14378356933594,45.071590423583984,19.572572708129883,61.48952865600586,52.64512252807617
2015-03-24,28.12042808532715,73.14533996582031,18.704500198364258,60.845523834228516,28.18296241760254,74.3995132446289,44.57029724121094,19.405986785888672,60.80842208862305,52.08434295654297
2015-03-25,27.385726928710938,71.87305450439453,18.54800033569336,60.376773834228516,27.619243621826172,73.2174301147461,43.94369888305664,19.143142700195312,60.14902114868164,52.29386901855469
2015-03-26,27.576610565185547,71.66979217529297,18.36750030517578,60.39189910888672,27.440561294555664,73.07148742675781,43.89208221435547,19.013565063476562,59.525875091552734,51.96109390258789
2015-03-27,27.35686683654785,72.30218505859375,18.527999877929688,60.233131408691406,27.10297393798828,73.2174301147461,43.899452209472656,19.16535186767578,59.641807556152344,51.50510787963867
2015-03-30,28.049388885498047,72.39251708984375,18.72949981689453,61.518394470214844,27.285362243652344,74.10033416748047,44.93888854980469,19.387474060058594,59.93889617919922,52.76836013793945
2015-03-31,27.618789672851562,70.87931823730469,18.604999542236328,60.50529098510742,27.086172103881836,73.40714263916016,44.65876770019531,19.259756088256836,59.373714447021484,52.38014221191406
2015-04-01,27.578834533691406,72.61834716796875,18.51300048828125,60.210453033447266,26.817285537719727,72.34907531738281,44.48808288574219,19.391178131103516,59.64908218383789,52.047367095947266
2015-04-02,27.816333770751953,72.85926818847656,18.612499237060547,60.66407012939453,26.469810485839844,72.70664978027344,44.911067962646484,19.389328002929688,59.728755950927734,51.948768615722656
2015-04-06,28.266921997070312,73.80780792236328,18.851999282836914,61.60909652709961,26.530851364135742,72.35636901855469,44.873958587646484,19.535558700561523,60.17075729370117,52.46025085449219
2015-04-07,27.969484329223633,72.9269790649414,18.720500946044922,60.890872955322266,26.543455123901367,73.04228210449219,45.15595245361328,19.30417823791504,59.699771881103516,52.84231185913086
2015-04-08,27.87848472595215,72.98749542236328,19.059999465942383,60.81528091430664,26.770326614379883,73.0860824584961,45.30436325073242,19.257904052734375,59.975135803222656,51.80086898803711
2015-04-09,28.091564178466797,72.08773803710938,19.177000045776367,60.9967041015625,26.729305267333984,73.93982696533203,45.61604690551758,19.252349853515625,60.06205368041992,52.16447067260742
2015-04-10,28.2114315032959,71.88358306884766,19.13249969482422,62.44830322265625,26.691240310668945,74.47248840332031,45.7867317199707,19.417097091674805,60.39537811279297,52.72523498535156
2015-04-13,28.15593910217285,71.6643295288086,19.118000030517578,62.10053634643555,26.64972496032715,73.37067413330078,46.061302185058594,19.20423126220703,60.45338439941406,52.58964920043945
2015-04-14,28.033859252929688,71.45260620117188,19.25550079345703,62.75072479248047,26.21575355529785,73.34876251220703,46.7811393737793,19.317138671875,60.57651901245117,53.38459396362305
2015-04-15,28.140399932861328,71.95918273925781,19.172500610351562,64.38371276855469,26.3215274810791,73.40714263916016,47.64936065673828,19.2838191986084,60.51132583618164,54.27813720703125
2015-04-16,28.005002975463867,73.1613998413086,19.302000045776367,64.29227447509766,26.38429832458496,72.81607055664062,47.3525390625,19.206071853637695,60.50407409667969,54.0624885559082
2015-04-17,27.68981170654297,72.66239929199219,18.777999877929688,63.484230041503906,25.90238380432129,72.662841796875,46.6327018737793,19.093156814575195,59.801212310791016,53.56949234008789
2015-04-20,28.322406768798828,72.46578216552734,19.475500106811523,64.49044036865234,26.46239471435547,73.12255096435547,46.9295539855957,19.343055725097656,60.04759216308594,53.76051712036133
2015-04-21,28.169254302978516,71.81554412841797,19.55900001525879,63.972103118896484,26.392702102661133,73.18821716308594,46.23939514160156,19.13944435119629,60.19972229003906,53.53865051269531
2015-04-22,28.548812866210938,72.52627563476562,19.489999771118164,64.69630432128906,26.659360885620117,73.2830810546875,46.706912994384766,19.119081497192383,60.20700454711914,53.89609146118164
2015-04-23,28.7818660736084,72.61703491210938,19.499500274658203,64.63529205322266,27.0367431640625,73.30498504638672,46.6030158996582,19.302324295043945,59.128173828125,53.945377349853516
2015-04-24,28.917274475097656,72.0726318359375,22.2549991607666,64.49044036865234,27.929399490356445,73.75736999511719,46.454612731933594,19.444862365722656,59.16466522216797,53.594112396240234
2015-04-27,29.443313598632812,71.97433471679688,21.92799949645996,65.04696655273438,27.52581024169922,73.39253234863281,46.261661529541016,19.217182159423828,58.87249755859375,53.6187858581543
2015-04-28,28.979412078857422,72.40528869628906,21.465499877929688,65.71017456054688,27.442052841186523,73.50929260253906,46.57334518432617,19.269006729125977,58.741031646728516,54.105594635009766
2015-04-29,28.55324363708496,70.70403289794922,21.4685001373291,66.70112609863281,27.214059829711914,73.25392150878906,47.19668197631836,19.009872436523438,58.324668884277344,54.14875030517578
2015-04-30,27.77860450744629,71.47528839111328,21.089000701904297,66.22848510742188,26.632192611694336,72.38558197021484,46.94438171386719,18.682239532470703,58.07633972167969,53.84062194824219
2015-05-01,28.622055053710938,70.6813735961914,21.14349937438965,66.60202026367188,26.659948348999023,73.06417846679688,47.2041130065918,18.858083724975586,58.64607238769531,54.752628326416016
2015-05-04,28.566566467285156,71.55846405029297,21.152000427246094,66.54866790771484,26.802690505981445,73.22470092773438,48.027828216552734,19.020977020263672,58.689876556396484,54.91288375854492
2015-05-05,27.922876358032227,70.31843566894531,21.059499740600586,66.31999206542969,26.308048248291016,72.60445404052734,47.79036331176758,18.537860870361328,58.485382080078125,54.60475158691406
2015-05-06,27.747526168823242,70.21257781982422,20.954999923706055,66.31237030029297,25.981924057006836,72.36368560791016,47.434165954589844,18.515649795532227,58.7264289855957,54.345924377441406
2015-05-07,27.919157028198242,70.79476928710938,21.3439998626709,65.88548278808594,26.30309295654297,72.7212142944336,47.86457443237305,18.621152877807617,58.58033752441406,53.98234176635742
2015-05-08,28.445171356201172,71.79286193847656,21.684499740600586,66.55628967285156,26.675809860229492,74.0419692993164,48.59923553466797,18.73406982421875,59.13544464111328,54.83892059326172
2015-05-11,28.155414581298828,70.80992889404297,21.642499923706055,67.66924285888672,26.550907135009766,73.72090911865234,48.56954574584961,18.511947631835938,58.6314811706543,53.919334411621094
2015-05-12,28.055112838745117,70.7720947265625,21.551000595092773,67.20426177978516,26.22081756591797,73.31228637695312,48.50276184082031,18.493438720703125,58.3977165222168,54.06846237182617
2015-05-13,28.086318969726562,70.2730484008789,21.3435001373291,67.41770935058594,26.24956512451172,73.37067413330078,48.621498107910156,18.547117233276367,58.21511459350586,53.782649993896484
2015-05-14,28.741613388061523,71.68699645996094,21.61400032043457,67.6463623046875,26.68472671508789,74.30464172363281,49.01482391357422,18.710012435913086,58.8505859375,54.03740310668945
2015-05-15,28.70149040222168,72.2162857055664,21.299999237060547,67.41006469726562,26.459213256835938,74.64762878417969,48.88865661621094,18.906213760375977,59.20119094848633,54.273529052734375
2015-05-18,29.01799774169922,71.98186492919922,21.261999130249023,67.3033218383789,26.38239860534668,75.46485900878906,49.28937530517578,18.935836791992188,58.974754333496094,53.96284866333008
2015-05-19,28.991254806518555,72.17090606689453,21.085500717163086,66.5029525756836,26.6331844329834,75.85890197753906,49.72719955444336,18.974702835083008,59.04051208496094,54.049842834472656
2015-05-20,28.9890193939209,71.3165054321289,21.19300079345703,67.0289077758789,26.727848052978516,75.59622192382812,49.33390426635742,18.976552963256836,58.78486633300781,54.136810302734375
2015-05-21,29.285459518432617,70.99893951416016,21.581499099731445,68.09615325927734,26.888431549072266,75.28015899658203,49.46006393432617,18.9099178314209,58.733726501464844,54.18651580810547
2015-05-22,29.541780471801758,71.33919525146484,21.381500244140625,67.5625228881836,26.76948356628418,74.49368286132812,49.32646560668945,18.922870635986328,58.3977165222168,53.75780487060547
2015-05-26,28.890949249267578,71.5357666015625,21.273500442504883,66.96031951904297,26.38338279724121,74.1041259765625,48.7773551940918,18.700756072998047,57.806068420410156,53.030845642089844
2015-05-27,29.43033790588379,71.95166015625,21.570999145507812,67.02130889892578,26.75362205505371,74.33199310302734,49.32646560668945,18.807069778442383,57.98868179321289,52.8817138671875
2015-05-28,29.37238883972168,71.5282211303711,21.328500747680664,65.56529235839844,26.753124237060547,74.34668731689453,49.12611389160156,19.075664520263672,57.94487380981445,52.8817138671875
2015-05-29,29.038057327270508,70.15965270996094,21.46150016784668,65.03935241699219,26.37297821044922,73.60433197021484,48.81443405151367,19.088716506958008,57.25823974609375,52.93763732910156
2015-06-01,29.096006393432617,71.24842834472656,21.54599952697754,65.19939422607422,26.466156005859375,73.53083801269531,49.03707504272461,19.3106746673584,57.594268798828125,52.8941535949707
2015-06-02,28.96673583984375,71.18795013427734,21.54949951171875,65.68728637695312,26.723386764526367,73.4867172241211,48.9925422668457,19.06633949279785,57.36783218383789,52.900360107421875
2015-06-03,29.002391815185547,70.07649993896484,21.829500198364258,65.7330322265625,26.779394149780273,73.56756591796875,49.497161865234375,18.69329071044922,57.38241958618164,52.78228759765625
2015-06-04,28.832998275756836,71.58112335205078,21.538999557495117,65.15367126464844,26.60047149658203,72.93548583984375,49.222591400146484,18.721269607543945,57.082950592041016,52.32872772216797
2015-06-05,28.67474365234375,69.95549011230469,21.34749984741211,65.5958023071289,26.433441162109375,72.46504974365234,50.03146743774414,18.422836303710938,56.557029724121094,52.36601638793945
2015-06-08,28.485288619995117,70.18992614746094,21.174999237060547,65.6720199584961,26.111284255981445,72.00199127197266,49.638153076171875,18.301593780517578,56.76154708862305,52.72018051147461
2015-06-09,28.400592803955078,69.61524963378906,21.27400016784668,66.1141586303711,26.104345321655273,72.18574523925781,49.853363037109375,18.314651489257812,57.63078689575195,52.552425384521484
2015-06-10,28.726015090942383,70.09158325195312,21.53849983215332,67.44815826416016,26.599973678588867,72.67819213867188,50.654815673828125,18.488117218017578,58.0982666015625,52.94384765625
2015-06-11,28.66136932373047,70.63600158691406,21.648500442504883,67.21186828613281,26.496883392333984,72.94282531738281,50.84775161743164,18.590709686279297,58.0032958984375,52.86928176879883
2015-06-12,28.34486961364746,70.46966552734375,21.496000289916992,66.96793365478516,26.383882522583008,72.28864288330078,50.647396087646484,18.5105037689209,57.60886001586914,52.20446014404297
2015-06-15,28.289148330688477,70.08979797363281,21.183500289916992,66.4190902709961,26.129623413085938,71.65654754638672,50.45444869995117,18.488117218017578,57.061058044433594,52.01805877685547
2015-06-16,28.440711975097656,70.8495101928711,21.363000869750977,66.00745391845703,26.176708221435547,72.29598999023438,50.73645782470703,18.56458854675293,57.77687454223633,52.61455154418945
2015-06-17,28.37384796142578,71.50283813476562,21.390499114990234,66.51056671142578,26.231721878051758,72.56794738769531,50.565765380859375,18.782817840576172,58.49269104003906,52.645633697509766
2015-06-18,28.50312042236328,73.06781768798828,21.969499588012695,66.65538024902344,26.601959228515625,73.76604461669922,51.04069519042969,19.07379150390625,59.033180236816406,53.11162185668945
2015-06-19,28.217811584472656,72.90827178955078,21.746000289916992,66.71636962890625,26.599973678588867,73.39852142333984,50.52124786376953,18.83131217956543,58.82867431640625,52.94384765625
2015-06-22,28.44293975830078,72.77154541015625,21.81450080871582,67.28809356689453,26.674318313598633,73.56756591796875,51.17427062988281,18.79401206970215,58.76295852661133,52.919002532958984
2015-06-23,28.31366539001465,73.1209945678711,22.29949951171875,67.42530059814453,26.78782081604004,73.3397216796875,51.76053237915039,18.51982307434082,58.28085708618164,52.856868743896484
2015-06-24,28.554386138916016,72.23214721679688,22.04199981689453,67.21186828613281,26.65697479248047,73.00897979736328,51.218807220458984,18.378068923950195,58.07633972167969,52.61455154418945
2015-06-25,28.41842269897461,71.97386932373047,22.0049991607666,66.1065444946289,26.527610778808594,72.85459899902344,50.944236755371094,18.2773494720459,57.98868179321289,52.148536682128906
2015-06-26,28.251256942749023,71.59400939941406,21.905000686645508,66.1827621459961,26.35215950012207,73.23680877685547,51.166847229003906,18.409774780273438,57.9521369934082,52.10506057739258
2015-06-29,27.75644302368164,70.60641479492188,21.493000030517578,65.02408599853516,25.84810447692871,71.79619598388672,49.86821365356445,18.3109188079834,57.207130432128906,51.458866119384766
2015-06-30,27.957040786743164,70.87230682373047,21.704500198364258,64.65817260742188,25.798044204711914,71.63447570800781,50.283782958984375,18.284799575805664,57.14868927001953,51.694976806640625
2015-07-01,28.217811584472656,71.41927337646484,21.86949920654297,63.99497985839844,25.86396026611328,72.37684631347656,50.84396743774414,18.35941505432129,58.22974395751953,51.179256439208984
2015-07-02,28.182157516479492,72.10303497314453,21.885499954223633,64.32274627685547,25.9412841796875,72.35479736328125,50.433162689208984,18.69329071044922,58.38312530517578,51.657684326171875
2015-07-06,28.084091186523438,72.15618133544922,21.802000045776367,63.3851318359375,25.91451644897461,72.17839050292969,50.29123306274414,18.738056182861328,58.47076416015625,51.278690338134766
2015-07-07,28.014995574951172,72.64997100830078,21.836000442504883,64.02547454833984,26.021574020385742,72.7076187133789,49.89537048339844,19.189437866210938,59.690574645996094,51.48994445800781
2015-07-08,27.319580078125,71.77632904052734,21.485000610351562,62.71430587768555,25.61565399169922,71.8623275756836,48.87207794189453,19.015974044799805,59.15735626220703,50.930747985839844
2015-07-09,26.76235008239746,71.70796966552734,21.719499588012695,62.27217102050781,25.806472778320312,72.32540130615234,49.37997055053711,18.872346878051758,58.91633605957031,50.70082473754883
2015-07-10,27.47783088684082,72.49046325683594,22.175500869750977,62.62285614013672,26.274843215942383,73.15597534179688,50.082096099853516,18.95815086364746,59.128173828125,51.0860710144043
2015-07-13,28.00830841064453,72.70317077636719,22.778499603271484,63.7586555480957,27.088668823242188,73.69986724853516,50.85890579223633,19.019702911376953,59.82938003540039,51.2103385925293
2015-07-14,27.997159957885742,72.53604888916016,23.278499603271484,64.38372802734375,27.809812545776367,73.3397216796875,51.56850051879883,19.02342987060547,59.9243278503418,51.63904571533203
2015-07-15,28.266857147216797,72.8930892944336,23.059499740600586,64.15504455566406,27.76619529724121,73.81011962890625,51.68054962158203,19.168928146362305,60.004669189453125,51.421592712402344
2015-07-16,28.64354133605957,74.31375122070312,23.77400016784668,64.43971252441406,28.73911476135254,74.3172836303711,51.9569091796875,19.478548049926758,60.11423110961914,51.51478958129883
2015-07-17,28.890949249267578,73.65277099609375,24.15049934387207,63.978111267089844,33.352447509765625,73.56023406982422,51.695472717285156,19.333066940307617,60.070396423339844,51.328392028808594
2015-07-20,29.437026977539062,73.73634338378906,24.405000686645508,63.27800369262695,32.861270904541016,73.77338409423828,51.73284149169922,19.23979949951172,60.03387451171875,50.80025863647461
2015-07-21,29.1428165435791,73.65277099609375,24.399999618530273,63.25490951538086,32.825584411621094,73.7513198852539,51.61333465576172,19.04954719543457,59.624839782714844,50.738121032714844
2015-07-22,27.910228729248047,73.34130859375,24.41349983215332,61.36237335205078,32.815673828125,73.63372802734375,52.34532165527344,19.174518585205078,59.52397155761719,50.81890869140625
2015-07-23,27.8968563079834,74.45047760009766,24.108999252319336,59.146671295166016,31.93246078491211,73.64842224121094,52.016666412353516,19.038362503051758,59.42824172973633,50.41502380371094
2015-07-24,27.749759674072266,73.5312271118164,26.47100067138672,58.54658889770508,30.905515670776367,72.8766860961914,51.4714241027832,19.077529907226562,59.12628936767578,49.6694221496582
2015-07-27,27.36415672302246,73.29574584960938,26.570499420166016,57.94651412963867,31.088899612426758,72.23719024658203,50.79916000366211,19.305078506469727,58.890655517578125,49.24692916870117
2015-07-28,27.500112533569336,73.4476547241211,26.30150032043457,59.83906555175781,31.12557601928711,72.78113555908203,50.82904815673828,19.415132522583008,59.08211135864258,51.24761962890625
2015-07-29,27.413196563720703,73.1741943359375,26.450000762939453,59.49287796020508,31.32036018371582,73.30298614501953,51.49382781982422,19.508394241333008,59.369319915771484,51.657684326171875
2015-07-30,27.275001525878906,72.13339233398438,26.83799934387207,60.27759552001953,31.35306739807129,73.38380432128906,51.56850051879883,19.564346313476562,56.99070739746094,51.5769157409668
2015-07-31,27.036510467529297,72.25495910644531,26.8075008392334,60.49298858642578,31.007122039794922,73.65577697753906,51.18756103515625,19.622169494628906,56.482574462890625,49.215843200683594
2015-08-03,26.3990478515625,72.44486999511719,26.75149917602539,59.43900680541992,31.284671783447266,73.51612091064453,51.18756103515625,20.090343475341797,56.26165771484375,48.50132369995117
2015-08-04,25.552064895629883,73.0222396850586,26.594999313354492,58.931251525878906,31.187528610229492,73.35443878173828,51.13526916503906,19.872108459472656,55.900814056396484,47.948341369628906
2015-08-05,25.721458435058594,73.41728210449219,26.850500106811523,59.146671295166016,31.90768051147461,73.88363647460938,51.33696365356445,19.763931274414062,55.7977180480957,47.948341369628906
2015-08-06,25.777433395385742,74.72399139404297,26.472999572753906,59.5928840637207,31.853160858154297,72.81787109375,50.97840881347656,19.724760055541992,55.775634765625,48.51994705200195
2015-08-07,25.8647518157959,75.70398712158203,26.131000518798828,59.46210861206055,31.487382888793945,72.65615844726562,50.82904815673828,19.957918167114258,55.584163665771484,47.73707962036133
2015-08-10,26.80512809753418,76.34212493896484,26.200000762939453,61.67009353637695,31.409570693969727,73.3470687866211,51.45646667480469,19.87024688720703,56.24694061279297,48.930030822753906
2015-08-11,25.410240173339844,76.72955322265625,26.37299919128418,60.039093017578125,32.75025177001953,72.77375030517578,50.96349334716797,19.888896942138672,56.12910842895508,48.59765625
2015-08-12,25.802066802978516,75.94709014892578,26.295499801635742,60.71610641479492,32.689788818359375,72.55326080322266,50.224021911621094,20.219043731689453,56.25431823730469,49.41294860839844
2015-08-13,25.78191566467285,76.15980529785156,26.482999801635742,59.82370376586914,32.535640716552734,72.38418579101562,50.455570220947266,20.3160343170166,55.805076599121094,49.325164794921875
2015-08-14,25.963268280029297,76.79039001464844,26.576000213623047,60.385311126708984,32.56884765625,72.62675476074219,50.709529876708984,20.33841896057129,55.687252044677734,49.14326858520508
2015-08-17,26.231950759887695,77.07144927978516,26.76099967956543,60.42375564575195,32.75471115112305,73.40586853027344,50.84396743774414,20.42981719970703,55.62098693847656,49.400413513183594
2015-08-18,26.084169387817383,76.34212493896484,26.750999450683594,60.639183044433594,32.51978302001953,73.0383529663086,50.94856262207031,20.426084518432617,55.32643508911133,48.85477828979492
2015-08-19,25.75056266784668,76.27377319335938,26.645999908447266,59.55442428588867,32.756195068359375,72.99423217773438,50.492923736572266,20.34401512145996,54.58263397216797,47.80744934082031
2015-08-20,25.22216033935547,75.09620666503906,25.788999557495117,58.78508758544922,32.05884552001953,72.6120376586914,49.25300598144531,20.191062927246094,54.42799758911133,46.76636505126953
2015-08-21,23.679500579833984,73.46287536621094,24.723499298095703,57.70030212402344,30.356359481811523,70.77528381347656,47.50516891479492,19.950450897216797,52.90364074707031,45.23613357543945
2015-08-24,23.08841323852539,69.84671783447266,23.168500900268555,56.02314376831055,29.222848892211914,68.74591827392578,45.0029411315918,19.21928596496582,50.91531753540039,43.09756088256836
2015-08-25,23.227237701416016,68.0006332397461,23.318500518798828,55.438446044921875,28.848651885986328,67.19798278808594,44.74897766113281,18.74738311767578,50.385108947753906,43.09129333496094
2015-08-26,24.559419631958008,69.53524017333984,25.03849983215332,56.830955505371094,31.15630340576172,70.44197845458984,46.98978042602539,19.10826873779297,52.211402893066406,45.46818542480469
2015-08-27,25.28261947631836,71.31292724609375,25.918500900268555,58.208072662353516,31.601877212524414,71.26409912109375,48.162471771240234,19.221044540405273,52.63854217529297,46.94198226928711
2015-08-28,25.365459442138672,70.99382781982422,25.90049934387207,58.43118667602539,31.243532180786133,70.48643493652344,47.90104293823242,19.138347625732422,52.439701080322266,47.079959869384766
2015-08-31,25.246797561645508,70.0366439819336,25.644500732421875,58.80816650390625,30.642335891723633,69.60507202148438,47.87864303588867,18.497392654418945,52.042049407958984,47.186580657958984
2015-09-01,24.118345260620117,68.39566802978516,24.82699966430664,57.6234016418457,29.628276824951172,68.20525360107422,45.899269104003906,17.922224044799805,50.73860549926758,45.20478057861328
2015-09-02,25.152755737304688,69.26174926757812,25.52750015258789,58.54658889770508,30.44854164123535,69.13847351074219,46.73582077026367,17.863954544067383,51.40871810913086,45.92599868774414
2015-09-03,24.71167755126953,69.14778137207031,25.236000061035156,57.27719497680664,30.047582626342773,68.61260986328125,46.8179931640625,17.888395309448242,51.49708938598633,46.27720642089844
2015-09-04,24.46538734436035,67.62835693359375,24.950000762939453,56.23855972290039,29.772504806518555,67.62757110595703,45.93659210205078,17.78502082824707,50.6354866027832,45.443092346191406
2015-09-08,25.146039962768555,68.4108657836914,25.87700080871582,57.16178512573242,30.46440315246582,69.5754623413086,47.17652130126953,18.249284744262695,51.53392028808594,46.09532928466797
2015-09-09,24.662418365478516,67.38528442382812,25.844499588012695,56.13087463378906,30.36825180053711,68.30155944824219,46.444522857666016,17.912826538085938,50.42930603027344,45.15461349487305
2015-09-10,25.204254150390625,67.09658813476562,26.11199951171875,55.715423583984375,30.79598045349121,68.67186737060547,46.80305099487305,17.922224044799805,50.31147766113281,45.48072052001953
2015-09-11,25.571449279785156,67.81068420410156,26.472000122070312,55.87697982788086,31.015047073364258,68.8274154663086,46.72835922241211,18.016204833984375,50.385108947753906,45.58734130859375
2015-09-14,25.81773567199707,67.48403930664062,26.069000244140625,55.98467254638672,30.88965606689453,69.11625671386719,46.593910217285156,18.06884002685547,50.12001419067383,45.4619026184082
2015-09-15,26.03491973876953,68.03103637695312,26.118499755859375,57.37717056274414,31.479455947875977,69.9161376953125,47.490234375,18.087636947631836,51.14363098144531,45.6939582824707
2015-09-16,26.064023971557617,68.82868957519531,26.36949920654297,58.19268798828125,31.521085739135742,70.0716781616211,47.90852737426758,18.328224182128906,51.622276306152344,46.59705352783203
2015-09-17,25.506513595581055,69.5276107788086,26.943500518798828,56.97713088989258,31.864063262939453,70.24203491210938,46.79559326171875,18.551897048950195,51.725379943847656,46.6973876953125
2015-09-18,25.401287078857422,68.7451400756836,27.01300048828125,55.284603118896484,31.187528610229492,69.16810607910156,45.5183219909668,18.2868709564209,51.50447082519531,45.58107376098633
2015-09-21,25.79534912109375,69.02002716064453,27.41950035095215,55.51538848876953,31.494321823120117,68.97550201416016,45.899269104003906,18.429725646972656,52.027320861816406,46.02635192871094
2015-09-22,25.39009666442871,67.99684143066406,26.920000076293945,55.14611053466797,30.862396240234375,69.05699157714844,45.495906829833984,18.24176597595215,51.688575744628906,45.618690490722656
2015-09-23,25.596080780029297,67.73721313476562,26.803499221801758,54.007476806640625,30.846038818359375,68.871826171875,45.29423904418945,18.22860336303711,51.7401123046875,45.34275817871094
2015-09-24,25.748321533203125,67.21796417236328,26.6875,50.62240982055664,31.016536712646484,68.49410247802734,44.980525970458984,18.330102920532227,52.550167083740234,45.61244201660156
2015-09-25,25.68339729309082,67.83647155761719,26.212499618530273,49.99155807495117,30.33108139038086,67.39799499511719,45.91419982910156,18.534982681274414,53.51487350463867,45.92599868774414
2015-09-28,25.175151824951172,66.5918197631836,25.202999114990234,49.07604217529297,29.484546661376953,67.67198944091797,44.80126190185547,18.33574104309082,52.85209274291992,45.53089904785156
2015-09-29,24.41836929321289,66.43912506103516,24.803499221801758,49.47608947753906,29.48850440979004,68.90886688232422,44.69669723510742,18.192895889282227,53.227657318115234,45.76294708251953
2015-09-30,24.696006774902344,67.17976379394531,25.594499588012695,50.283905029296875,30.155126571655273,69.13847351074219,45.54072570800781,18.33574104309082,52.977291107177734,46.62841796875
2015-10-01,24.53480339050293,67.48521423339844,26.035999298095703,49.53764343261719,30.29737663269043,69.00514221191406,45.876834869384766,18.147785186767578,52.984657287597656,46.446529388427734
2015-10-02,24.71391487121582,68.5237045288086,26.62700080871582,50.54547882080078,31.071550369262695,69.56803894042969,45.74894332885742,18.521827697753906,53.33075714111328,47.58794021606445
2015-10-05,24.803478240966797,71.36420440673828,27.18400001525879,53.22278594970703,31.793190002441406,70.18278503417969,46.65926742553711,18.93158721923828,53.919883728027344,48.17118835449219
2015-10-06,24.922138214111328,71.2955093383789,26.874000549316406,54.48447799682617,31.989952087402344,69.19031524658203,46.68184280395508,18.7680606842041,54.052452087402344,48.8485107421875
2015-10-07,24.803478240966797,71.95983123779297,27.097000122070312,54.1459846496582,31.837295532226562,70.345703125,46.74202346801758,18.783096313476562,54.2880744934082,49.67007064819336
2015-10-08,24.516883850097656,72.97534942626953,26.658000946044922,55.269195556640625,31.67869758605957,70.41978454589844,46.74202346801758,18.95602035522461,54.78883743286133,50.19060134887695
2015-10-09,25.103500366210938,72.49431610107422,26.989999771118164,54.8537712097168,31.899255752563477,70.6345443725586,46.591556549072266,18.993610382080078,54.84774398803711,49.70769500732422
2015-10-12,24.987064361572266,72.3874282836914,27.50950050354004,54.23830032348633,32.05091094970703,71.09375,46.43357467651367,19.06879997253418,54.7372932434082,49.7327995300293
2015-10-13,25.02960968017578,71.54747009277344,27.44499969482422,53.984413146972656,32.3299560546875,70.69378662109375,46.3056755065918,19.029327392578125,54.57527542114258,49.644981384277344
2015-10-14,24.67585563659668,71.05877685546875,27.241500854492188,54.39985656738281,32.27345275878906,70.01241302490234,45.132049560546875,18.97105598449707,54.64894485473633,50.27213668823242
2015-10-15,25.045284271240234,72.27286529541016,28.121999740600586,54.4921760559082,32.79783248901367,71.95289611816406,46.561458587646484,19.397729873657227,54.693111419677734,51.0999641418457
2015-10-16,24.8616886138916,73.40299224853516,28.538000106811523,53.60744094848633,32.82062911987305,72.76017761230469,46.96772766113281,19.484193801879883,55.157047271728516,51.72712707519531
2015-10-19,25.01618003845215,73.90693664550781,28.657499313354492,53.29199981689453,33.0139274597168,72.53797912597656,46.809730529785156,19.504867553710938,55.3485221862793,50.792659759521484
2015-10-20,25.47293472290039,73.99854278564453,28.04400062561035,54.061344146728516,32.22983932495117,72.27874755859375,47.03541946411133,19.536823272705078,54.81093978881836,50.69230651855469
2015-10-21,25.470699310302734,73.34952545166016,27.78849983215332,53.59975814819336,31.849687576293945,72.3083724975586,46.689353942871094,19.585695266723633,54.67941665649414,50.303504943847656
2015-10-22,25.860271453857422,75.95333099365234,28.195499420166016,55.14005661010742,32.30467987060547,73.71561431884766,47.53948211669922,19.869516372680664,55.615638732910156,51.9842529296875
2015-10-23,26.661827087402344,75.7242660522461,29.951499938964844,55.816856384277344,34.793235778808594,74.29329681396484,48.05106735229492,19.653362274169922,57.23543167114258,52.04070281982422
2015-10-26,25.811016082763672,75.9991455078125,30.430500030517578,55.63792037963867,35.3275260925293,74.01925659179688,48.07362747192383,19.519906997680664,57.57723617553711,50.93691635131836
2015-10-27,25.64757537841797,75.80062103271484,30.550500869750977,54.758888244628906,35.11490249633789,74.20443725585938,47.878021240234375,19.566898345947266,57.4286003112793,50.855384826660156
2015-10-28,26.704374313354492,77.02234649658203,30.854999542236328,55.98802185058594,35.33595275878906,74.41922760009766,49.27735137939453,19.350738525390625,56.84906005859375,51.601688385009766
2015-10-29,26.98648452758789,77.85466766357422,31.327499389648438,55.98802185058594,35.53272247314453,75.07837677001953,49.05918502807617,19.130830764770508,57.2280158996582,51.570316314697266
2015-10-30,26.755868911743164,78.060791015625,31.295000076293945,56.781497955322266,35.22988510131836,74.82658386230469,48.336944580078125,19.296239852905273,56.752471923828125,51.89018249511719
2015-11-02,27.132015228271484,79.4581527709961,31.417499542236328,57.83172607421875,35.74039077758789,75.67089080810547,49.307456970214844,19.21540641784668,56.915931701660156,53.48312759399414
2015-11-03,27.443239212036133,78.8625717163086,31.265499114990234,58.150665283203125,35.79243087768555,75.51535034179688,49.48801803588867,19.230443954467773,57.25031280517578,54.46773910522461
2015-11-04,27.31561851501465,78.060791015625,32.04750061035156,57.99507522583008,36.08732604980469,75.50054931640625,49.54068374633789,19.4014949798584,57.25775146484375,53.92216491699219
2015-11-05,27.189685821533203,77.02234649658203,32.782501220703125,57.73838424682617,36.242958068847656,75.78939819335938,49.98454666137695,19.190969467163086,56.759910583496094,53.188377380371094
2015-11-06,27.221179962158203,74.8537826538086,32.96849822998047,57.44273376464844,36.36736297607422,75.4857177734375,51.504241943359375,18.578214645385742,56.150596618652344,52.975128173828125
2015-11-09,27.110994338989258,74.15128326416016,32.77450180053711,55.92576217651367,35.927730560302734,74.68586730957031,50.69926452636719,18.591371536254883,56.024295806884766,51.842777252197266
2015-11-10,26.256542205810547,74.16654205322266,32.98400115966797,56.34585952758789,36.09773254394531,75.13762664794922,50.91743469238281,18.608287811279297,56.29920959472656,52.095794677734375
2015-11-11,26.108135223388672,74.54071807861328,33.662498474121094,55.941322326660156,36.44864273071289,75.44129943847656,50.669158935546875,18.743619918823242,56.44038391113281,51.633995056152344
2015-11-12,26.020437240600586,74.33455657958984,33.279998779296875,53.413047790527344,36.24196243286133,74.26366424560547,49.65351867675781,18.933462142944336,55.474464416503906,50.235923767089844
2015-11-13,25.260419845581055,73.59388732910156,32.11750030517578,54.16764450073242,35.53668212890625,73.9748306274414,49.3224983215332,18.877073287963867,54.95435333251953,49.40718460083008
2015-11-16,25.674156188964844,74.86905670166016,32.390499114990234,54.758888244628906,36.129459381103516,74.96728515625,50.03719711303711,19.19473648071289,55.95001220703125,51.178504943847656
2015-11-17,25.563983917236328,75.09811401367188,32.165000915527344,53.980934143066406,35.948055267333984,75.17464447021484,49.75132369995117,18.937217712402344,55.77909851074219,50.58386993408203
2015-11-18,26.373472213745117,76.0984115600586,33.176998138427734,54.70440673828125,36.6766357421875,76.04120635986328,50.7443962097168,18.739864349365234,56.39579772949219,51.07729721069336
2015-11-19,26.708505630493164,76.07550048828125,33.063499450683594,54.471031188964844,36.59782791137695,75.90789031982422,50.90238571166992,18.982336044311523,56.63358688354492,50.798946380615234
2015-11-20,26.825428009033203,76.7322006225586,33.42250061035156,55.342315673828125,37.49938201904297,76.46000671386719,50.81210708618164,18.98797035217285,56.33637237548828,50.4763069152832
2015-11-23,26.476896286010742,76.31219482421875,33.949501037597656,55.24897384643555,37.46864700317383,76.6763687133789,50.31557083129883,18.88835334777832,56.447837829589844,50.786293029785156
2015-11-24,26.730995178222656,75.79299926757812,33.557498931884766,55.54457092285156,37.08702087402344,76.13172912597656,50.24033737182617,18.829639434814453,56.80447006225586,51.79848098754883
2015-11-25,26.53985595703125,75.66317749023438,33.766998291015625,55.61458969116211,37.08057403564453,76.07200622558594,50.30052185058594,18.7292423248291,56.39579772949219,51.399906158447266
2015-11-27,26.490392684936523,76.11370086669922,33.66299819946289,55.404537200927734,37.185150146484375,76.37792205810547,50.533748626708984,18.822057723999023,56.247222900390625,51.38726043701172
2015-11-30,26.600570678710938,75.88462829589844,33.2400016784668,56.517005920410156,36.80549621582031,75.53483581542969,50.165103912353516,18.91487693786621,55.60821533203125,51.6593132019043
2015-12-01,26.384706497192383,77.25142669677734,33.952999114990234,55.669044494628906,38.016815185546875,76.37049102783203,50.86476135253906,19.049352645874023,56.425537109375,51.804805755615234
2015-12-02,26.1463623046875,75.94570922851562,33.800498962402344,55.256752014160156,37.785850524902344,76.13916015625,50.15007019042969,18.5606746673584,56.31409454345703,50.32447814941406
2015-12-03,25.903522491455078,74.74687194824219,33.3125,54.17543029785156,37.29815673828125,75.19908905029297,49.50305938720703,18.263286590576172,56.27693176269531,49.60331726074219
2015-12-04,26.764720916748047,74.48725891113281,33.63199996948242,54.43992233276367,38.00541687011719,76.8106689453125,51.07542037963867,18.589080810546875,57.82985305786133,49.88798904418945
2015-12-07,26.596071243286133,74.59416961669922,33.49150085449219,53.179664611816406,37.82896423339844,77.08670806884766,50.40584945678711,18.670522689819336,58.231136322021484,48.58479690551758
2015-12-08,26.584829330444336,73.97563934326172,33.86650085449219,51.76382827758789,37.78535842895508,76.41522979736328,49.623435974121094,18.81637954711914,57.77042770385742,47.2120246887207
2015-12-09,25.997957229614258,72.95246124267578,33.239498138427734,51.273719787597656,37.25205993652344,76.21379089355469,49.24728775024414,18.706518173217773,57.7332649230957,47.84463119506836
2015-12-10,26.121618270874023,72.59357452392578,33.11600112915039,51.639347076416016,37.1454963684082,76.57939910888672,49.36012649536133,18.486801147460938,57.80015182495117,47.88259506225586
2015-12-11,25.44930648803711,71.53221130371094,32.00749969482422,50.90031051635742,36.62062454223633,75.8631362915039,48.2015266418457,18.450807571411133,57.79271697998047,47.028564453125
2015-12-14,25.29190444946289,72.18465423583984,32.89550018310547,51.43708801269531,37.06174087524414,76.21379089355469,48.351993560791016,18.558773040771484,58.171661376953125,48.097686767578125
2015-12-15,24.84443473815918,73.38980102539062,32.93199920654297,51.92717361450195,36.845149993896484,77.69105529785156,49.728759765625,18.698938369750977,59.204437255859375,50.248565673828125
2015-12-16,25.035560607910156,74.84052276611328,33.78850173950195,52.68177795410156,37.5732307434082,78.52669525146484,50.80457305908203,19.63275718688965,60.17782211303711,50.071441650390625
2015-12-17,24.50490951538086,73.75823974609375,33.532501220703125,50.487998962402344,37.144012451171875,77.32550811767578,49.86417007446289,19.587289810180664,59.65769958496094,49.3186149597168
2015-12-18,23.84157371520996,72.614501953125,33.207000732421875,50.651371002197266,36.64244079589844,76.06458282470703,48.44980239868164,19.34105110168457,58.05276870727539,48.8884391784668
2015-12-21,24.133888244628906,73.35142517089844,33.22549819946289,50.752506256103516,37.06174087524414,75.78853607177734,49.307456970214844,19.377042770385742,58.66203689575195,48.87579345703125
2015-12-22,24.111406326293945,74.01152038574219,33.157501220703125,53.21855163574219,37.172264099121094,76.63160705566406,49.412776947021484,19.492582321166992,59.145042419433594,49.12250900268555
2015-12-23,24.42169761657715,75.60814666748047,33.185001373291016,54.36991500854492,37.187625885009766,77.21354675292969,50.202728271484375,19.695261001586914,59.382774353027344,50.7293815612793
2015-12-24,24.29128646850586,75.33177185058594,33.13949966430664,53.9731559753418,37.092960357666016,77.38517761230469,50.104923248291016,19.685789108276367,59.28617858886719,50.185302734375
2015-12-28,24.019216537475586,75.50836944580078,33.7599983215332,53.35082244873047,37.792293548583984,77.01213073730469,49.93939971923828,19.697154998779297,59.382774353027344,49.81205749511719
2015-12-29,24.450942993164062,76.30664825439453,34.69850158691406,53.82535934448242,38.49064636230469,77.6164321899414,50.45851135253906,19.822158813476562,59.7097282409668,50.0777587890625
2015-12-30,24.131649017333984,75.30108642578125,34.45349884033203,53.43638610839844,38.21308898925781,77.42992401123047,50.09739303588867,19.871416091918945,59.49424362182617,49.41352844238281
2015-12-31,23.66844367980957,74.4183578491211,33.794498443603516,52.86848449707031,37.61238479614258,76.63906860351562,49.676090240478516,19.678213119506836,59.00387191772461,49.312286376953125
2016-01-04,23.68867301940918,74.22647094726562,31.84950065612793,52.89181900024414,36.76782989501953,74.96781158447266,48.18406677246094,19.617597579956055,58.231136322021484,49.002323150634766
2016-01-05,23.09505271911621,75.69257354736328,31.68950080871582,52.339500427246094,36.80450439453125,75.28115844726562,48.26738357543945,19.808908462524414,58.41685104370117,49.41984939575195
2016-01-06,22.643089294433594,75.42393493652344,31.63249969482422,51.5148811340332,36.856056213378906,74.90066528320312,47.57061004638672,19.7445011138916,57.85215377807617,49.00865173339844
2016-01-07,21.687448501586914,73.54331970214844,30.39699935913086,49.74118423461914,36.00208282470703,74.0277099609375,45.64686584472656,19.83163833618164,57.346893310546875,48.22420120239258
2016-01-08,21.802120208740234,72.33051300048828,30.352500915527344,49.235530853271484,35.41128158569336,73.23687744140625,44.624420166015625,19.920658111572266,56.447837829589844,47.249977111816406
2016-01-11,22.1551456451416,72.52239990234375,30.886999130249023,47.81968688964844,35.48860168457031,72.79668426513672,44.55624008178711,19.998315811157227,56.96794891357422,46.61737823486328
2016-01-12,22.476699829101562,72.52239990234375,30.894500732421875,47.92081069946289,35.98622512817383,73.29654693603516,44.65470504760742,19.960437774658203,56.84906005859375,47.57260513305664
2016-01-13,21.898813247680664,70.73391723632812,29.090499877929688,47.36847686767578,34.72187042236328,72.38629913330078,43.427764892578125,19.816484451293945,56.35866928100586,47.85728073120117
2016-01-14,22.377758026123047,70.77995300292969,29.649999618530273,48.4420280456543,35.423675537109375,73.78150939941406,44.079097747802734,20.019153594970703,56.581573486328125,50.05246353149414
2016-01-15,21.840351104736328,67.84774017333984,28.509000778198242,47.158111572265625,34.419036865234375,72.37139892578125,43.200557708740234,19.937707901000977,55.71221160888672,49.07823181152344
2016-01-19,21.73467254638672,69.78208923339844,28.724000930786133,46.496482849121094,34.7828254699707,72.74446105957031,43.17782974243164,20.420711517333984,57.01253890991211,48.33175277709961
2016-01-20,21.763896942138672,68.31597900390625,28.588499069213867,46.32318878173828,34.61729049682617,71.43878173828125,42.04176330566406,19.947175979614258,56.83489990234375,46.29472351074219
2016-01-21,21.653722763061523,69.09892272949219,28.750999450683594,47.01633834838867,35.02073287963867,71.58052825927734,41.84485626220703,19.89604377746582,57.5019416809082,46.876731872558594
2016-01-22,22.80498695373535,71.57826232910156,29.819000244140625,48.03243637084961,35.945587158203125,72.18485260009766,43.13239669799805,20.191518783569336,57.981651306152344,48.43930435180664
2016-01-25,22.359771728515625,69.94327545166016,29.826499938964844,45.614288330078125,35.27251434326172,71.92372131347656,42.15537643432617,20.15743064880371,57.599403381347656,46.80082702636719
2016-01-26,22.48343849182129,70.97954559326172,30.0625,46.598873138427734,35.34040832519531,75.49007415771484,43.23084259033203,20.183944702148438,59.06840515136719,48.52153015136719
2016-01-27,21.006126403808594,71.01024627685547,29.167499542236328,45.937225341796875,34.69361114501953,76.22125244140625,43.200557708740234,20.216148376464844,59.0609130859375,47.62955093383789
2016-01-28,21.156787872314453,71.01024627685547,31.767499923706055,48.11121368408203,36.228580474853516,76.30331420898438,43.3823127746582,20.51352882385254,59.825416564941406,48.70499038696289
2016-01-29,21.88756561279297,72.4149169921875,29.350000381469727,49.02490997314453,36.82284164428711,77.9223403930664,45.063690185546875,21.159421920776367,61.22699737548828,49.24903869628906
2016-02-01,21.682950973510742,71.46314239501953,28.74049949645996,49.387245178222656,37.27138900756836,77.87013244628906,44.57897186279297,21.39999008178711,60.79978561401367,48.26216506958008
2016-02-02,21.244483947753906,70.1198501586914,27.604999542236328,47.78826904296875,37.898353576660156,77.15386199951172,43.19297409057617,21.576135635375977,60.125213623046875,47.18671798706055
2016-02-03,21.66496467590332,69.45967864990234,26.553499221801758,49.836219787597656,36.02983474731445,77.6985092163086,43.48078155517578,21.73524284362793,60.7847900390625,49.647586822509766
2016-02-04,21.83903694152832,69.92024993896484,26.812999725341797,51.955055236816406,35.09111022949219,77.51949310302734,44.23057556152344,21.502269744873047,60.48499298095703,50.501625061035156
2016-02-05,21.25575828552246,68.19316864013672,25.10650062561035,52.08110046386719,33.879791259765625,75.01256561279297,43.73828887939453,21.519319534301758,60.859737396240234,50.65978240966797
2016-02-08,21.47957420349121,65.56031036376953,24.405000686645508,50.86808395385742,33.838653564453125,76.10187530517578,42.82187271118164,21.625383377075195,61.92403030395508,51.34299850463867
2016-02-09,21.475051879882812,65.6831283569336,24.103500366210938,50.35607147216797,33.60917282104492,76.07949829101562,42.56436538696289,21.848896026611328,61.93901443481445,51.11957550048828
2016-02-10,21.312278747558594,65.89038848876953,24.52400016784668,48.94613265991211,33.90705108642578,75.90042877197266,42.04935073852539,21.543941497802734,61.17452621459961,50.653560638427734
2016-02-11,21.18341827392578,64.21704864501953,25.19099998474121,48.37113952636719,33.856990814208984,75.87805938720703,40.193790435791016,21.19541358947754,59.885379791259766,50.81315231323242
2016-02-12,21.248981475830078,65.75990295410156,25.354000091552734,49.741695404052734,33.821807861328125,75.96756744384766,43.541378021240234,21.1518497467041,60.70233917236328,51.72602081298828
2016-02-16,21.84808349609375,66.35861206054688,26.05500030517578,51.364295959472656,34.248043060302734,76.34062957763672,44.19270324707031,21.280651092529297,61.06209182739258,51.84729766845703
2016-02-17,22.182676315307617,66.15902709960938,26.704999923706055,52.97903823852539,35.110435485839844,76.47492980957031,44.510799407958984,21.10639190673828,61.79661560058594,52.34521484375
2016-02-18,21.76218032836914,67.16458129882812,26.25,52.08110046386719,34.562767028808594,77.77311706542969,43.78372573852539,21.65569496154785,61.444358825683594,52.63246154785156
2016-02-19,21.712432861328125,67.02643585205078,26.7450008392334,51.52972412109375,34.73920822143555,78.2766342163086,43.79132080078125,21.73524284362793,61.30195236206055,52.66439437866211
2016-02-22,21.902341842651367,68.50020599365234,27.975000381469727,53.01842498779297,35.0142936706543,78.72003173828125,44.35933303833008,21.915184020996094,61.55678176879883,52.59418869018555
2016-02-23,21.407228469848633,67.5637435913086,27.64699935913086,51.81328582763672,34.488426208496094,78.21652221679688,42.50376510620117,21.99474334716797,61.316925048828125,51.85367965698242
2016-02-24,21.726003646850586,68.33901977539062,27.70199966430664,51.89204788208008,34.672306060791016,78.87783813476562,42.51891326904297,22.13787269592285,61.129539489746094,52.0388069152832
2016-02-25,21.875213623046875,68.63835144042969,27.75749969482422,52.35677719116211,34.979095458984375,79.94497680664062,43.17782974243164,22.10733985900879,61.71416473388672,52.35159683227539
2016-02-26,21.909120559692383,69.09125518798828,27.761499404907227,52.67185592651367,34.945396423339844,79.49407958984375,43.57923889160156,21.473739624023438,60.7847900390625,52.185630798339844
2016-02-29,21.859390258789062,70.77227783203125,27.625999450683594,53.325618743896484,34.58358383178711,79.06572723388672,42.64010238647461,21.530994415283203,60.177677154541016,51.16423797607422
2016-03-01,22.727521896362305,72.69126892089844,28.95199966430664,54.42049789428711,35.62638854980469,80.57621765136719,44.83648681640625,21.489009857177734,60.88222122192383,51.88560104370117
2016-03-02,22.77726173400879,72.6298599243164,29.010499954223633,54.64891815185547,35.62837600708008,80.44097137451172,45.26061248779297,21.443206787109375,61.87155532836914,52.792057037353516
2016-03-03,22.946815490722656,73.15184020996094,28.874500274658203,56.51569747924805,35.3096809387207,80.14789581298828,45.412071228027344,21.301977157592773,62.08891677856445,52.600563049316406
2016-03-04,23.28818702697754,73.6430892944336,28.756999969482422,57.3742561340332,35.233848571777344,80.03514862060547,45.48024368286133,21.811532974243164,62.576087951660156,52.53032684326172
2016-03-07,23.030466079711914,73.3821029663086,28.139999389648438,58.894474029541016,34.454227447509766,80.21553039550781,45.39692687988281,21.842065811157227,62.28379440307617,53.91557312011719
2016-03-08,22.84055519104004,72.614501953125,28.01300048828125,56.49994659423828,34.39524459838867,79.82476043701172,44.51838302612305,22.032909393310547,62.253807067871094,52.74738311767578
2016-03-09,22.86090850830078,72.614501953125,27.973499298095703,56.6102409362793,34.95382308959961,80.2906723022461,44.77588653564453,22.18749237060547,62.178863525390625,52.600563049316406
2016-03-10,22.872215270996094,72.69893646240234,27.946500778198242,56.20852279663086,35.329505920410156,80.51612091064453,44.38962936401367,22.078712463378906,61.66918182373047,52.460113525390625
2016-03-11,23.11863136291504,75.57744598388672,28.480499267578125,57.3427619934082,36.02338790893555,80.9444808959961,44.942501068115234,22.1035213470459,61.27196502685547,52.46651077270508
2016-03-14,23.177412033081055,75.27039337158203,28.668500900268555,57.28763961791992,36.20528793334961,80.90691375732422,44.77588653564453,22.10733985900879,60.83724594116211,52.606937408447266
2016-03-15,23.64313316345215,75.53905487060547,28.85099983215332,57.0592041015625,36.098228454589844,80.9820556640625,44.83648681640625,22.061538696289062,60.942176818847656,52.8686637878418
2016-03-16,23.95738410949707,76.61368560791016,28.713499069213867,58.55579376220703,36.48283767700195,80.71903991699219,44.624420166015625,22.351621627807617,60.96467590332031,52.900596618652344
2016-03-17,23.918943405151367,78.1028060913086,27.972000122070312,59.78457260131836,36.56660461425781,80.21553039550781,44.495662689208984,22.58254623413086,62.021480560302734,53.68574905395508
2016-03-18,23.94608497619629,77.15100860595703,27.604000091552734,59.44586181640625,36.55768585205078,80.78665161132812,45.805931091308594,22.614990234375,62.321250915527344,53.74959182739258
2016-03-21,23.943811416625977,77.02052307128906,27.698999404907227,59.77669906616211,36.78022003173828,80.62133026123047,45.790771484375,22.437501907348633,62.44866943359375,53.379364013671875
2016-03-22,24.126935958862305,76.70580291748047,28.02400016784668,59.50885772705078,36.71379852294922,80.69647216796875,45.6241455078125,22.336353302001953,62.01395034790039,53.69852828979492
2016-03-23,23.993553161621094,76.4371337890625,28.48150062561035,58.03593444824219,36.580474853515625,81.53815460205078,45.39692687988281,22.460403442382812,62.073936462402344,53.462337493896484
2016-03-24,23.88956069946289,77.0281982421875,29.147499084472656,59.304080963134766,36.443687438964844,81.39539337158203,45.04854202270508,22.611169815063477,62.12639617919922,53.6091423034668
2016-03-28,23.781042098999023,76.94371795654297,28.993499755859375,59.327720642089844,36.355953216552734,81.33525085449219,44.98794937133789,22.439411163330078,61.92403030395508,53.76235580444336
2016-03-29,24.343978881835938,78.2332992553711,29.69300079345703,59.87119674682617,36.91305160522461,82.01913452148438,44.70771789550781,22.712312698364258,62.0589485168457,53.960235595703125
2016-03-30,24.76900291442871,78.5326919555664,29.934499740600586,60.265037536621094,37.19852828979492,81.89888000488281,45.22273635864258,22.614990234375,61.968994140625,53.95386505126953
2016-03-31,24.64013671875,78.57872772216797,29.68199920654297,60.288639068603516,36.921966552734375,81.3127212524414,44.85163116455078,22.584447860717773,61.691680908203125,53.360198974609375
2016-04-01,24.866207122802734,80.21369934082031,29.924999237060547,60.485595703125,37.16779708862305,82.05672454833984,45.34392547607422,22.655059814453125,62.6060791015625,52.958030700683594
2016-04-04,25.121679306030273,80.36722564697266,29.659500122070312,59.64277648925781,36.93882369995117,81.6058120727539,45.16844177246094,22.656967163085938,62.366241455078125,53.085716247558594
2016-04-05,24.82551383972168,79.82990264892578,29.30699920654297,59.26469421386719,36.56759262084961,81.87633514404297,44.52752685546875,22.20466423034668,62.32877731323242,52.47926330566406
2016-04-06,25.08550262451172,81.13481140136719,30.104000091552734,59.24894332885742,36.958648681640625,82.22954559326172,44.870872497558594,22.273374557495117,62.81592559814453,53.181453704833984
2016-04-07,24.53839874267578,80.59749603271484,29.571500778198242,58.4218864440918,36.69050216674805,82.1168212890625,43.73403549194336,22.17413902282715,62.38873291015625,52.58142852783203
2016-04-08,24.56552505493164,81.53854370117188,29.729999542236328,58.56367874145508,36.63450241088867,81.98908233642578,44.05448913574219,22.29245948791504,62.358760833740234,53.11762619018555
2016-04-11,24.646907806396484,81.76995849609375,29.796499252319336,58.78421401977539,36.48333740234375,81.89140319824219,44.40544509887695,22.181764602661133,62.0064811706543,53.187835693359375
2016-04-12,24.967941284179688,81.89337158203125,30.15850067138672,59.942073822021484,36.82978057861328,82.36480712890625,45.22947311401367,22.3382625579834,62.08142852783203,53.84535217285156
2016-04-13,25.329668045043945,81.93963623046875,30.740999221801758,62.32872772216797,37.25750732421875,82.56773376464844,47.14455032348633,22.22947883605957,61.80410385131836,54.151756286621094
2016-04-14,25.343233108520508,81.14512634277344,31.037500381469727,62.2657470703125,37.33086013793945,82.54518127441406,47.754940032958984,22.16650390625,61.97035217285156,54.534767150878906
2016-04-15,24.834558486938477,81.59251403808594,31.29450035095215,62.3602409362793,37.61832809448242,82.80070495605469,47.20559310913086,22.410785675048828,62.18949508666992,54.24114990234375
2016-04-18,24.29875946044922,81.40742492675781,31.767499923706055,62.423255920410156,37.99551010131836,83.36434936523438,47.51078414916992,22.475671768188477,62.58998107910156,54.758182525634766
2016-04-19,24.16989517211914,81.37657165527344,31.395000457763672,63.321224212646484,37.367042541503906,84.6794662475586,48.31192398071289,22.538646697998047,62.929988861083984,55.032676696777344
2016-04-20,24.219629287719727,80.85205841064453,31.649499893188477,62.80923843383789,37.30459976196289,85.35580444335938,49.01386260986328,22.044361114501953,61.62274932861328,55.409324645996094
2016-04-21,23.95738410949707,79.11654663085938,31.549999237060547,62.56268310546875,37.62527084350586,85.34829711914062,48.525543212890625,21.548168182373047,61.056034088134766,55.402931213378906
2016-04-22,23.891820907592773,80.36610412597656,31.024999618530273,62.292232513427734,35.62440872192383,85.16041564941406,48.807857513427734,21.84015655517578,61.169368743896484,55.87532424926758
2016-04-25,23.75617027282715,80.3583984375,31.309999465942383,61.07536315917969,35.84150314331055,85.30317687988281,48.525543212890625,21.845882415771484,61.51695251464844,55.74766159057617
2016-04-26,23.591142654418945,80.81346893310547,30.8439998626709,61.75935745239258,35.09754943847656,84.85228729248047,48.77732849121094,22.046266555786133,60.111480712890625,55.93915557861328
2016-04-27,22.114852905273438,80.59749603271484,30.328500747680664,62.57857131958008,34.983558654785156,84.74706268310547,48.91466522216797,22.307729721069336,60.36839294433594,56.468994140625
2016-04-28,21.438880920410156,80.31983184814453,30.100000381469727,61.83888244628906,34.24903106689453,84.52915954589844,48.525543212890625,22.227571487426758,60.27016067504883,56.19449234008789
2016-04-29,21.192461013793945,80.89834594726562,32.97949981689453,61.81504821777344,34.34767150878906,84.22856140136719,48.22035598754883,22.439411163330078,60.542198181152344,56.43069076538086
2016-05-02,21.16984748840332,81.38426208496094,34.192501068115234,61.910465240478516,34.60539627075195,84.7320327758789,48.6705207824707,22.53101348876953,61.184505462646484,56.8967170715332
2016-05-03,21.51801300048828,80.34296417236328,33.566001892089844,60.73332977294922,34.31544876098633,84.68696594238281,47.7320442199707,22.59971809387207,61.2827033996582,56.24556350708008
2016-05-04,21.29419708251953,81.38426208496094,33.54499816894531,59.04720687866211,34.480995178222656,84.3337631225586,46.9766960144043,22.798194885253906,61.660552978515625,56.13703536987305
2016-05-05,21.2077579498291,82.0013427734375,32.954498291015625,57.89393997192383,34.76498794555664,84.82974243164062,46.724918365478516,22.681772232055664,61.43383026123047,56.20087432861328
2016-05-06,21.0894832611084,82.20186614990234,33.6974983215332,58.3473014831543,35.24525833129883,84.72456359863281,46.99958038330078,22.61307716369629,62.06101989746094,56.50091552734375
2016-05-09,21.105409622192383,82.26360321044922,33.98749923706055,56.29528045654297,35.33348083496094,85.46100616455078,46.702022552490234,22.689409255981445,62.0534782409668,56.539207458496094
2016-05-10,21.248699188232422,82.67241668701172,35.153499603271484,57.67124557495117,35.842979431152344,86.17494201660156,47.335296630859375,22.82491111755371,62.32549285888672,57.44568634033203
2016-05-11,21.041719436645508,81.55396270751953,35.6614990234375,57.607608795166016,35.45193099975586,85.94947814941406,47.15980911254883,22.84208869934082,62.07613754272461,57.16889190673828
2016-05-12,20.548137664794922,82.19418334960938,35.89649963378906,57.02699661254883,35.353797912597656,85.8442611694336,47.129295349121094,23.1207218170166,62.27259826660156,57.72248458862305
2016-05-13,20.589094161987305,81.53081512451172,35.49599838256836,55.73056411743164,35.23087692260742,85.34078216552734,46.694393157958984,23.046293258666992,61.380958557128906,57.072330474853516
2016-05-16,21.35333251953125,82.13247680664062,35.53300094604492,56.23163604736328,35.511409759521484,86.00212097167969,47.04536819458008,23.18370246887207,61.68319320678711,57.658111572265625
2016-05-17,21.26462745666504,81.2685546875,34.76350021362305,56.510047912597656,35.00288772583008,85.54367065429688,47.04536819458008,22.859268188476562,60.92000961303711,57.632362365722656
2016-05-18,21.50799560546875,80.64378356933594,34.872501373291016,56.14415740966797,35.02271270751953,85.36331939697266,48.861263275146484,22.52338218688965,60.33817672729492,57.516483306884766
2016-05-19,21.426116943359375,80.04215240478516,34.92599868774414,55.22152328491211,34.709964752197266,84.80720520019531,48.36532211303711,22.597810745239258,60.5950813293457,58.005714416503906
2016-05-20,21.65812110900879,80.22725677490234,35.13999938964844,55.57148742675781,35.176856994628906,85.25377655029297,48.45687484741211,22.773386001586914,60.46661376953125,57.767555236816406
2016-05-23,21.9333438873291,80.34296417236328,34.837501525878906,55.99303436279297,34.904258728027344,84.89047241210938,48.41872787475586,22.517656326293945,60.602638244628906,57.677406311035156
2016-05-24,22.267698287963867,81.22228240966797,35.209999084472656,56.541847229003906,35.68983459472656,85.29161071777344,49.24275588989258,22.880258560180664,61.184505462646484,57.72248458862305
2016-05-25,22.658918380737305,81.89337158203125,35.41749954223633,57.718955993652344,35.94656753540039,85.79114532470703,49.9904670715332,22.729494094848633,61.56985092163086,58.1022834777832
2016-05-26,22.83860206604004,81.22228240966797,35.74549865722656,57.32923889160156,35.88956832885742,85.4505615234375,49.616615295410156,23.035171508789062,61.373390197753906,57.80617141723633
2016-05-27,22.8249568939209,81.80852508544922,35.61199951171875,57.233795166015625,36.31283950805664,85.57167053222656,49.92180252075195,23.03901481628418,61.53207778930664,57.94133758544922
2016-05-31,22.7135066986084,81.59251403808594,36.13949966430664,57.67124557495117,36.46450424194336,85.29161071777344,49.799720764160156,23.092838287353516,61.23735427856445,57.30406951904297
2016-06-01,22.39507293701172,81.35340881347656,35.97200012207031,57.48033905029297,36.386688232421875,85.35973358154297,50.12017822265625,23.098608016967773,61.80409622192383,57.4456787109375
2016-06-02,22.22675323486328,82.19418334960938,36.4119987487793,58.554073333740234,36.200828552246094,86.65396881103516,50.21174621582031,23.03324317932129,61.92500305175781,56.98863220214844
2016-06-03,22.272247314453125,82.51042938232422,36.277000427246094,59.68347930908203,35.80134582519531,86.85832977294922,49.31904220581055,23.415821075439453,62.31793975830078,56.885658264160156
2016-06-06,22.433740615844727,82.68783569335938,36.33649826049805,60.78105545043945,35.51437759399414,87.62276458740234,49.8073616027832,23.406198501586914,62.54465103149414,57.51005172729492
2016-06-07,22.52471351623535,83.20462036132812,36.1870002746582,61.09125900268555,35.51933670043945,87.59248352050781,49.639495849609375,23.283159255981445,62.20463180541992,58.39196014404297
2016-06-08,22.504249572753906,82.96556091308594,36.332000732421875,62.12523651123047,36.095760345458984,87.64546966552734,49.78447341918945,23.631135940551758,62.45395278930664,58.44344711303711
2016-06-09,22.665740966796875,84.1302261352539,36.38249969482422,61.36964416503906,36.11061477661133,88.55371856689453,49.40296173095703,23.834915161132812,62.846885681152344,58.36620330810547
2016-06-10,22.479228973388672,83.91427612304688,35.89550018310547,60.47088623046875,35.656131744384766,88.561279296875,48.70866012573242,23.806076049804688,62.86956787109375,57.92203140258789
2016-06-13,22.14031982421875,84.02228546142578,35.762001037597656,59.83458709716797,35.60409164428711,88.39476013183594,48.27376174926758,23.75994110107422,62.39352035522461,58.314693450927734
2016-06-14,22.16761589050293,83.00408172607422,35.96500015258789,59.54033660888672,35.59963607788086,88.64453887939453,47.365821838378906,24.027162551879883,62.982913970947266,58.21169662475586
2016-06-15,22.094831466674805,83.120361328125,35.7130012512207,59.707332611083984,35.6318473815918,88.10716247558594,47.28188705444336,23.808000564575195,62.680641174316406,58.037899017333984
2016-06-16,22.18808937072754,83.47694396972656,35.8754997253418,59.64373779296875,35.207584381103516,88.28125762939453,47.4726448059082,24.002178192138672,63.02825164794922,58.72024917602539
2016-06-17,21.683143615722656,82.89556884765625,35.31949996948242,60.391353607177734,34.28373336791992,87.40328216552734,47.518409729003906,24.05023193359375,62.8166618347168,58.39838409423828
2016-06-20,21.630823135375977,83.26764678955078,35.70050048828125,60.78900909423828,34.38235855102539,88.20555877685547,47.587074279785156,23.884899139404297,62.74867248535156,58.65587615966797
2016-06-21,21.8150577545166,84.83345794677734,35.79100036621094,60.836734771728516,34.49288558959961,87.93309783935547,48.02960968017578,23.89067268371582,63.02825164794922,58.919795989990234
2016-06-22,21.733177185058594,84.80247497558594,35.529998779296875,60.78900909423828,34.56821823120117,88.14501190185547,47.84649658203125,23.769550323486328,63.14915084838867,58.688053131103516
2016-06-23,21.858280181884766,86.40705108642578,36.104000091552734,62.21274185180664,34.78679656982422,88.8413314819336,48.868892669677734,23.802234649658203,63.63275146484375,59.093605041503906
2016-06-24,21.24415397644043,83.92650604248047,34.948001861572266,58.084808349609375,33.46595001220703,87.51679229736328,45.47362518310547,23.800315856933594,62.15924835205078,57.542236328125
2016-06-27,20.934810638427734,84.4071273803711,34.56800079345703,56.77247619628906,33.12097930908203,88.213134765625,43.95528793334961,24.584680557250977,61.380958557128906,57.20105743408203
2016-06-28,21.287370681762695,85.88770294189453,35.397499084472656,57.679195404052734,33.704833984375,89.48464965820312,45.4125862121582,24.696191787719727,62.310401916503906,58.52069091796875
2016-06-29,21.471609115600586,87.59300994873047,35.779998779296875,59.03926086425781,33.90655517578125,90.31723022460938,46.694393157958984,24.5596981048584,63.406063079833984,59.518470764160156
2016-06-30,21.744544982910156,88.06587982177734,35.78099822998047,60.2958984375,34.30255889892578,91.80825805664062,47.41158676147461,25.06914520263672,63.98038864135742,60.342445373535156
2016-07-01,21.810514450073242,88.05815887451172,36.284000396728516,60.8049430847168,34.65496063232422,91.8006820678711,47.104034423828125,24.94034194946289,64.0634994506836,60.40678787231445
2016-07-05,21.60580062866211,88.23641967773438,36.404998779296875,59.158546447753906,34.44382095336914,92.54242706298828,45.78916549682617,25.15951156616211,64.56219482421875,59.87893295288086
2016-07-06,21.728626251220703,87.1279525756836,36.88050079345703,59.51645278930664,34.58358383178711,92.82247161865234,46.281280517578125,25.16335678100586,64.25240325927734,60.56772232055664
2016-07-07,21.821884155273438,86.97290802001953,36.82849884033203,59.691444396972656,34.464141845703125,92.72406768798828,46.58116149902344,24.671199798583984,64.10128021240234,59.840328216552734
2016-07-08,21.990201950073242,88.10462951660156,37.29050064086914,61.536678314208984,34.973148345947266,92.98141479492188,47.54231643676758,24.978790283203125,64.81156921386719,60.21368408203125
2016-07-11,22.058439254760742,88.88756561279297,37.68899917602539,61.8786735534668,35.442020416259766,93.04193878173828,47.88064193725586,24.932653427124023,64.79644012451172,60.43899154663086
2016-07-12,22.158519744873047,89.99602508544922,37.410499572753906,63.46939468383789,35.71709442138672,93.03437042236328,48.59572982788086,24.47895050048828,64.79644012451172,61.12134552001953
2016-07-13,22.033422470092773,89.92625427246094,37.131500244140625,63.38188171386719,35.53569412231445,93.09494018554688,48.56496810913086,24.640432357788086,64.9022445678711,61.07626724243164
2016-07-14,22.470129013061523,90.69367218017578,37.060001373291016,63.6761474609375,35.73245620727539,93.23115539550781,49.30315017700195,24.461647033691406,64.8871078491211,61.12134552001953
2016-07-15,22.46785545349121,90.55413818359375,36.77199935913086,64.1851806640625,35.67793655395508,93.09494018554688,49.34926223754883,24.527015686035156,64.99291229248047,61.230751037597656
2016-07-18,22.706682205200195,90.15106201171875,36.80350112915039,64.09686279296875,36.36834716796875,93.2009048461914,49.18011474609375,24.65581512451172,64.93247985839844,61.03765106201172
2016-07-19,22.715784072875977,90.9804916381836,36.997501373291016,64.03263854980469,36.52595520019531,94.79789733886719,49.103214263916016,24.625057220458984,65.11382293701172,60.81232833862305
2016-07-20,22.736248016357422,91.25953674316406,37.2859992980957,63.992462158203125,36.735618591308594,94.7146224975586,49.15704345703125,24.455873489379883,64.97673034667969,60.46472930908203
2016-07-21,22.615697860717773,91.1200180053711,37.221500396728516,64.24942016601562,36.608734130859375,94.72220611572266,48.972503662109375,24.657739639282227,64.9310531616211,60.413238525390625
2016-07-22,22.4405574798584,91.34479522705078,37.24300003051758,63.7435302734375,36.81243896484375,94.63138580322266,49.24162673950195,24.955720901489258,65.28138732910156,60.51622772216797
2016-07-25,22.14031982421875,90.59288787841797,36.980499267578125,63.189449310302734,36.66522979736328,94.52542114257812,49.110904693603516,24.894203186035156,65.3423080444336,59.3510856628418
2016-07-26,21.987930297851562,90.67041015625,36.77949905395508,66.44969940185547,36.59832763671875,94.72220611572266,49.31082534790039,24.6904239654541,64.93865966796875,58.919795989990234
2016-07-27,23.41634178161621,91.16651916503906,36.833499908447266,67.53376770019531,36.76435470581055,94.43460083007812,49.464603424072266,24.44818687438965,64.32181549072266,58.52069091796875
2016-07-28,23.732494354248047,90.42237091064453,37.63050079345703,66.58625030517578,36.96955490112305,94.19995880126953,49.28776550292969,24.49625015258789,64.58834838867188,58.063636779785156
2016-07-29,23.70292854309082,89.7402114868164,37.94049835205078,66.4577407836914,38.10354995727539,94.7827377319336,49.187808990478516,24.66350555419922,65.182373046875,57.258995056152344
2016-08-01,24.12143898010254,90.72468566894531,38.387001037597656,65.80728912353516,38.3062629699707,94.91142272949219,49.05708312988281,24.703880310058594,65.80686950683594,55.269901275634766
2016-08-02,23.764339447021484,90.49212646484375,38.02899932861328,65.23716735839844,38.21656036376953,94.49513244628906,48.94174575805664,24.536619186401367,66.07341766357422,56.02949142456055
2016-08-03,24.062305450439453,89.70921325683594,37.731998443603516,65.87152862548828,38.32113265991211,93.77613067626953,49.71835708618164,24.625057220458984,65.47174835205078,56.31916046142578
2016-08-04,24.210956573486328,90.24407958984375,38.03850173950195,65.66276550292969,38.24332046508789,93.745849609375,49.64146423339844,24.502017974853516,65.53272247314453,56.312740325927734
2016-08-05,24.579132080078125,90.36811828613281,38.29899978637695,66.29712677001953,38.76918029785156,94.033447265625,50.97938537597656,24.221332550048828,65.32707214355469,56.364219665527344
2016-08-08,24.782663345336914,89.70921325683594,38.327999114990234,67.00379943847656,38.74638748168945,93.58690643310547,50.82559585571289,24.221332550048828,65.31182861328125,57.027252197265625
2016-08-09,24.883285522460938,89.85649871826172,38.41550064086914,66.51392364501953,38.870296478271484,93.42037963867188,50.648746490478516,24.23671531677246,65.48700714111328,57.09806823730469
2016-08-10,24.698047637939453,90.10454559326172,38.428001403808594,66.36940002441406,38.891109466552734,93.36738586425781,50.19509506225586,24.294391632080078,65.73067474365234,56.0982666015625
2016-08-11,24.682035446166992,89.833251953125,38.5620002746582,66.84318542480469,38.8995361328125,93.67772674560547,50.33349609375,24.419347763061523,66.0505599975586,56.299556732177734
2016-08-12,24.739208221435547,90.30609893798828,38.62799835205078,66.65045928955078,38.81874465942383,93.26140594482422,50.225852966308594,24.375133514404297,66.28662109375,57.03314971923828
2016-08-15,25.03650665283203,89.75574493408203,38.42449951171875,67.57394409179688,38.780086517333984,92.57268524169922,50.53340530395508,24.092529296875,66.27140045166016,57.00718688964844
2016-08-16,25.01363182067871,88.46121978759766,38.20199966430664,67.68636322021484,38.51740264892578,91.07408142089844,50.525726318359375,23.836837768554688,65.93632507324219,57.0786018371582
2016-08-17,24.977046966552734,88.80228424072266,38.23149871826172,67.78272247314453,38.654693603515625,91.8158187866211,50.66411590576172,24.184810638427734,66.22569274902344,57.20194625854492
2016-08-18,24.945026397705078,88.63951110839844,38.222999572753906,66.95559692382812,38.535247802734375,91.36927032470703,50.710262298583984,24.407819747924805,66.59123992919922,57.721309661865234
2016-08-19,25.009063720703125,88.06587982177734,37.865501403808594,67.32498931884766,38.432151794433594,91.3692626953125,50.64105224609375,24.046390533447266,66.49226379394531,57.00069046020508
2016-08-22,24.814680099487305,88.84879302978516,37.9739990234375,67.1242446899414,38.27008056640625,90.7673568725586,50.59492111206055,24.038698196411133,66.14193725585938,57.124019622802734
2016-08-23,24.89242935180664,89.31388854980469,38.122501373291016,67.46151733398438,38.26661682128906,91.00355529785156,50.57185363769531,23.89067268371582,66.5608139038086,56.94876480102539
2016-08-24,24.70490837097168,88.8100357055664,37.86249923706055,66.77092742919922,38.14567947387695,90.44734954833984,50.710262298583984,23.867597579956055,66.49226379394531,57.14350128173828
2016-08-25,24.59971046447754,88.56199645996094,37.96099853515625,66.52197265625,38.13428497314453,90.34069061279297,50.802528381347656,23.936803817749023,66.94158935546875,56.77996063232422
2016-08-26,24.455636978149414,87.7713394165039,38.45000076293945,66.37743377685547,38.14073181152344,90.69878387451172,50.917869567871094,23.545740127563477,66.6978988647461,56.65660095214844
2016-08-29,24.428205490112305,88.24417114257812,38.56449890136719,66.73077392578125,38.27008056640625,91.3692626953125,51.47917938232422,23.68512535095215,67.24622344970703,57.02665710449219
2016-08-30,24.240673065185547,87.7635498046875,38.37900161743164,66.23289489746094,38.118412017822266,91.02642822265625,51.90208053588867,23.468297958374023,66.66741180419922,56.818912506103516
2016-08-31,24.2635498046875,87.88760375976562,38.45800018310547,65.80728912353516,38.01731491088867,90.92733001708984,51.90208053588867,23.414091110229492,66.49226379394531,56.572200775146484
2016-09-01,24.407621383666992,88.22869110107422,38.53099822998047,65.40576934814453,38.10306167602539,90.72926330566406,51.679107666015625,23.425703048706055,67.25382995605469,56.377445220947266
2016-09-02,24.63631248474121,89.21312713623047,38.62200164794922,65.59852600097656,38.23588562011719,90.912109375,51.89439392089844,23.83807373046875,67.17005920410156,56.753997802734375
2016-09-06,24.62944221496582,90.8099365234375,39.44350051879883,65.91169738769531,38.66312026977539,91.23975372314453,51.85594177246094,24.256248474121094,67.50514221191406,57.500587463378906
2016-09-07,24.780378341674805,90.56188201904297,39.2239990234375,67.22863006591797,38.6765022277832,91.13308715820312,51.640655517578125,24.21172523498535,66.97967529296875,57.28635025024414
2016-09-08,24.13090705871582,90.11231231689453,39.202999114990234,67.0840835571289,38.42719650268555,91.02642822265625,51.70985794067383,24.273679733276367,66.85021209716797,57.81220626831055
2016-09-09,23.584352493286133,85.41482543945312,38.00699996948242,64.87578582763672,37.65104293823242,90.08161926269531,51.24851608276367,23.398597717285156,65.6773681640625,56.377445220947266
2016-09-12,24.11261749267578,86.25201416015625,38.574501037597656,65.7832260131836,38.114952087402344,90.79021453857422,51.56376647949219,23.869050979614258,67.20814514160156,56.66957092285156
2016-09-13,24.686614990234375,83.80249786376953,38.050498962402344,64.42608642578125,37.652523040771484,89.60924530029297,51.15623474121094,23.53024673461914,66.29428100585938,55.31923294067383
2016-09-14,25.5601863861084,84.0040512084961,38.054500579833984,65.06049346923828,37.79130172729492,89.79971313476562,51.056278228759766,23.6386661529541,66.26378631591797,54.92320251464844
2016-09-15,26.429201126098633,84.55437469482422,38.484500885009766,65.87152862548828,38.25075912475586,90.38642120361328,51.240814208984375,23.760639190673828,67.06344604492188,55.23482894897461
2016-09-16,26.28055191040039,83.71723175048828,38.92599868774414,65.88761138916016,38.108009338378906,90.09687042236328,50.610294342041016,23.87485694885254,67.05583190917969,54.55316162109375
2016-09-19,25.97411346435547,84.64742279052734,38.755001068115234,65.75108337402344,37.950401306152344,89.6473388671875,50.89480209350586,24.149768829345703,67.2995376586914,54.42333221435547
2016-09-20,25.97182273864746,84.22109985351562,39.01100158691406,65.6065444946289,38.2334098815918,89.8682632446289,51.1024284362793,24.21365737915039,67.4594497680664,53.585845947265625
2016-09-21,25.96725082397461,85.3450698852539,39.48699951171875,67.0278549194336,38.471805572509766,90.59973907470703,51.39458465576172,24.749927520751953,66.86541748046875,54.0792350769043
2016-09-22,26.211950302124023,87.03492736816406,40.23500061035156,67.0519790649414,39.01650619506836,91.0187759399414,51.8175048828125,24.786714553833008,67.77169799804688,54.23505783081055
2016-09-23,25.77515983581543,87.5853042602539,40.287498474121094,66.2007827758789,39.00114059448242,90.5235366821289,51.70985794067383,24.538908004760742,66.8349609375,54.17660903930664
2016-09-26,25.81403350830078,87.35273742675781,39.95800018310547,66.14456176757812,38.37218475341797,89.73876953125,50.57954788208008,24.43824005126953,66.90351104736328,53.92341232299805
2016-09-27,25.862056732177734,87.2674789428711,40.80550003051758,66.55410766601562,38.80834197998047,90.8359146118164,51.02552032470703,24.546655654907227,67.29190063476562,54.04029083251953
2016-09-28,26.058727264404297,87.73485565185547,41.43600082397461,69.5333023071289,38.73646926879883,90.96542358398438,51.29464340209961,24.486642837524414,68.12963104248047,56.41640853881836
2016-09-29,25.65395164489746,88.39696502685547,41.45249938964844,70.23995208740234,38.411834716796875,89.3501968383789,50.479583740234375,23.94843101501465,67.19291687011719,56.13072967529297
2016-09-30,25.852909088134766,88.28012084960938,41.865501403808594,71.28387451171875,38.52484130859375,90.00543212890625,51.202354431152344,23.681251525878906,68.35047912597656,56.66309356689453
2016-10-03,25.73170280456543,87.43882751464844,41.83700180053711,70.89038848876953,38.2904052734375,90.5235366821289,51.140846252441406,23.450876235961914,67.52037048339844,56.51377868652344
2016-10-04,25.84147834777832,86.16134643554688,41.701499938964844,70.27206420898438,38.48220443725586,90.53117370605469,51.58231735229492,23.019136428833008,67.28428649902344,55.994407653808594
2016-10-05,25.852909088134766,83.69200134277344,42.21799850463867,71.80581665039062,38.48420333862305,90.80545043945312,52.426536560058594,22.949443817138672,67.6650619506836,56.48133850097656
2016-10-06,26.045007705688477,84.5255355834961,42.08300018310547,71.7014389038086,38.50352096557617,90.47782135009766,52.56595993041992,22.850704193115234,67.94683837890625,56.50730514526367
2016-10-07,26.08388328552246,84.5255355834961,41.971500396728516,71.04296112060547,38.41530990600586,90.85116577148438,52.75182342529297,23.568965911865234,68.54085540771484,56.3125114440918
2016-10-10,26.538972854614258,85.24214935302734,42.08549880981445,70.84222412109375,38.95355987548828,91.27784729003906,53.16231155395508,23.770313262939453,67.82501220703125,57.41618347167969
2016-10-11,26.596139907836914,84.8604507446289,41.54999923706055,70.23995208740234,38.811309814453125,89.63208770751953,52.90673065185547,23.454742431640625,67.4289779663086,56.96171951293945
2016-10-12,26.833972930908203,86.88579559326172,41.704498291015625,70.32830047607422,38.963470458984375,89.88350677490234,52.767333984375,23.80903434753418,67.45182800292969,56.565711975097656
2016-10-13,26.751644134521484,87.78936004638672,41.4640007019043,69.83847045898438,38.5694465637207,90.10448455810547,52.46525955200195,24.12847900390625,67.20052337646484,56.19565963745117
2016-10-14,26.900293350219727,88.29569244384766,41.14799880981445,70.40055084228516,38.5862922668457,89.5711441040039,52.29486846923828,24.012310028076172,67.34520721435547,56.18268585205078
2016-10-17,26.881999969482422,88.28789520263672,40.647499084472656,70.09541320800781,38.65717315673828,90.27973175048828,52.02378845214844,24.018117904663086,66.88825988769531,56.18268585205078
2016-10-18,26.86370277404785,88.91889953613281,40.88249969482422,70.03919982910156,39.41549301147461,87.93302917480469,52.43428421020508,24.221406936645508,66.598876953125,56.33198165893555
2016-10-19,26.783660888671875,89.83026885986328,40.884498596191406,70.66553497314453,39.72475814819336,87.30825805664062,52.937721252441406,24.118797302246094,65.6472396850586,56.591697692871094
2016-10-20,26.769941329956055,89.44857025146484,40.51599884033203,70.17948913574219,39.50023651123047,87.5215835571289,52.868011474609375,24.031673431396484,65.17909240722656,56.61766815185547
2016-10-21,26.664743423461914,90.13404846191406,40.949501037597656,69.93644714355469,39.61918640136719,86.4320297241211,53.04616165161133,23.950361251831055,64.71863555908203,56.2346076965332
2016-10-24,26.904870986938477,90.94416046142578,41.90449905395508,69.6610336303711,40.3001823425293,86.56156158447266,53.34047317504883,24.080076217651367,64.5421142578125,56.422882080078125
2016-10-25,27.042076110839844,90.94416046142578,41.75899887084961,68.43775939941406,40.03055953979492,86.8282241821289,53.286251068115234,24.30077362060547,66.74469757080078,56.299556732177734
2016-10-26,26.43377685546875,90.10291290283203,41.12950134277344,68.15421295166016,39.60431671142578,87.2853775024414,53.54183578491211,24.432432174682617,67.07471466064453,56.53974914550781
2016-10-27,26.179927825927734,89.8925552368164,40.917999267578125,67.24693298339844,39.41994094848633,88.15394592285156,53.6192741394043,24.22333526611328,66.44539642333984,56.42938995361328
2016-10-28,26.006135940551758,90.46123504638672,38.816001892089844,67.9516830444336,39.420936584472656,87.87206268310547,53.526344299316406,24.34143829345703,66.64492797851562,55.04005432128906
2016-10-31,25.964975357055664,91.28692626953125,39.49100112915039,67.6114501953125,38.88417053222656,88.37492370605469,53.64251708984375,24.780906677246094,66.6142349243164,54.092227935791016
2016-11-01,25.49616241455078,89.6978530883789,39.27050018310547,66.62313079833984,38.838077545166016,87.87968444824219,53.417911529541016,24.372413635253906,66.65260314941406,54.30646514892578
2016-11-02,25.519018173217773,87.95295715332031,38.27799987792969,65.70771789550781,38.09909439086914,87.51396942138672,53.19327926635742,23.944549560546875,66.5682144165039,54.17660903930664
2016-11-03,25.245500564575195,88.2333755493164,38.35150146484375,65.83732604980469,37.77346420288086,87.64347839355469,52.96095275878906,23.975526809692383,66.46073913574219,54.31295394897461
2016-11-04,25.017932891845703,88.00748443603516,37.752498626708984,66.67981719970703,37.76801681518555,87.70445251464844,52.48075485229492,23.847753524780273,65.29424285888672,54.25452423095703
2016-11-07,25.378816604614258,89.72901916503906,39.246498107910156,67.84638214111328,38.7840461730957,88.88540649414062,54.12269973754883,24.1342830657959,66.43004608154297,55.475040435791016
2016-11-08,25.528215408325195,90.30543518066406,39.38750076293945,68.59980773925781,39.18006134033203,89.18255615234375,54.238895416259766,24.233015060424805,67.12073516845703,55.87458801269531
2016-11-09,25.486845016479492,85.07857513427734,38.59400177001953,73.88168334960938,38.92232894897461,91.6664047241211,56.732826232910156,22.746164321899414,65.94657135009766,56.4902458190918
2016-11-10,24.776588439941406,82.34440612792969,37.11899948120117,75.70441436767578,37.794769287109375,91.0797348022461,59.366146087646484,22.275712966918945,63.667240142822266,57.014190673828125
2016-11-11,24.923696517944336,82.34440612792969,36.95050048828125,75.34797668457031,37.37150573730469,90.26448822021484,59.397117614746094,21.9814395904541,64.14305877685547,56.11033630371094
2016-11-14,24.29847526550293,79.89846801757812,35.95349884033203,76.28770446777344,36.48234176635742,88.83966827392578,61.58125686645508,22.155677795410156,63.697933197021484,55.85491180419922
2016-11-15,24.620285034179688,80.61509704589844,37.1619987487793,76.50643157958984,37.593048095703125,88.62635803222656,61.46507263183594,22.269906997680664,64.17375946044922,56.86355209350586
2016-11-16,25.28227424621582,82.12629699707031,37.324501037597656,75.62337493896484,37.88993835449219,88.6568603515625,59.94703674316406,22.12664222717285,63.84375,56.16276168823242
2016-11-17,25.273080825805664,82.21198272705078,37.81999969482422,75.16163635253906,38.2244873046875,88.81684112548828,60.42722702026367,22.221506118774414,63.751670837402344,55.82217788696289
2016-11-18,25.29836654663086,81.8614730834961,38.007999420166016,74.80519104003906,37.69465637207031,88.50228881835938,60.18709945678711,22.087915420532227,62.93048095703125,55.85491180419922
2016-11-21,25.682226181030273,82.50019073486328,39.0,75.25888061523438,38.123870849609375,88.22611999511719,60.45044708251953,22.138259887695312,63.42165756225586,56.64743423461914
2016-11-22,25.698328018188477,84.1126480102539,39.26649856567383,75.84215545654297,38.07778549194336,86.49227905273438,60.82220458984375,22.206539154052734,63.51374816894531,56.77187728881836
2016-11-23,25.56730079650879,83.17789459228516,39.00600051879883,77.91600799560547,37.71696090698242,86.74544525146484,61.077816009521484,22.126550674438477,63.45237350463867,56.92904281616211
2016-11-25,25.696025848388672,83.58295440673828,39.01850128173828,77.61626434326172,37.751155853271484,87.55865478515625,61.054588317871094,22.38796615600586,64.05096435546875,57.060054779052734
2016-11-28,25.645450592041016,82.656005859375,38.3385009765625,76.87907409667969,38.0762939453125,86.79147338867188,60.659584045410156,22.688396453857422,63.751670837402344,56.63431167602539
2016-11-29,25.620168685913086,82.6092529296875,38.125999450683594,76.18235778808594,38.20515060424805,86.29281616210938,61.1242790222168,22.87762451171875,63.61353302001953,56.26100158691406
2016-11-30,25.40410041809082,79.66475677490234,37.528499603271484,77.41372680664062,37.57074737548828,85.38751983642578,62.0924186706543,22.284568786621094,63.28351593017578,57.177947998046875
2016-12-01,25.167343139648438,78.65989685058594,37.182498931884766,77.96459197998047,37.06916809082031,85.44890594482422,63.34712600708008,22.03486442565918,62.82304763793945,57.13864517211914
2016-12-02,25.261592864990234,79.89846801757812,37.016998291015625,77.07349395751953,37.197052001953125,85.89386749267578,63.19997787475586,22.319683074951172,63.23747253417969,57.00765609741211
2016-12-05,25.079998016357422,79.48562622070312,37.96799850463867,76.51451110839844,37.79279327392578,85.8785400390625,64.48565673828125,22.43479347229004,63.69025802612305,57.295833587646484
2016-12-06,25.273080825805664,78.55863952636719,38.236000061035156,77.13829803466797,37.62378692626953,85.97058868408203,64.81869506835938,22.386014938354492,63.628868103027344,57.348236083984375
2016-12-07,25.521331787109375,79.61023712158203,38.520999908447266,78.84762573242188,38.222503662109375,85.23408508300781,65.11299896240234,22.957612991333008,64.60353088378906,57.68225860595703
2016-12-08,25.77187728881836,79.75822448730469,38.36650085449219,77.98892974853516,38.48171615600586,85.14971160888672,65.9262466430664,22.79959487915039,64.0816650390625,57.84598922729492
2016-12-09,26.19251823425293,80.16328430175781,38.43299865722656,77.38941192626953,39.11959457397461,86.12401580810547,66.21282196044922,22.7254638671875,64.74934387207031,58.29137420654297
2016-12-12,26.043113708496094,80.92669677734375,38.00600051879883,77.02490234375,39.11860275268555,88.50228881835938,65.62419891357422,22.912742614746094,65.33259582519531,59.588191986083984
2016-12-13,26.47755241394043,82.67154693603516,38.71699905395508,77.78638458251953,39.45711135864258,88.90890502929688,65.64741516113281,23.21902847290039,65.37095642089844,60.63612747192383
2016-12-14,26.47755241394043,82.95978546142578,38.441001892089844,75.93933868408203,39.50519943237305,88.21842193603516,65.62419891357422,22.635726928710938,64.74934387207031,59.32620620727539
2016-12-15,26.622358322143555,82.61703491210938,38.04999923706055,76.579345703125,39.54384994506836,88.90890502929688,66.6078109741211,22.8308162689209,64.98723602294922,59.52927780151367
2016-12-16,26.65683937072754,82.41449737548828,37.88850021362305,74.99960327148438,39.19443893432617,88.9012222290039,65.7868423461914,23.195613861083984,64.98723602294922,59.71919250488281
2016-12-19,26.810842514038086,83.31031799316406,38.29999923706055,75.10494232177734,39.36294174194336,89.00865936279297,66.16635131835938,23.258045196533203,65.01026916503906,59.221405029296875
2016-12-20,26.882097244262695,83.33370208740234,38.56100082397461,76.4253921508789,39.47297668457031,88.73247528076172,67.018310546875,23.273651123046875,64.90283966064453,59.22795867919922
2016-12-21,26.907384872436523,83.03768157958984,38.529998779296875,76.00411987304688,39.380794525146484,88.46393585205078,67.18868255615234,23.137096405029297,64.6802749633789,59.12971496582031
2016-12-22,26.73039436340332,83.03768157958984,38.31700134277344,76.24717712402344,39.21723175048828,88.56367492675781,67.29711151123047,23.195613861083984,64.82608795166016,59.516151428222656
2016-12-23,26.78325653076172,83.0455093383789,38.02949905395508,76.40919494628906,39.15032196044922,88.9626235961914,67.42102813720703,23.259992599487305,65.20213317871094,59.41133117675781
2016-12-27,26.953351974487305,83.24918365478516,38.56999969482422,76.59552001953125,39.23160934448242,88.92426300048828,67.48298645019531,23.263900756835938,64.92584228515625,59.43754196166992
2016-12-28,26.83842658996582,82.89669036865234,38.60649871826172,75.46138000488281,38.909446716308594,88.30281066894531,66.99507141113281,23.1468448638916,64.51911163330078,59.14281463623047
2016-12-29,26.8315372467041,83.3274917602539,38.25749969482422,75.57478332519531,38.797428131103516,88.60202026367188,66.52263641357422,23.445327758789062,64.7340087890625,59.17555236816406
2016-12-30,26.622358322143555,82.77140045166016,37.493499755859375,75.12923431396484,38.253726959228516,88.38723754882812,66.83241271972656,23.30486297607422,64.52677917480469,59.116607666015625
2017-01-03,26.698213577270508,83.13948822021484,37.68349838256836,76.14189147949219,38.963470458984375,88.87053680419922,67.56045532226562,23.160503387451172,64.61886596679688,59.52927780151367
2017-01-04,26.668325424194336,83.28831481933594,37.85900115966797,75.8016128540039,39.00114059448242,88.72477722167969,67.68507385253906,23.228784561157227,64.84912872314453,58.874271392822266
2017-01-05,26.803939819335938,82.99851989746094,39.022499084472656,75.33985900878906,39.354026794433594,89.65306854248047,67.06200408935547,23.215124130249023,65.27886199951172,57.99663543701172
2017-01-06,27.102767944335938,82.45026397705078,39.79949951171875,75.37226867675781,39.955223083496094,89.22344207763672,67.06982421875,23.1468448638916,65.25585174560547,57.9638786315918
2017-01-09,27.351009368896484,82.25446319580078,39.84600067138672,74.82948303222656,39.980003356933594,89.2081069946289,67.1165542602539,23.08832359313965,64.77235412597656,57.00765609741211
2017-01-10,27.378599166870117,81.06395721435547,39.79499816894531,76.01225280761719,39.887821197509766,89.11605072021484,67.31124877929688,23.133190155029297,64.07398986816406,56.2806510925293
2017-01-11,27.52570152282715,81.32243347167969,39.95100021362305,76.67654418945312,40.04246139526367,88.01896667480469,67.81745147705078,23.29511260986328,64.27352142333984,56.85700225830078
2017-01-12,27.41077995300293,81.61219787597656,40.68199920654297,76.14189147949219,39.96563720703125,87.9345703125,67.16326141357422,23.312665939331055,64.34257507324219,56.54916763305664
2017-01-13,27.362503051757812,81.02481079101562,40.856998443603516,76.538818359375,40.04096984863281,87.91922760009766,67.52152252197266,23.224882125854492,64.47305297851562,56.55572509765625
2017-01-17,27.583171844482422,82.3719482421875,40.486000061035156,75.8016128540039,39.8788948059082,88.12639617919922,65.06832122802734,23.453126907348633,65.39398193359375,57.21724319458008
2017-01-18,27.58087730407715,82.76356506347656,40.374000549316406,76.23453521728516,39.951263427734375,87.99596405029297,65.3720703125,23.416067123413086,65.69567108154297,56.509891510009766
2017-01-19,27.5325927734375,81.80018615722656,40.45199966430664,76.27537536621094,39.75821304321289,87.61238098144531,64.87359619140625,23.269752502441406,65.51774597167969,55.49470138549805
2017-01-20,27.583171844482422,81.61219787597656,40.416500091552734,77.25558471679688,39.89921569824219,87.5739974975586,65.16173553466797,23.26584815979004,67.64495086669922,56.25443649291992
2017-01-23,27.601552963256836,82.06647491455078,40.89400100708008,77.15755462646484,40.60747528076172,87.38988494873047,65.19291687011719,23.17220687866211,67.26593017578125,55.651878356933594
2017-01-24,27.576274871826172,81.90200805664062,41.12200164794922,78.61150360107422,40.83348083496094,85.74044036865234,65.97949981689453,23.17806053161621,67.96208953857422,55.730472564697266
2017-01-25,28.01531410217285,81.3929214477539,41.82600021362305,80.17167663574219,41.418331146240234,86.5383071899414,66.99971008300781,23.21902847290039,67.42066192626953,55.894229888916016
2017-01-26,28.029098510742188,81.69055938720703,41.95750045776367,79.4119873046875,41.24386215209961,85.80181884765625,67.5604476928711,23.166357040405273,66.98748016357422,56.06450653076172
2017-01-27,28.03139877319336,81.31459045410156,41.78850173950195,80.8577880859375,40.805728912353516,86.9832534790039,67.7006607055664,23.677474975585938,67.08028411865234,56.00558090209961
2017-01-30,27.95783805847168,80.68018341064453,41.51900100708008,79.06077575683594,39.76539993286133,86.79147338867188,66.99971008300781,23.888172149658203,67.10350799560547,55.579856872558594
2017-01-31,27.893482208251953,81.06395721435547,41.17399978637695,78.13774871826172,39.49131393432617,86.88352966308594,65.90940856933594,24.135929107666016,67.76097869873047,54.94453430175781
2017-02-01,29.594446182250977,80.89166259765625,41.61750030517578,77.68850708007812,39.437049865722656,86.86820220947266,66.15863037109375,23.92133903503418,67.55213928222656,54.322303771972656
2017-02-02,29.54387855529785,81.541748046875,41.997501373291016,76.59394836425781,39.57754898071289,87.12904357910156,65.87825012207031,24.085206985473633,67.88475036621094,54.65635681152344
2017-02-03,29.670291900634766,82.43460083007812,40.5099983215332,76.19369506835938,39.724266052246094,87.18274688720703,67.89534759521484,24.231521606445312,67.61402130126953,54.71528625488281
2017-02-06,29.948429107666016,81.17359924316406,40.38199996948242,75.85881042480469,39.71683120727539,86.99861907958984,67.57601928710938,24.163240432739258,67.60626220703125,54.56464385986328
2017-02-07,30.23345375061035,81.04044342041016,40.625,76.21820831298828,39.99587631225586,87.05999755859375,67.53707122802734,24.254928588867188,68.07813262939453,54.21095657348633
2017-02-08,30.35068702697754,81.69055938720703,40.98550033569336,75.8914794921875,40.06575393676758,86.99861907958984,66.94520568847656,24.639245986938477,68.3256607055664,53.85406494140625
2017-02-09,30.569992065429688,82.84968566894531,41.06800079345703,76.7491455078125,40.12423324584961,87.52030181884766,67.91090393066406,24.317354202270508,68.58866119384766,54.092002868652344
2017-02-10,30.50074005126953,82.62258911132812,41.37300109863281,78.66868591308594,40.32793426513672,88.41022491455078,67.755126953125,24.477327346801758,68.0472183227539,54.541439056396484
2017-02-13,30.77084732055664,84.23603057861328,41.826499938964844,80.45752716064453,40.60400390625,88.9012222290039,68.6507568359375,24.58072280883789,68.3102035522461,54.85871887207031
2017-02-14,31.170228958129883,83.63292694091797,41.81949996948242,80.12265014648438,40.663978576660156,89.26947784423828,69.74885559082031,24.58072280883789,67.96208953857422,54.739723205566406
2017-02-15,31.28333854675293,83.89141845703125,42.1349983215332,80.8823013305664,40.591121673583984,89.91389465332031,70.551025390625,24.442214965820312,70.48381805419922,54.96446990966797
2017-02-16,31.246408462524414,84.36133575439453,42.207000732421875,80.261474609375,40.84785079956055,90.58904266357422,70.5042953491211,24.617788314819336,70.22854614257812,54.39603042602539
2017-02-17,31.331823348999023,84.67463684082031,42.253501892089844,80.74342346191406,41.04165267944336,91.18744659423828,70.27066802978516,24.748493194580078,70.46057891845703,54.039127349853516
2017-02-21,31.558059692382812,87.07911682128906,42.821998596191406,80.13082122802734,41.219581604003906,91.80120849609375,70.87813568115234,25.0216121673584,70.90924072265625,54.12505340576172
2017-02-22,31.652708053588867,86.95381164550781,42.78049850463867,80.21248626708984,41.17497253417969,91.69377136230469,70.91706848144531,25.056732177734375,70.73130798339844,53.490535736083984
2017-02-23,31.518810272216797,87.87803649902344,42.609500885009766,78.04792785644531,41.20322799682617,93.36624908447266,70.97156524658203,25.199142456054688,70.49152374267578,54.052345275878906
2017-02-24,31.548826217651367,88.41844177246094,42.262001037597656,77.99073028564453,41.06989669799805,94.77948760986328,70.3485336303711,25.744260787963867,70.4296646118164,53.58967208862305
2017-02-27,31.611154556274414,88.7708969116211,42.43199920654297,79.5916976928711,41.10161590576172,94.5246353149414,70.42642211914062,25.52998924255371,70.3058853149414,53.89372634887695
2017-02-28,31.62500762939453,89.90657806396484,42.25199890136719,78.95458221435547,40.8007698059082,94.3779067993164,70.57437896728516,25.752124786376953,70.44511413574219,53.74829864501953
2017-03-01,32.271392822265625,89.16252136230469,42.65399932861328,80.52288818359375,41.397010803222656,95.65211486816406,72.89519500732422,25.439563751220703,70.90150451660156,54.87190628051758
2017-03-02,32.07978439331055,89.9222412109375,42.445499420166016,77.07586669921875,41.16852951049805,95.47449493408203,71.7581558227539,25.740331649780273,70.32137298583984,55.056976318359375
2017-03-03,32.26909637451172,90.59584045410156,42.49399948120117,77.69666290283203,41.091705322265625,95.59808349609375,72.27216339111328,25.712810516357422,70.00420379638672,54.50179672241211
2017-03-06,32.167518615722656,89.84393310546875,42.330501556396484,78.13774871826172,41.02727508544922,95.53630065917969,71.58682250976562,25.681354522705078,69.90364837646484,54.74636459350586
2017-03-07,32.209083557128906,89.8360824584961,42.30099868774414,78.35828399658203,41.231971740722656,95.62895965576172,71.18965148925781,25.68331527709961,69.84178161621094,54.541439056396484
2017-03-08,32.08904266357422,88.69258880615234,42.525001525878906,76.15287017822266,41.40346145629883,95.83747863769531,71.03388214111328,25.445463180541992,69.72573852539062,53.5566520690918
2017-03-09,32.01515579223633,88.50459289550781,42.650001525878906,74.64989471435547,41.5675048828125,97.2661361694336,71.3142318725586,25.309816360473633,69.88043975830078,53.97963333129883
2017-03-10,32.121368408203125,88.9588851928711,42.62300109863281,75.4013900756836,41.79401397705078,97.46694946289062,71.0884017944336,25.567338943481445,70.44511413574219,53.93999481201172
2017-03-13,32.13519287109375,89.4914779663086,42.72949981689453,75.67092895507812,41.90751647949219,97.82991027832031,71.15069580078125,25.64596939086914,70.63074493408203,53.81439971923828
2017-03-14,32.08672332763672,89.3034896850586,42.62649917602539,75.0338134765625,41.911476135253906,98.11564636230469,71.26752471923828,25.6675968170166,70.39097595214844,53.53020095825195
2017-03-15,32.426082611083984,90.29035186767578,42.64849853515625,76.2590560913086,41.989784240722656,99.59064483642578,71.4388427734375,25.929052352905273,70.70039367675781,54.19776153564453
2017-03-16,32.47919464111328,90.14155578613281,42.67100143432617,75.84243774414062,42.06809997558594,99.20452880859375,71.36878204345703,25.53588104248047,70.73130798339844,54.2440185546875
2017-03-17,32.31757736206055,90.86212921142578,42.615501403808594,75.8914794921875,42.23363494873047,98.89562225341797,70.6211166381836,25.600753784179688,70.39097595214844,54.19776153564453
2017-03-20,32.65693283081055,90.83863830566406,42.8484992980957,77.92536926269531,42.04926681518555,98.90337371826172,70.11490631103516,25.53392219543457,70.56117248535156,54.19776153564453
2017-03-21,32.28294372558594,91.43387603759766,42.15999984741211,75.49940490722656,41.16010284423828,98.27009582519531,68.05888366699219,25.919218063354492,70.5379409790039,54.08539962768555
2017-03-22,32.647705078125,92.66355895996094,42.40299987792969,75.49940490722656,41.11698532104492,97.50557708740234,68.16791534423828,26.0293025970459,70.38325500488281,54.039127349853516
2017-03-23,32.532264709472656,93.16481018066406,42.36899948120117,75.33602905273438,40.52173614501953,97.22753143310547,68.05888366699219,25.966398239135742,70.21305847167969,54.105228424072266
2017-03-24,32.46763610839844,93.45460510253906,42.28049850463867,75.27068328857422,40.365604400634766,96.90321350097656,67.98100280761719,26.105976104736328,70.05835723876953,53.688819885253906
2017-03-27,32.523040771484375,93.99502563476562,42.340999603271484,74.74793243408203,40.61738586425781,97.15032196044922,67.94208526611328,25.771785736083984,69.99649047851562,53.70204162597656
2017-03-28,33.19713592529297,94.29266357421875,42.79999923706055,75.92413330078125,40.68727111816406,97.04222106933594,69.00121307373047,25.803232192993164,70.20536041259766,54.092002868652344
2017-03-29,33.27101135253906,94.8017578125,43.715999603271484,75.85062408447266,41.20718765258789,96.47073364257812,68.74421691894531,25.66366195678711,70.08157348632812,54.21098327636719
2017-03-30,33.22714614868164,94.69993591308594,43.81700134277344,76.1446762084961,41.21165084838867,96.26995086669922,69.33609008789062,25.187938690185547,69.77216339111328,55.32136917114258
2017-03-31,33.16482162475586,95.19335174560547,44.32699966430664,75.76896667480469,41.11549758911133,96.18498992919922,68.40934753417969,25.235116958618164,69.50141906738281,54.20436096191406
2017-04-03,33.174049377441406,94.88789367675781,44.57550048828125,75.36871337890625,41.561065673828125,96.29310607910156,68.1601333618164,25.30392074584961,69.36994171142578,54.2440185546875
2017-04-04,33.42108917236328,94.56678009033203,45.34149932861328,76.88797760009766,41.36380386352539,96.2853775024414,68.38729095458984,25.465112686157227,69.54782104492188,54.442298889160156
2017-04-05,33.2479133605957,94.48846435546875,45.4640007019043,76.97785949707031,41.20718765258789,96.37804412841797,67.5099868774414,25.681354522705078,69.59425354003906,54.54805374145508
2017-04-06,33.16482162475586,95.51447296142578,44.91400146484375,78.2684555053711,41.032230377197266,96.57112884521484,67.73714447021484,25.508365631103516,69.15332794189453,54.86531448364258
2017-04-07,33.090938568115234,95.64763641357422,44.74399948120117,78.02338409423828,40.873130798339844,96.47073364257812,67.50218200683594,25.345197677612305,69.02182006835938,54.700077056884766
2017-04-10,33.05170822143555,96.41912841796875,45.35200119018555,79.34664154052734,40.87610626220703,96.02279663085938,67.26721954345703,25.443492889404297,69.22294616699219,54.94462203979492
2017-04-11,32.69619369506836,96.6395492553711,45.11800003051758,79.31397247314453,40.80771255493164,95.93014526367188,67.14970397949219,25.421875,69.4627456665039,54.75295639038086
2017-04-12,32.73542022705078,96.3324966430664,44.811500549316406,77.48429870605469,40.85578536987305,96.84141540527344,66.89122772216797,25.655805587768555,69.85726165771484,54.838871002197266
2017-04-13,32.56228256225586,96.5135726928711,44.23350143432617,76.04667663574219,40.818115234375,96.52478790283203,66.10795593261719,25.706912994384766,69.64067077636719,53.992855072021484
2017-04-17,32.74235534667969,97.81250762939453,45.0994987487793,76.89617919921875,41.492671966552734,97.08853149414062,67.25154113769531,25.734432220458984,69.91913604736328,53.9201545715332
2017-04-18,32.5969123840332,98.29268646240234,45.18899917602539,77.10037994384766,41.47532272338867,94.07669067382812,66.7032699584961,25.936908721923828,70.2363052368164,53.56986999511719
2017-04-19,32.476863861083984,98.14310455322266,44.959999084472656,76.34890747070312,41.544212341308594,93.7292251586914,66.15496826171875,25.85041618347168,69.83873748779297,53.19972610473633
2017-04-20,32.8831787109375,97.85186004638672,45.10300064086914,77.96316528320312,41.71471405029297,94.11534881591797,67.00873565673828,25.72657585144043,69.62828826904297,53.543434143066406
2017-04-21,32.84393310546875,97.95421600341797,44.92649841308594,77.68314361572266,41.79104232788086,94.03038024902344,66.20196533203125,26.149219512939453,69.07490539550781,53.33191680908203
2017-04-24,33.16020202636719,97.49761199951172,45.37049865722656,79.73392486572266,42.760990142822266,94.90303039550781,68.53610229492188,26.096141815185547,69.79975891113281,53.60951614379883
2017-04-25,33.36566162109375,97.56843566894531,45.38100051879883,86.00164031982422,43.23382568359375,95.32006072998047,69.13138580322266,26.129562377929688,70.1505355834961,54.019309997558594
2017-04-26,33.16943359375,96.67888641357422,45.464500427246094,86.19931030273438,43.20556640625,95.38185119628906,69.26453399658203,26.11187171936035,68.38898468017578,53.80119323730469
2017-04-27,33.194820404052734,99.00906372070312,45.91899871826172,84.5685806274414,43.330467224121094,95.5594711303711,68.62224578857422,26.247507095336914,68.35000610351562,53.70866775512695
2017-04-28,33.16251754760742,99.14291381835938,46.2495002746582,84.22264862060547,44.90211486816406,95.3509292602539,68.14445495605469,26.25537109375,68.06940460205078,53.9664421081543
2017-05-01,33.83892059326172,100.37885284423828,47.4114990234375,84.00848388671875,45.22972106933594,95.25054168701172,68.19145965576172,26.153154373168945,67.88232421875,54.23741912841797
2017-05-02,34.053611755371094,100.69374084472656,47.34700012207031,83.60492706298828,45.42153549194336,95.528564453125,67.7528305053711,26.345806121826172,67.20423126220703,54.230804443359375
2017-05-03,33.94974136352539,99.81201934814453,47.05149841308594,83.62964630126953,45.9468994140625,95.24283599853516,68.14445495605469,26.216060638427734,67.36791229248047,54.6604118347168
2017-05-04,33.8273811340332,100.28439331054688,46.87649917602539,81.85887145996094,46.175880432128906,95.72164916992188,68.22280883789062,26.408706665039062,67.38348388671875,53.95980453491211
2017-05-05,34.388362884521484,101.30778503417969,46.70750045776367,82.06477355957031,45.951358795166016,95.38185119628906,68.14445495605469,26.406736373901367,67.42243194580078,54.21098327636719
2017-05-08,35.323333740234375,101.44947814941406,47.45199966430664,81.8423843383789,46.30672836303711,95.18106079101562,68.22280883789062,26.528623580932617,67.46145629882812,54.7859992980957
2017-05-09,35.5495719909668,100.83543395996094,47.64099884033203,81.7764892578125,46.20115661621094,95.15015411376953,67.94864654541016,26.296655654907227,67.34452056884766,54.40264129638672
2017-05-10,35.38104248046875,100.05607604980469,47.4474983215332,82.65776062011719,46.033138275146484,94.84125518798828,68.48126220703125,26.375286102294922,67.41463470458984,54.649505615234375
2017-05-11,35.68701934814453,99.41056060791016,47.38100051879883,83.17665100097656,46.12334442138672,95.1424331665039,68.26978302001953,26.467681884765625,67.16522979736328,55.116546630859375
2017-05-12,36.185428619384766,99.28462219238281,48.067501068115234,82.9460220336914,46.203636169433594,95.48223876953125,68.08181762695312,26.64656639099121,67.18081665039062,55.076515197753906
2017-05-15,36.09269714355469,100.7094955444336,47.89849853515625,84.35442352294922,46.44451141357422,98.06930541992188,68.41078186035156,26.760589599609375,67.28995513916016,55.243289947509766
2017-05-16,36.039371490478516,101.05584716796875,48.30350112915039,84.28853607177734,46.73792266845703,98.67166900634766,68.62224578857422,26.71536636352539,67.21981048583984,55.076515197753906
2017-05-17,34.8293342590332,102.92157745361328,47.237998962402344,82.47660827636719,45.57914733886719,97.82218933105469,66.0061264038086,26.823495864868164,67.23538970947266,54.702877044677734
2017-05-18,35.36017990112305,100.74884796142578,47.92449951171875,82.54244995117188,46.10550308227539,98.0538558959961,65.76333618164062,26.919818878173828,66.9314193725586,54.542755126953125
2017-05-19,35.48072814941406,101.01649475097656,47.992000579833984,84.36266326904297,46.292354583740234,98.07701110839844,66.40559387207031,26.988616943359375,67.21981048583984,54.662864685058594
2017-05-22,35.69630432128906,101.3392562866211,48.53350067138672,84.2473373413086,46.681419372558594,98.27783966064453,66.34293365478516,27.19699478149414,67.19642639160156,54.90302658081055
2017-05-23,35.65226364135742,101.3392562866211,48.57699966430664,85.3509750366211,47.02638626098633,98.4786148071289,67.1731948852539,27.316909790039062,67.09507751464844,55.0965461730957
2017-05-24,35.545623779296875,101.78797149658203,49.01750183105469,85.61454772949219,47.33069610595703,98.47089385986328,67.13404083251953,27.55083465576172,67.42243194580078,54.90302658081055
2017-05-25,35.66849899291992,103.1656265258789,49.66899871826172,86.49580383300781,48.05332565307617,99.13943481445312,66.85204315185547,27.85431671142578,67.70307922363281,54.542755126953125
2017-05-26,35.608211517333984,103.21283721923828,49.78900146484375,87.02290344238281,48.148983001708984,98.66522979736328,66.85990142822266,27.85630989074707,68.0070571899414,54.40932846069336
2017-05-30,35.62212371826172,104.00796508789062,49.834999084472656,86.86641693115234,48.367557525634766,98.81295776367188,65.71630859375,27.84442901611328,68.12396240234375,54.10906982421875
2017-05-31,35.41117858886719,103.27582550048828,49.73099899291992,86.83349609375,47.821372985839844,99.69915771484375,64.34559631347656,28.00082778930664,68.66178131103516,53.70877456665039
2017-06-01,35.508522033691406,103.77965545654297,49.79750061035156,87.01467895507812,47.924957275390625,100.11116790771484,65.05838012695312,28.091888427734375,68.69293975830078,53.84221267700195
2017-06-02,36.03473663330078,104.2992172241211,50.33649826049805,87.26176452636719,48.35368347167969,101.12174987792969,64.72940826416016,28.252246856689453,69.05150604248047,53.041587829589844
2017-06-05,35.68238830566406,103.6064682006836,50.56700134277344,86.64408111572266,48.754146575927734,101.33940887451172,64.84691619873047,28.08199691772461,69.1684341430664,53.45524978637695
2017-06-06,35.802947998046875,103.67731475830078,50.150001525878906,86.10871887207031,48.401756286621094,101.70478057861328,64.98004913330078,28.095853805541992,69.21520233154297,54.18247985839844
2017-06-07,36.01620101928711,103.77178192138672,50.503501892089844,85.25212860107422,48.61834716796875,101.64261627197266,65.72415161132812,28.226516723632812,69.19180297851562,53.98231887817383
2017-06-08,35.92810821533203,103.1026382446289,50.51350021362305,86.48756408691406,48.74076843261719,101.48710632324219,66.53875732421875,28.0028018951416,68.47471618652344,53.788841247558594
2017-06-09,34.53491973876953,102.55943298339844,48.91550064086914,87.23705291748047,47.076446533203125,102.24893951416016,68.11311340332031,27.763269424438477,68.71634674072266,54.79628372192383
2017-06-12,33.7097053527832,101.69351196289062,48.24549865722656,87.36058807373047,46.73297119140625,102.47438049316406,68.12879943847656,27.600923538208008,68.7786865234375,55.330055236816406
2017-06-13,33.98091125488281,102.48861694335938,49.03950119018555,87.09703826904297,47.25337600708008,102.62986755371094,68.3559341430664,27.705854415893555,68.63841247558594,55.350067138671875
2017-06-14,33.64942169189453,102.73262786865234,48.82350158691406,86.24047088623047,47.12253189086914,103.21292877197266,68.21495819091797,27.943410873413086,68.93457794189453,54.756256103515625
2017-06-15,33.447750091552734,103.53164672851562,48.208499908447266,87.63238525390625,46.70372772216797,103.42281341552734,67.80767059326172,28.085956573486328,69.66727447509766,54.883033752441406
2017-06-16,32.9795036315918,104.38604736328125,49.385501861572266,88.6207275390625,46.57833480834961,104.44119262695312,67.50218200683594,28.277984619140625,69.88552856445312,55.70367431640625
2017-06-19,33.9229736328125,104.68668365478516,49.75849914550781,88.53013610839844,47.450138092041016,104.22352600097656,68.98255920410156,28.18889808654785,70.04141998291016,55.21662139892578
2017-06-20,33.614646911621094,103.79273223876953,49.62950134277344,88.15950775146484,47.116092681884766,104.34014892578125,68.55176544189453,28.103775024414062,69.86215209960938,54.9163818359375
2017-06-21,33.81401824951172,103.32597351074219,50.11149978637695,85.21922302246094,47.55324172973633,104.87650299072266,68.23846435546875,27.92559051513672,69.682861328125,54.33592987060547
2017-06-22,33.75837326049805,103.53164672851562,50.064998626708984,85.52393341064453,47.43627166748047,105.76274108886719,68.16012573242188,28.0305233001709,69.39447784423828,54.09573745727539
2017-06-23,33.909053802490234,104.33068084716797,50.1870002746582,85.7463150024414,47.8575553894043,106.05811309814453,68.0347900390625,28.337379455566406,69.69844055175781,54.449363708496094
2017-06-26,33.80242156982422,104.78953552246094,49.69900131225586,85.86162567138672,47.19738006591797,105.9881591796875,68.33245086669922,28.553165435791016,69.65166473388672,54.202484130859375
2017-06-27,33.31793975830078,107.39225769042969,48.8390007019043,85.59806060791016,45.961273193359375,104.95423889160156,68.9668960571289,28.16513442993164,69.06710815429688,54.11575698852539
2017-06-28,33.80473709106445,106.42707061767578,49.51649856567383,87.67359161376953,46.613529205322266,104.02918243408203,70.35327911376953,27.917682647705078,68.88004302978516,54.3959846496582
2017-06-29,33.306331634521484,105.07433319091797,48.79650115966797,87.0064697265625,45.48844528198242,103.11186981201172,71.39503479003906,27.709802627563477,67.80436706542969,53.84221267700195
2017-06-30,33.385154724121094,104.67877197265625,48.400001525878906,88.50541687011719,45.039405822753906,102.83975982666016,71.59085083007812,27.741485595703125,67.92909240722656,53.86222839355469
2017-07-03,33.2646369934082,103.9588851928711,47.68299865722656,88.10187530517578,44.54228210449219,103.31395721435547,73.04785919189453,27.640518188476562,68.38898468017578,54.77627944946289
2017-07-05,33.4013786315918,104.6233901977539,48.56999969482422,88.53013610839844,45.18709945678711,103.88922882080078,73.78030395507812,27.482152938842773,68.33441925048828,53.94227981567383
2017-07-06,33.08613586425781,104.06170654296875,48.25699996948242,87.72296142578125,44.938289642333984,103.01856231689453,73.5440444946289,27.63062858581543,68.1005859375,53.45524978637695
2017-07-07,33.4222526550293,105.32746887207031,48.9379997253418,88.06067657470703,45.52809524536133,103.03410339355469,73.9142074584961,27.810771942138672,68.31881713867188,53.52195739746094
2017-07-10,33.62624740600586,103.80060577392578,49.82350158691406,88.81838989257812,46.03413009643555,102.26451110839844,73.39440155029297,27.919654846191406,67.88232421875,53.48192596435547
2017-07-11,33.735198974609375,103.57910919189453,49.70650100708008,89.14785766601562,46.09806823730469,102.0157241821289,73.11087799072266,27.864225387573242,67.6329116821289,53.7755012512207
2017-07-12,33.783870697021484,105.91287231445312,50.32550048828125,89.74085235595703,46.7790641784668,102.79312133789062,72.85884857177734,27.87017059326172,67.781005859375,54.015682220458984
2017-07-13,34.25444030761719,106.11853790283203,50.03150177001953,89.33727264404297,46.944114685058594,102.50548553466797,73.3235092163086,27.83057975769043,67.57833862304688,54.0223503112793
2017-07-14,34.548851013183594,107.62165832519531,50.09049987792969,89.58436584472656,47.38174819946289,103.08074188232422,72.65408325195312,28.044384002685547,67.89013671875,54.229183197021484
2017-07-17,34.669395446777344,107.11534881591797,50.50199890136719,89.64201354980469,47.25437545776367,102.7309341430664,71.97674560546875,27.90778160095215,68.24087524414062,53.94894790649414
2017-07-18,34.789920806884766,107.73240661621094,51.22249984741211,88.82073211669922,47.8481330871582,104.52670288085938,71.7247543334961,28.010730743408203,69.09049224853516,53.7755012512207
2017-07-19,35.007835388183594,107.13117218017578,51.34349822998047,89.46781158447266,48.120235443115234,105.10973358154297,71.82711029052734,28.072097778320312,69.40470886230469,53.94227981567383
2017-07-20,34.85019302368164,107.7798843383789,51.435001373291016,89.02812957763672,47.98443603515625,106.16697692871094,71.82711029052734,28.40468406677246,69.60108947753906,53.94894790649414
2017-07-21,34.8339729309082,108.3020248413086,51.28350067138672,88.42255401611328,48.220848083496094,105.18746185302734,71.58297729492188,28.580873489379883,69.60895538330078,53.45524978637695
2017-07-24,35.25586700439453,108.43651580810547,51.9474983215332,89.7415542602539,48.588600158691406,103.39947509765625,71.89012145996094,28.33935546875,69.2711410522461,53.28845977783203
2017-07-25,35.40654754638672,108.08047485351562,51.993499755859375,95.01754760742188,47.11955642700195,102.52103424072266,73.08724975585938,28.33144187927246,70.0252914428711,53.5553092956543
2017-07-26,35.57344055175781,109.06939697265625,52.63999938964844,94.17139434814453,46.975830078125,101.7980728149414,72.40206909179688,28.80259895324707,70.15098571777344,53.622047424316406
2017-07-27,34.90119552612305,106.68815612792969,52.29999923706055,94.87653350830078,46.29631805419922,101.70478057861328,72.10276794433594,28.636306762695312,71.23506927490234,53.9289436340332
2017-07-28,34.65547180175781,109.44119262695312,51.00199890136719,94.65253448486328,46.665069580078125,102.49771881103516,71.89012145996094,28.729352951049805,70.8658447265625,53.10830307006836
2017-07-31,34.47697830200195,107.85111236572266,49.388999938964844,94.52808380126953,46.11839294433594,103.17406463623047,72.2996826171875,28.921388626098633,71.34503173828125,53.40187454223633
2017-08-01,34.78297805786133,107.56626892089844,49.80950164794922,93.82296752929688,46.13473892211914,103.01078796386719,73.26839447021484,29.01641082763672,71.56499481201172,53.48858642578125
2017-08-02,36.426490783691406,109.14850616455078,49.794498443603516,93.81465148925781,46.112937927246094,102.73869323730469,73.33137512207031,29.050073623657227,71.51788330078125,53.7755012512207
2017-08-03,36.06257247924805,108.4997787475586,49.34600067138672,94.20455169677734,45.77888107299805,103.66380310058594,72.85096740722656,29.20844078063965,71.37648010253906,53.70209503173828
2017-08-04,36.25263595581055,108.83203887939453,49.37900161743164,94.85993194580078,45.99249267578125,103.53160095214844,73.76457214355469,29.05204200744629,71.22721862792969,53.51530838012695
2017-08-07,36.81362533569336,109.22761535644531,49.61349868774414,95.15853118896484,46.0618782043457,103.28285217285156,74.04808044433594,29.119352340698242,71.83211517333984,53.48192596435547
2017-08-08,37.108028411865234,108.08841705322266,49.492000579833984,94.90968322753906,45.934505462646484,102.82423400878906,73.78030395507812,29.170833587646484,71.94209289550781,53.34849548339844
2017-08-09,37.33519744873047,109.05357360839844,49.10049819946289,94.85164642333984,45.7417106628418,103.57050323486328,73.66217803955078,29.1490535736084,72.20916748046875,53.51530838012695
2017-08-10,36.14600372314453,108.24662780761719,47.84600067138672,93.86445617675781,44.965553283691406,103.461669921875,72.60681915283203,29.24407958984375,72.06776428222656,53.19865798950195
2017-08-11,36.64867401123047,108.1279525756836,48.39950180053711,93.6155776977539,45.319923400878906,103.46946716308594,72.00041198730469,29.13717269897461,71.75353240966797,52.686702728271484
2017-08-14,37.20021438598633,110.730712890625,49.165000915527344,94.32901000976562,45.730308532714844,103.76486206054688,72.84307861328125,29.311386108398438,71.9970703125,52.700172424316406
2017-08-15,37.607479095458984,110.50920104980469,49.137001037597656,94.27922821044922,45.7080078125,103.68708801269531,73.0321273803711,29.507383346557617,72.42914581298828,52.572166442871094
2017-08-16,37.456207275390625,111.6167221069336,48.909000396728516,94.66912841796875,45.94293212890625,104.30123138427734,72.5280532836914,29.69149398803711,72.61766815185547,52.188194274902344
2017-08-17,36.737098693847656,110.47752380371094,48.028499603271484,93.85617065429688,45.150917053222656,103.42281341552734,71.39397430419922,29.420270919799805,72.32699584960938,51.373069763183594
2017-08-18,36.65332794189453,110.7544174194336,47.923500061035156,94.50322723388672,45.135555267333984,103.10407257080078,71.46485137939453,29.681598663330078,72.64125061035156,51.62905502319336
2017-08-21,36.585838317871094,111.76702880859375,47.66450119018555,94.23774719238281,44.93680953979492,103.74153900146484,71.37820434570312,29.784526824951172,72.94759368896484,51.45391082763672
2017-08-22,37.18392562866211,112.40779876708984,48.345001220703125,96.07939910888672,45.83042526245117,104.71326446533203,72.11065673828125,29.861738204956055,72.8926010131836,51.69640350341797
2017-08-23,37.23046112060547,113.00117492675781,47.900001525878906,95.19175720214844,45.944915771484375,103.23625183105469,72.1972885131836,29.818504333496094,72.61766815185547,51.60883712768555
2017-08-24,37.06523895263672,113.7605972290039,47.622501373291016,95.21662902832031,45.66141128540039,103.30622100830078,72.07915496826172,29.75274658203125,72.4841079711914,51.420223236083984
2017-08-25,37.202552795410156,114.10872650146484,47.26300048828125,95.68949890136719,45.39427185058594,103.0167236328125,72.37052917480469,29.9101619720459,72.6726303100586,51.68294906616211
2017-08-28,37.57722473144531,115.32698822021484,47.30099868774414,95.45719909667969,45.29117965698242,103.06365966796875,72.14215850830078,30.065597534179688,72.64125061035156,51.5145378112793
2017-08-29,37.91233825683594,115.41400909423828,47.702999114990234,96.23699951171875,45.66191101074219,103.431396484375,71.74835968017578,30.033700942993164,72.5234146118164,51.501033782958984
2017-08-30,38.01473617553711,116.70352172851562,48.37950134277344,97.5145263671875,46.07229995727539,102.53952026367188,71.91375732421875,30.0137882232666,72.1698989868164,51.26527786254883
2017-08-31,38.1660041809082,117.12278747558594,49.029998779296875,97.46475219726562,46.556026458740234,103.55653381347656,71.58297729492188,29.99185562133789,72.4841079711914,51.420223236083984
2017-09-01,38.17763900756836,115.319091796875,48.912498474121094,98.12007904052734,46.457401275634766,102.50822448730469,72.22093200683594,29.9221248626709,72.68838500976562,51.5818977355957
2017-09-05,37.719181060791016,116.24468231201172,48.26350021362305,98.1366958618164,46.016788482666016,101.62419891357422,70.4961166381836,29.94205665588379,72.8376235961914,51.992828369140625
2017-09-06,37.67961502075195,115.55641174316406,48.38999938964844,97.04168701171875,45.98506546020508,102.22657775878906,70.9686508178711,29.541513442993164,72.8376235961914,53.07067108154297
2017-09-07,37.52834701538086,116.28421783447266,48.9734992980957,97.69702911376953,46.38850402832031,103.41572570800781,69.72428131103516,29.78861427307129,73.03401184082031,53.23908615112305
2017-09-08,36.91631317138672,114.70203399658203,48.29499816894531,97.73851013183594,45.92013931274414,102.4690933227539,69.63764190673828,29.54350471496582,72.93189239501953,53.09761428833008
2017-09-11,37.584205627441406,115.6434326171875,48.89799880981445,98.60953521728516,46.048004150390625,104.21369934082031,70.7166519165039,30.169212341308594,73.8353042602539,53.38729476928711
2017-09-12,37.43525695800781,114.57545471191406,49.12900161743164,100.32672882080078,46.196205139160156,103.75994873046875,71.58297729492188,29.716873168945312,73.4582290649414,53.555721282958984
2017-09-13,37.15366744995117,113.6815185546875,49.97999954223633,99.23998260498047,46.345882415771484,103.6191177368164,71.7877426147461,29.52757453918457,73.48963165283203,53.737579345703125
2017-09-14,36.83484649658203,113.00908660888672,49.61050033569336,99.94512176513672,45.85123825073242,104.97251892089844,71.64599609375,29.800561904907227,73.48963165283203,53.953155517578125
2017-09-15,37.20719528198242,114.71788024902344,49.339500427246094,100.68341827392578,45.61234664916992,105.18378448486328,72.15792083740234,29.908164978027344,73.26970672607422,53.939697265625
2017-09-18,36.92560577392578,114.5280532836914,48.70949935913086,102.72413635253906,45.35015869140625,105.91132354736328,73.1817626953125,29.551488876342773,73.1754150390625,53.953155517578125
2017-09-19,36.9395751953125,111.52970123291016,48.49300003051758,103.47903442382812,45.68768310546875,105.78617095947266,73.98509216308594,29.475757598876953,73.9767074584961,54.040733337402344
2017-09-20,36.32054138183594,111.07083892822266,48.660499572753906,103.57025909423828,46.171913146972656,104.22149658203125,74.5048828125,29.240631103515625,74.15739440917969,54.26304244995117
2017-09-21,35.69685745239258,110.27973175048828,48.23249816894531,103.52051544189453,46.21503448486328,103.07147979736328,74.84352111816406,29.24859046936035,72.77477264404297,53.818424224853516
2017-09-22,35.34775924682617,108.9981918334961,47.755001068115234,103.22187805175781,46.020748138427734,102.78987121582031,74.68605041503906,29.164905548095703,72.46055603027344,53.83864212036133
2017-09-25,35.035926818847656,108.68964385986328,46.989498138427734,103.130615234375,45.646053314208984,102.61772918701172,74.1268539428711,29.256563186645508,72.8376235961914,54.55272674560547
2017-09-26,35.638671875,107.9222640991211,46.93000030517578,103.28821563720703,45.83885192871094,102.43782043457031,73.79605102539062,29.43191909790039,72.78262329101562,54.49208068847656
2017-09-27,35.892333984375,106.59323120117188,47.54349899291992,103.29653930664062,46.81177520751953,101.5068588256836,74.9616928100586,29.142982482910156,71.38433837890625,54.855865478515625
2017-09-28,35.6712532043457,108.19912719726562,47.81999969482422,103.88552856445312,47.060081481933594,101.28779602050781,75.11918640136719,29.290451049804688,71.40003967285156,55.36784362792969
2017-09-29,35.86672592163086,108.66020202636719,48.067501068115234,103.45413208007812,47.53639221191406,101.71025085449219,75.22158813476562,29.202768325805664,71.4707260131836,55.226383209228516
2017-10-02,35.79458236694336,108.00828552246094,47.95949935913086,103.46243286132812,47.24694061279297,102.65687561035156,76.26905059814453,29.240631103515625,72.09134674072266,54.9905891418457
2017-10-03,35.95051574707031,108.64432525634766,47.85499954223633,104.11780548095703,47.47096252441406,103.34532165527344,76.67073822021484,29.27051544189453,72.36630249023438,55.07817459106445
2017-10-04,35.71778869628906,110.37744903564453,48.272499084472656,105.1381607055664,47.16813278198242,103.96334838867188,75.89102935791016,29.605276107788086,72.60194396972656,55.09838104248047
2017-10-05,36.16228103637695,110.70336151123047,49.04249954223633,104.85611724853516,48.07415008544922,104.19804382324219,76.91292572021484,29.443870544433594,72.29560089111328,55.253318786621094
2017-10-06,36.14134216308594,110.592041015625,49.479000091552734,105.29576110839844,48.51674270629883,104.22149658203125,76.77828216552734,29.386089324951172,72.53126525878906,55.04447937011719
2017-10-09,36.26701354980469,109.66192626953125,49.54949951171875,105.25426483154297,48.423072814941406,104.40147399902344,76.37423706054688,29.471776962280273,72.36630249023438,55.26007843017578
2017-10-10,36.28097915649414,108.98616027832031,49.36000061035156,106.34102630615234,48.204994201660156,104.75348663330078,76.94464111328125,29.696949005126953,71.97350311279297,55.41498565673828
2017-10-11,36.4322395324707,109.65392303466797,49.75,106.68112182617188,49.03021240234375,106.9049072265625,76.71489715576172,29.864328384399414,71.84782409667969,55.64404296875
2017-10-12,36.30424880981445,111.32345581054688,50.04650115966797,107.83421325683594,48.959835052490234,107.04573822021484,76.04155731201172,30.02971839904785,72.38985443115234,55.529537200927734
2017-10-13,36.534629821777344,111.27578735351562,50.14699935913086,108.43150329589844,49.05152893066406,106.73278045654297,75.93855285644531,29.999835968017578,73.08901977539062,55.51605987548828
2017-10-16,37.20719528198242,110.9736328125,50.31700134277344,109.06197357177734,49.16650390625,106.49024200439453,77.50707244873047,30.193117141723633,73.16757202148438,55.7855110168457
2017-10-17,37.34449768066406,110.60797882080078,50.45650100708008,108.29045867919922,49.17543411254883,110.14374542236328,77.3327865600586,30.422285079956055,72.90045166015625,55.88655090332031
2017-10-18,37.17926025390625,109.29620361328125,49.849998474121094,108.91263580322266,49.20665740966797,110.05769348144531,77.62586975097656,30.396381378173828,72.87689208984375,55.7518196105957
2017-10-19,36.299598693847656,110.0196762084961,49.330501556396484,109.1282958984375,48.79231262207031,111.1216812133789,77.72098541259766,30.66140365600586,72.48908996582031,55.73835754394531
2017-10-20,36.3624153137207,110.56026458740234,49.14550018310547,109.62069702148438,48.978172302246094,111.4032974243164,78.83000946044922,30.71918296813965,69.84565734863281,55.98760986328125
2017-10-23,36.34380340576172,110.30586242675781,48.314998626708984,109.88772583007812,47.99930191040039,112.35770416259766,78.6953353881836,30.763029098510742,69.09378051757812,56.07518005371094
2017-10-24,36.56024932861328,109.73347473144531,48.79499816894531,115.36209106445312,48.10288619995117,110.8087158203125,79.9469985961914,30.731149673461914,68.84050750732422,56.23012924194336
2017-10-25,36.39966583251953,109.17695617675781,48.64550018310547,114.19375610351562,48.241172790527344,111.3719711303711,80.02620697021484,30.659406661987305,68.74552154541016,56.02804183959961
2017-10-26,36.63237762451172,110.06735229492188,48.621498107910156,114.27725219726562,48.203006744384766,110.94170379638672,80.59659576416016,30.56574821472168,69.2520523071289,56.23012924194336
2017-10-27,37.94492721557617,110.52848052978516,55.04750061035156,115.00325012207031,50.518096923828125,110.91824340820312,80.62034606933594,31.05396270751953,68.88798522949219,56.39179992675781
2017-10-30,38.798988342285156,113.58123016357422,55.54249954223633,113.90169525146484,50.41103744506836,109.52569580078125,80.33515167236328,30.958311080932617,68.2785415649414,56.27729034423828
2017-10-31,39.33890151977539,114.21723937988281,55.263999938964844,113.32587432861328,50.38774490356445,109.0641098022461,79.70142364501953,30.90053367614746,68.3339614868164,56.14928436279297
2017-11-01,38.838558197021484,111.9435043334961,55.183998107910156,113.73478698730469,50.826873779296875,109.51004028320312,79.9469985961914,30.563764572143555,68.7692642211914,56.499576568603516
2017-11-02,39.12247848510742,113.2393798828125,54.71099853515625,113.88502502441406,50.830841064453125,109.47090911865234,80.4777603149414,29.862346649169922,68.46853637695312,56.27053451538086
2017-11-03,40.14411926269531,112.96910858154297,55.58000183105469,114.0185317993164,51.172828674316406,109.58830261230469,80.33515167236328,30.418289184570312,68.52391052246094,56.03475570678711
2017-11-06,40.5513801574707,119.37677001953125,56.03300094604492,114.9197998046875,50.84669494628906,109.33795166015625,79.83606719970703,30.260879516601562,68.10446166992188,56.41875457763672
2017-11-07,40.68169403076172,119.77426147460938,56.15850067138672,115.8377685546875,51.21495056152344,109.34577941894531,78.22795867919922,30.984222412109375,68.84050750732422,56.304222106933594
2017-11-08,41.014495849609375,121.41194152832031,56.64400100708008,114.56929016113281,51.53810501098633,110.5583724975586,77.34864807128906,30.870643615722656,69.31536865234375,56.23012924194336
2017-11-09,40.93071365356445,120.69646453857422,56.45650100708008,112.9420394897461,51.11235427856445,109.79950714111328,77.3407211303711,30.93639373779297,69.4736557006836,56.56694793701172
2017-11-10,40.795257568359375,119.67886352539062,56.26750183105469,113.89334869384766,50.95425033569336,109.18145751953125,77.24565887451172,30.9184627532959,69.77442169189453,56.39017105102539
2017-11-13,40.63176345825195,119.28137969970703,56.458499908447266,113.9350357055664,50.83926773071289,109.33795166015625,77.52291870117188,31.241273880004883,70.4392318725586,56.356201171875
2017-11-14,40.01750564575195,118.84414672851562,56.84199905395508,114.77790069580078,50.85165786743164,109.126708984375,77.05551147460938,31.5640926361084,70.33633422851562,55.91427230834961
2017-11-15,39.48967742919922,118.39895629882812,56.33449935913086,111.90723419189453,50.59938430786133,108.82159423828125,77.78433227539062,31.35686683654785,69.82979583740234,55.21396255493164
2017-11-16,39.961456298828125,117.97759246826172,56.864498138427734,113.79322052001953,51.17380905151367,108.64167022705078,78.00613403320312,31.342891693115234,70.6371078491211,54.772037506103516
2017-11-17,39.73957061767578,115.96623229980469,56.49399948120117,113.6012954711914,50.50917434692383,107.96102905273438,77.7447280883789,31.09381103515625,69.98809051513672,54.55448913574219
2017-11-20,39.69987487792969,116.24452209472656,56.31549835205078,114.25221252441406,50.4739875793457,107.90626525878906,78.43392181396484,31.069910049438477,69.86144256591797,54.76523971557617
2017-11-21,40.43790817260742,116.53865051269531,56.9744987487793,114.82798767089844,51.2724494934082,108.22703552246094,78.37055206298828,31.1276912689209,70.21764373779297,54.98280715942383
2017-11-22,40.86298751831055,115.52102661132812,57.80799865722656,115.17012786865234,51.345306396484375,107.40554809570312,78.14080047607422,31.11827278137207,69.90897369384766,55.13917922973633
2017-11-24,40.86532211303711,117.1030502319336,59.29999923706055,114.65274047851562,51.57577133178711,107.96886444091797,77.88732147216797,31.288711547851562,70.00393676757812,55.35673904418945
2017-11-27,40.65977478027344,117.84242248535156,59.791500091552734,114.48584747314453,52.24982833862305,108.70088195800781,77.578369140625,31.483234405517578,70.4075698852539,55.14598083496094
2017-11-28,40.421566009521484,118.16838836669922,59.68000030517578,115.98796844482422,51.91279983520508,110.21214294433594,80.29554748535156,31.641645431518555,70.75582122802734,55.52672576904297
2017-11-29,39.58308792114258,116.30810546875,58.063499450683594,115.21184539794922,50.63655471801758,110.04682159423828,82.17302703857422,31.637651443481445,70.73998260498047,55.93464279174805
2017-11-30,40.13663101196289,114.4239273071289,58.837501525878906,117.79049682617188,50.62416458129883,109.66903686523438,82.79885864257812,31.691781997680664,71.2227783203125,56.628150939941406
2017-12-01,39.949771881103516,114.16956329345703,58.11750030517578,118.09925842285156,50.06707000732422,110.1806640625,83.01275634765625,31.57748794555664,71.515625,56.74372100830078
2017-12-04,39.657833099365234,110.48075866699219,56.6974983215332,118.08256530761719,49.49759292602539,109.4171371459961,84.72382354736328,31.276683807373047,72.34664154052734,56.81852722167969
2017-12-05,39.62046432495117,111.90380096435547,57.07849884033203,116.94762420654297,49.81827163696289,109.93663787841797,83.74945831298828,31.210512161254883,72.33871459960938,56.356201171875
2017-12-06,39.47331619262695,112.73060607910156,57.61750030517578,117.11455535888672,50.4739875793457,111.03073120117188,83.12364196777344,31.639652252197266,72.22000885009766,55.941444396972656
2017-12-07,39.54571533203125,114.56706237792969,57.989498138427734,119.2425308227539,51.09600830078125,110.20423889160156,82.87805938720703,31.71986961364746,71.30985260009766,56.12503433227539
2017-12-08,39.55740737915039,113.26325225830078,58.099998474121094,120.05200958251953,51.399330139160156,110.66077423095703,83.91583251953125,31.890304565429688,71.52351379394531,56.199825286865234
2017-12-11,40.328147888183594,114.51936340332031,58.44599914550781,119.97686004638672,51.60005569458008,111.09371185302734,83.67024230957031,31.934429168701172,71.41273498535156,56.45136642456055
2017-12-12,40.101585388183594,114.09003448486328,58.25400161743164,119.68482971191406,51.569332122802734,112.24288940429688,84.64462280273438,31.497276306152344,71.1119384765625,56.267791748046875
2017-12-13,40.23471450805664,114.26497650146484,58.20650100708008,123.98253631591797,51.57577133178711,112.47116088867188,83.5831069946289,31.376953125,71.92716217041016,56.5125617980957
2017-12-14,40.223045349121094,114.19342041015625,58.7130012512207,122.07149505615234,51.9990348815918,111.49513244628906,82.90975189208984,31.679746627807617,72.02213287353516,56.36298370361328
2017-12-15,40.63176345825195,113.49382019042969,58.957000732421875,122.41365051269531,52.744468688964844,112.13273620605469,84.08216857910156,31.76999282836914,72.72652435302734,56.45136642456055
2017-12-18,41.2039680480957,113.5573959350586,59.52899932861328,124.98394775390625,53.38630676269531,111.61323547363281,84.7317886352539,31.352886199951172,72.7186279296875,56.39017105102539
2017-12-19,40.76488494873047,112.7783203125,59.36899948120117,125.93525695800781,53.066131591796875,111.59744262695312,84.37528991699219,30.901695251464844,72.56031799316406,56.05023956298828
2017-12-20,40.72051239013672,111.45067596435547,58.88100051879883,127.2787857055664,52.78213882446289,111.10944366455078,84.08216857910156,30.809450149536133,72.44161224365234,56.34259033203125
2017-12-21,40.87464904785156,110.98954772949219,58.737998962402344,129.04795837402344,52.71670913696289,111.03073120117188,85.42098236083984,30.977903366088867,72.55242156982422,57.008888244628906
2017-12-22,40.87464904785156,111.82430267333984,58.417999267578125,129.9742889404297,52.542747497558594,110.29084777832031,85.11994171142578,30.989933013916016,72.91645812988281,57.0904655456543
2017-12-26,39.83767318725586,112.02307891845703,58.8380012512207,130.55007934570312,52.37522506713867,110.26725006103516,84.77930450439453,30.88164710998535,73.1935043334961,57.09725570678711
2017-12-27,39.84467697143555,113.10166931152344,59.112998962402344,131.45135498046875,52.009944915771484,110.64507293701172,84.93773651123047,31.140331268310547,72.8927230834961,57.042869567871094
2017-12-28,39.9567985534668,114.18028259277344,59.30500030517578,132.20242309570312,51.94898223876953,110.63717651367188,85.3892822265625,31.352886199951172,72.86898803710938,57.12446212768555
2017-12-29,39.52470779418945,113.98848724365234,58.4734992980957,131.5014190673828,51.86274337768555,109.97598266601562,84.71593475341797,31.320804595947266,72.7186279296875,56.86611557006836
2018-01-02,40.23237609863281,112.758056640625,59.45050048828125,131.05079650878906,52.78461456298828,109.59030151367188,85.51602172851562,31.10023307800293,71.74514770507812,57.81113815307617
2018-01-03,40.225372314453125,113.19751739501953,60.209999084472656,131.25103759765625,53.650978088378906,110.63717651367188,85.60316467285156,30.440473556518555,71.65806579589844,58.946571350097656
2018-01-04,40.412200927734375,111.5436782836914,60.47949981689453,133.05357360839844,53.84526443481445,110.6292953491211,86.82950592041016,30.28406524658203,72.16458892822266,59.02815246582031
2018-01-05,40.87233352661133,112.26273345947266,61.457000732421875,135.15655517578125,54.62984085083008,111.54239654541016,86.27205657958984,30.422426223754883,72.21207427978516,58.98054885864258
2018-01-08,40.72051239013672,113.46116638183594,62.34349822998047,138.552978515625,54.863285064697266,111.68404388427734,86.39948272705078,30.673084259033203,72.59199523925781,59.245723724365234
2018-01-09,40.71583938598633,112.69418334960938,62.6349983215332,138.8867645263672,54.82958221435547,113.45503997802734,86.83747100830078,30.448497772216797,72.06172180175781,58.994171142578125
2018-01-10,40.70649337768555,109.94573211669922,62.71649932861328,138.41949462890625,54.648677825927734,113.32123565673828,87.79302215576172,30.197832107543945,71.60265350341797,58.525028228759766
2018-01-11,40.937713623046875,107.83647918701172,63.83399963378906,141.1983642578125,54.79290771484375,113.9666748046875,88.26282501220703,30.179784774780273,71.34939575195312,59.102962493896484
2018-01-12,41.36045455932617,106.2624740600586,65.26000213623047,142.11634826660156,55.62259292602539,114.73018646240234,89.7200927734375,30.143692016601562,70.92201232910156,59.50408935546875
2018-01-16,41.150245666503906,108.3637924194336,65.24299621582031,141.2902069091797,55.597801208496094,115.59603118896484,89.40156555175781,30.18780517578125,71.40481567382812,59.130130767822266
2018-01-17,41.82990264892578,109.17073822021484,64.75,140.6142578125,56.104347229003906,115.69044494628906,89.97491455078125,30.456525802612305,72.18042755126953,59.830440521240234
2018-01-18,41.86727523803711,108.01224517822266,64.66600036621094,140.8896026611328,55.99579620361328,115.64321899414062,90.18991088867188,30.235942840576172,71.91725158691406,59.44292068481445
2018-01-19,41.68042755126953,109.9537124633789,64.72899627685547,142.86819458007812,56.37842559814453,115.98956298828125,89.99082946777344,30.111610412597656,72.62702941894531,59.252525329589844
2018-01-22,41.33942794799805,111.24806213378906,66.3655014038086,143.2705841064453,57.285430908203125,116.60356903076172,91.04196166992188,30.083528518676758,73.28094482421875,60.00040817260742
2018-01-23,41.3487663269043,112.81404113769531,68.12699890136719,142.0465545654297,57.987247467041016,111.6368408203125,90.94640350341797,30.624963760375977,71.01609802246094,60.034400939941406
2018-01-24,40.690147399902344,113.26145935058594,67.87550354003906,141.1327667236328,57.70325469970703,111.82575225830078,92.10900115966797,30.249969482421875,70.42597198486328,60.190773010253906
2018-01-25,39.963783264160156,114.22024536132812,68.89749908447266,141.99623107910156,58.00707244873047,113.65971374511719,92.13288116455078,30.699161529541016,70.44986724853516,60.082000732421875
2018-01-26,40.05720901489258,115.95394897460938,70.10250091552734,140.05960083007812,58.278175354003906,114.3917465209961,92.62661743164062,31.621606826782227,69.96343231201172,60.51031494140625
2018-01-29,39.22808074951172,115.31476593017578,70.88400268554688,136.30369567871094,58.26529312133789,113.09298706054688,92.53105926513672,31.21852684020996,69.26959228515625,59.83723068237305
2018-01-30,38.99687576293945,115.96995544433594,71.89099884033203,137.2929229736328,57.67599105834961,112.10906219482422,91.66307067871094,31.102231979370117,69.34136962890625,59.00096893310547
2018-01-31,39.104305267333984,118.00730895996094,72.54450225830078,136.47134399414062,57.98575210571289,108.77172088623047,92.10900115966797,31.767982482910156,68.85489654541016,59.35449981689453
2018-02-01,39.18605422973633,117.49595642089844,69.5,136.0186004638672,57.87473678588867,110.21214294433594,93.0645980834961,31.35088539123535,68.46414947509766,60.557926177978516
2018-02-02,37.48575210571289,116.02587890625,71.49749755859375,132.036376953125,55.10912322998047,108.37027740478516,91.00213623046875,31.266666412353516,67.18817138671875,57.4712028503418
2018-02-05,36.5492057800293,113.48514556884766,69.5,126.66233825683594,52.32863235473633,102.63220977783203,86.63837432861328,30.93978500366211,64.6441879272461,54.2009391784668
2018-02-06,38.0766487121582,111.9910888671875,72.14199829101562,131.13087463378906,53.557796478271484,103.76565551757812,89.27417755126953,29.99129867553711,65.69688415527344,53.26947784423828
2018-02-07,37.26153564453125,111.85527801513672,70.83899688720703,129.3953857421875,51.97079086303711,103.44292449951172,89.87934875488281,29.696508407592773,65.26619720458984,52.31083679199219
2018-02-08,36.23623275756836,106.71793365478516,67.5250015258789,122.39495086669922,49.63835525512695,99.46014404296875,85.90576934814453,29.135025024414062,63.974300384521484,51.71931838989258
2018-02-09,36.67946243286133,108.6993179321289,66.9800033569336,125.09454345703125,51.435508728027344,101.95528411865234,87.62578582763672,29.69852066040039,63.73506546020508,52.04900360107422
2018-02-12,38.156856536865234,108.8431396484375,69.3115005493164,127.67675018310547,52.13731384277344,102.53777313232422,88.9795150756836,30.07952308654785,64.85951232910156,52.48858642578125
2018-02-13,38.53909683227539,108.90709686279297,70.72550201416016,129.0852508544922,52.14524841308594,102.29376220703125,89.52898406982422,30.294086456298828,64.99507904052734,52.40617752075195
2018-02-14,39.249664306640625,108.24392700195312,72.55249786376953,132.5142364501953,53.017555236816406,102.06549835205078,91.59939575195312,30.095563888549805,64.34112548828125,52.51607894897461
2018-02-15,40.56760025024414,108.83517456054688,73.08799743652344,134.12391662597656,53.99989700317383,103.29338073730469,91.98162078857422,30.967870712280273,65.72080993652344,52.34435272216797
2018-02-16,40.436279296875,111.8712387084961,72.43450164794922,131.03025817871094,54.2615966796875,104.80465698242188,91.3206787109375,31.292734146118164,65.87230682373047,52.571006774902344
2018-02-20,40.300262451171875,111.24806213378906,73.4175033569336,130.41824340820312,54.64124298095703,103.01004791259766,91.34457397460938,30.84354591369629,64.86748504638672,52.02839279174805
2018-02-21,40.11733627319336,109.80990600585938,74.14600372314453,130.14161682128906,55.081363677978516,102.25439453125,91.72676849365234,30.432451248168945,63.990238189697266,51.437713623046875
2018-02-22,40.45268630981445,111.04029846191406,74.26699829101562,133.18490600585938,54.847923278808594,102.25439453125,91.55955505371094,30.542743682861328,64.46873474121094,52.10395812988281
2018-02-23,41.15621566772461,113.34933471679688,75.0,136.16114807128906,55.847110748291016,103.91519165039062,93.41495513916016,31.334840774536133,64.63621520996094,53.25098419189453
2018-02-26,41.96995162963867,114.04444122314453,76.09750366210938,137.23426818847656,56.68769836425781,104.62024688720703,94.57756805419922,31.233858108520508,65.09874725341797,54.1507453918457
2018-02-27,41.83395767211914,112.41453552246094,75.5989990234375,135.19703674316406,55.42583084106445,104.30337524414062,93.45478820800781,30.63401985168457,64.22949981689453,53.23036575317383
2018-02-28,41.7706184387207,111.31996154785156,75.62249755859375,129.63861083984375,54.753746032714844,102.88538360595703,91.9736557006836,30.728940963745117,62.618568420410156,52.021541595458984
2018-03-01,41.03897476196289,108.15605926513672,74.67250061035156,125.94971466064453,53.00864028930664,100.82579040527344,90.32527160644531,30.947065353393555,62.762115478515625,51.65064239501953
2018-03-02,41.32271957397461,107.06144714355469,75.01249694824219,122.7219467163086,53.47453308105469,102.04571533203125,90.23768615722656,30.870325088500977,63.40011215209961,51.891029357910156
2018-03-05,41.46575927734375,109.30657958984375,76.18049621582031,126.69581604003906,54.06978225708008,102.8141098022461,91.62324523925781,31.308591842651367,64.03012084960938,52.38555908203125
2018-03-06,41.43059158325195,110.96041870117188,76.88200378417969,128.9008026123047,54.274478912353516,101.57040405273438,91.7029037475586,30.9531307220459,63.814796447753906,52.32374572753906
2018-03-07,41.04600524902344,111.85527801513672,77.25,127.02278900146484,54.997100830078125,102.22000122070312,91.36050415039062,30.91071891784668,63.129005432128906,51.0050163269043
2018-03-08,41.49391174316406,114.04444122314453,77.59300231933594,128.7666015625,55.80795669555664,104.61233520507812,91.36841583251953,31.165193557739258,63.77491760253906,50.908843994140625
2018-03-09,42.206809997558594,114.71559143066406,78.94450378417969,132.67352294921875,57.495079040527344,105.99066925048828,93.99626922607422,31.26617431640625,64.03012084960938,51.2110710144043
2018-03-12,42.6148567199707,115.91402435302734,79.91950225830078,129.52955627441406,57.71613311767578,105.06383514404297,93.69367218017578,31.181352615356445,63.68719482421875,51.678096771240234
2018-03-13,42.2044563293457,116.84879302978516,79.40899658203125,128.85049438476562,56.411136627197266,106.42633819580078,92.57088470458984,31.237892150878906,63.5755729675293,51.190452575683594
2018-03-14,41.84568405151367,117.01658630371094,79.55000305175781,127.88632202148438,56.97219467163086,104.81824493408203,91.53565979003906,31.912456512451172,63.001365661621094,50.55169677734375
2018-03-15,41.89491653442383,117.16841888427734,79.11599731445312,129.5883026123047,56.97665023803711,105.40447998046875,91.76661682128906,31.938709259033203,62.738189697265625,51.11490249633789
2018-03-16,41.747196197509766,117.08851623535156,78.58399963378906,131.17279052734375,56.29020690917969,105.89558410644531,91.92584991455078,32.524417877197266,62.97745132446289,51.595699310302734
2018-03-19,41.109310150146484,115.94597625732422,77.24649810791016,127.55937957763672,54.510398864746094,103.17059326171875,91.20122528076172,32.300228118896484,62.73023223876953,50.92945098876953
2018-03-20,41.09526062011719,116.8967514038086,79.32550048828125,129.16067504882812,54.405826568603516,103.93896484375,91.28882598876953,32.39918518066406,62.45109176635742,50.819549560546875
2018-03-21,40.164249420166016,113.71684265136719,79.09300231933594,130.61944580078125,54.06731033325195,103.92312622070312,91.36841583251953,32.33051300048828,61.43830108642578,51.540740966796875
2018-03-22,39.596736907958984,114.26013946533203,77.24600219726562,123.15788269042969,51.99557113647461,100.90501403808594,87.55413818359375,32.69609069824219,60.93589401245117,50.483009338378906
2018-03-23,38.6798095703125,113.66893768310547,74.77799987792969,120.9697036743164,50.63208770751953,99.09886932373047,85.21298217773438,32.21137237548828,60.53715515136719,50.06403350830078
2018-03-26,40.516021728515625,116.01787567138672,77.79299926757812,125.07780456542969,52.20027160644531,100.91295623779297,87.84080505371094,32.603179931640625,60.93589401245117,50.82643508911133
2018-03-27,39.477134704589844,115.41864776611328,74.85250091552734,123.23336029052734,49.81578826904297,100.77034759521484,86.13670349121094,32.83746337890625,62.03642654418945,50.620361328125
2018-03-28,39.04095458984375,115.29084777832031,71.57099914550781,121.69911193847656,49.78902816772461,100.9604721069336,86.00130462646484,32.7728271484375,62.87375259399414,50.009090423583984
2018-03-29,39.34580993652344,116.12174987792969,72.36699676513672,123.56028747558594,51.13862228393555,101.51496124267578,87.5700454711914,32.986900329589844,63.22465133666992,51.24541473388672
2018-04-02,39.08785629272461,114.91532897949219,68.59950256347656,120.63436126708984,49.883689880371094,98.6711196899414,85.88186645507812,32.79302215576172,61.72541427612305,50.29068374633789
2018-04-03,39.48885726928711,112.98978424072266,69.60250091552734,121.61531829833984,50.227657318115234,101.67340087890625,87.06043243408203,32.718299865722656,62.57069778442383,51.52701187133789
2018-04-04,40.24397659301758,114.2921371459961,70.52850341796875,121.7158432006836,50.80903244018555,103.30526733398438,88.38227844238281,32.78494644165039,63.041236877441406,51.423988342285156
2018-04-05,40.52305221557617,115.11507415771484,72.5875015258789,124.1891098022461,50.94136047363281,103.54288482666016,89.54280090332031,33.12221908569336,62.84185028076172,52.2138557434082
2018-04-06,39.486515045166016,113.58102416992188,70.2614974975586,119.87980651855469,49.91194152832031,101.4753646850586,87.309814453125,32.86977005004883,62.54682540893555,51.423988342285156
2018-04-09,39.878143310546875,114.40398406982422,70.30400085449219,119.955322265625,50.32876205444336,102.56852722167969,88.3582992553711,32.74456024169922,62.33149719238281,51.423988342285156
2018-04-10,40.62857437133789,110.35595703125,71.81099700927734,124.15557861328125,51.131187438964844,103.17849731445312,90.04703521728516,32.67790603637695,62.49895095825195,52.93504333496094
2018-04-11,40.438621520996094,112.37999725341797,71.35250091552734,123.06566619873047,50.55279541015625,102.68736267089844,88.53435516357422,32.524417877197266,62.419193267822266,53.182308197021484
2018-04-12,40.8372917175293,111.14310455322266,72.42500305175781,125.87417602539062,51.17430877685547,103.32109069824219,90.73531341552734,32.126556396484375,62.03642654418945,53.03805923461914
2018-04-13,40.97565460205078,111.56075286865234,71.53949737548828,125.94971466064453,51.01372528076172,103.47156524658203,88.27825164794922,32.358795166015625,62.49895095825195,53.46390914916992
2018-04-16,41.231258392333984,111.25553131103516,72.07499694824219,127.55101776123047,51.44541931152344,104.3746566772461,88.20622253417969,32.74253845214844,62.690345764160156,53.944705963134766
2018-04-17,41.79877471923828,113.26348876953125,75.19149780273438,128.53192138671875,53.23860549926758,103.40823364257812,88.20622253417969,32.96470260620117,62.54682540893555,53.800472259521484
2018-04-18,41.704978942871094,112.2916030883789,76.39199829101562,130.7451934814453,53.13551712036133,101.1743392944336,87.49390411376953,32.89197540283203,62.363365173339844,54.4117546081543
2018-04-19,40.52305221557617,110.37203979492188,77.84549713134766,130.53561401367188,53.90969467163086,101.03965759277344,89.41473388671875,32.827362060546875,60.32466125488281,54.54911804199219
2018-04-20,38.86272430419922,109.72948455810547,76.37449645996094,129.12852478027344,53.17913055419922,100.33464050292969,89.21464538574219,32.47392654418945,59.39906692504883,54.26064682006836
2018-04-23,38.750160217285156,110.99852752685547,75.89299774169922,129.7519989013672,52.90604782104492,100.46932220458984,88.78245544433594,32.54259490966797,58.755165100097656,54.65215301513672
2018-04-24,38.21078872680664,110.0025863647461,73.00450134277344,121.70520782470703,50.55329132080078,99.96234893798828,88.36629486083984,32.752628326416016,58.352745056152344,53.814208984375
2018-04-25,38.377296447753906,109.01466369628906,73.00849914550781,122.33711242675781,50.612762451171875,100.41388702392578,88.0301284790039,32.38100814819336,58.1917610168457,54.60408020019531
2018-04-26,38.51096725463867,109.90620422363281,75.89800262451172,123.28084564208984,51.547515869140625,101.4040756225586,88.11817932128906,32.96268844604492,58.553958892822266,55.5381965637207
2018-04-27,38.065399169921875,108.62112426757812,78.63099670410156,121.94109344482422,51.05238723754883,101.61004638671875,87.55793762207031,33.114139556884766,58.602230072021484,53.4295539855957
2018-04-30,38.75484848022461,109.52068328857422,78.30650329589844,121.63778686523438,50.421939849853516,100.1999740600586,87.06171417236328,33.104061126708984,58.22395706176758,53.402095794677734
2018-05-01,39.655364990234375,108.50868225097656,79.11299896240234,121.68833923339844,51.41221618652344,99.81976318359375,87.06171417236328,32.96470260620117,57.918113708496094,52.852622985839844
2018-05-02,41.407142639160156,109.6090316772461,78.48400115966797,121.21647644042969,50.771366119384766,97.83145141601562,86.37342834472656,33.01114273071289,57.0971565246582,52.74958801269531
2018-05-03,41.482181549072266,110.50056457519531,78.60399627685547,121.1490707397461,50.7386589050293,97.45911407470703,85.82916259765625,32.9323844909668,57.4351921081543,52.571006774902344
2018-05-04,43.10966873168945,111.52057647705078,79.04750061035156,123.3313980102539,51.95245361328125,98.37802124023438,86.78158569335938,33.140403747558594,58.29639434814453,52.81827163696289
2018-05-07,43.421573638916016,110.9502944946289,80.00700378417969,126.23837280273438,52.27857208251953,97.90271759033203,87.53392028808594,32.9909553527832,57.9342155456543,53.395225524902344
2018-05-08,43.63026809692383,110.04273223876953,79.61949920654297,126.33106994628906,52.23495864868164,97.12642669677734,88.83048248291016,32.29620361328125,57.499568939208984,53.6356201171875
2018-05-09,43.93748474121094,110.79772186279297,80.4000015258789,128.58921813964844,53.66485595703125,97.83937072753906,90.76731872558594,31.969009399414062,58.24809265136719,54.8994255065918
2018-05-10,44.565956115722656,112.35587310791016,80.4540023803711,129.73519897460938,54.398887634277344,99.29695129394531,91.47163391113281,32.360809326171875,58.875911712646484,56.12886428833008
2018-05-11,44.39646911621094,111.52862548828125,80.14550018310547,130.48507690429688,54.43307113647461,100.79409790039062,91.12750244140625,32.46382522583008,59.052974700927734,56.392513275146484
2018-05-14,44.29289245605469,111.07080841064453,80.0770034790039,130.83901977539062,54.529232025146484,99.85936737060547,91.15949249267578,32.35476303100586,58.98054122924805,56.77408981323242
2018-05-15,43.89032745361328,109.79376220703125,78.80599975585938,128.57237243652344,53.48989486694336,99.12262725830078,90.46319580078125,32.08211898803711,58.714927673339844,56.74635314941406
2018-05-16,44.29994583129883,109.6090316772461,79.36399841308594,129.5919189453125,53.61578369140625,99.29695129394531,90.71129608154297,31.742809295654297,59.18174743652344,56.905914306640625
2018-05-17,44.019805908203125,109.91426086425781,79.08799743652344,129.49923706054688,53.45817947387695,98.10870361328125,90.40716552734375,31.59134292602539,59.52784729003906,56.80879592895508
2018-05-18,43.859737396240234,110.07486724853516,78.71849822998047,131.20132446289062,52.852020263671875,98.4176254272461,88.94252014160156,31.597400665283203,59.11736297607422,56.406375885009766
2018-05-21,44.17048263549805,110.33993530273438,79.27300262451172,133.9060516357422,53.50724411010742,98.0057144165039,89.75886535644531,32.358795166015625,59.60831832885742,57.08631896972656
2018-05-22,44.05982971191406,110.15518188476562,79.06999969482422,131.61415100097656,53.019046783447266,97.36408233642578,90.44718933105469,32.19925308227539,59.584171295166016,56.642269134521484
2018-05-23,44.34233474731445,109.8982162475586,80.09300231933594,132.91177368164062,53.512691497802734,97.7918472290039,90.03099822998047,32.37091827392578,59.70491409301758,56.996131896972656
2018-05-24,44.29289245605469,108.8299560546875,80.15350341796875,132.87802124023438,53.490394592285156,96.84124755859375,89.02254486083984,32.55672073364258,59.374908447265625,55.69175720214844
2018-05-25,44.39411163330078,109.49658203125,80.50749969482422,131.3192596435547,53.312957763671875,96.93700408935547,88.5663833618164,32.80311965942383,59.80954360961914,54.60942840576172
2018-05-29,44.234039306640625,109.20744323730469,80.64350128173828,129.44024658203125,52.55265426635742,95.28507995605469,84.7807388305664,33.06769943237305,59.600276947021484,54.40821838378906
2018-05-30,44.1398811340332,110.70135498046875,81.24449920654297,130.99066162109375,52.92338943481445,96.53800201416016,86.7175521850586,33.378726959228516,60.27637481689453,56.54513931274414
2018-05-31,43.99156188964844,111.13505554199219,81.48100280761719,127.99942016601562,53.77538299560547,95.46065521240234,85.64508819580078,33.487789154052734,58.89200210571289,56.36473846435547
2018-06-01,44.78490447998047,111.25553131103516,82.0770034790039,129.3560028076172,55.48579788208008,96.76942443847656,86.7575912475586,32.93642044067383,59.11736297607422,56.77408981323242
2018-06-04,45.15921401977539,112.49241638183594,83.26349639892578,128.4965057373047,56.46665573120117,97.32006072998047,86.797607421875,32.77374267578125,59.70491409301758,56.17744064331055
2018-06-05,45.50761795043945,111.56876373291016,84.81749725341797,128.92628479003906,56.484989166259766,96.94500732421875,86.30937957763672,32.39348220825195,59.53587341308594,55.97622299194336
2018-06-06,45.665340423583984,111.67316436767578,84.7874984741211,131.8753662109375,56.34720230102539,97.99040985107422,88.32627868652344,31.74886703491211,59.84174728393555,56.93367385864258
2018-06-07,45.542930603027344,110.98243713378906,84.46499633789062,131.6899871826172,55.7018928527832,98.42134094238281,88.67843627929688,31.79970932006836,60.97660446166992,57.50259017944336
2018-06-08,45.12860870361328,111.30374145507812,84.19950103759766,130.87266540527344,55.55369567871094,99.00390625,88.92652130126953,31.885116577148438,62.11951446533203,58.00213623046875
2018-06-11,45.017967224121094,112.15508270263672,84.45600128173828,131.69842529296875,56.00571060180664,97.88665008544922,88.70242309570312,31.600421905517578,62.40121078491211,57.655235290527344
2018-06-12,45.26514434814453,113.35984802246094,84.9375,132.7011260986328,56.468135833740234,97.79092407226562,88.1902084350586,32.00914764404297,62.16780471801758,57.183433532714844
2018-06-13,44.8931999206543,109.60099792480469,85.24299621582031,130.35867309570312,56.24361801147461,97.86272430419922,88.01412963867188,31.954252243041992,61.54805374145508,56.552093505859375
2018-06-14,44.9167366027832,111.1190185546875,86.19300079345703,129.03579711914062,57.1025390625,97.68712615966797,86.46145629882812,32.29588317871094,61.16171646118164,56.815731048583984
2018-06-15,44.455326080322266,111.2876968383789,85.79850006103516,126.40685272216797,57.10947799682617,97.84674835205078,86.35741424560547,32.442283630371094,62.28048324584961,55.96234130859375
2018-06-18,44.43177795410156,111.64302825927734,86.18949890136719,125.27778625488281,58.160213470458984,96.81731414794922,86.5815200805664,32.619205474853516,61.04099655151367,56.073360443115234
2018-06-19,43.71377944946289,112.32955169677734,86.73899841308594,120.74462890625,57.892578125,97.81482696533203,86.07727813720703,33.14586639404297,61.43537139892578,55.99008560180664
2018-06-20,43.90446090698242,113.50870513916016,87.50399780273438,120.60137939453125,57.98080062866211,97.39187622070312,86.06928253173828,33.08488082885742,61.049034118652344,55.81665802001953
2018-06-21,43.65964126586914,114.42945098876953,86.51100158691406,117.56803131103516,57.37712478637695,96.92103576660156,86.04528045654297,33.22111129760742,61.523895263671875,55.28935623168945
2018-06-22,43.532508850097656,115.35022735595703,85.78350067138672,117.91348266601562,57.269073486328125,98.03031921386719,84.63665008544922,33.41023254394531,62.32072067260742,56.46188735961914
2018-06-25,42.88511657714844,114.80905151367188,83.15750122070312,115.08235168457031,55.74897384643555,97.83077239990234,83.86832427978516,33.83726119995117,62.61048889160156,55.32404327392578
2018-06-26,43.41715621948242,115.63290405273438,84.55449676513672,114.20606231689453,55.43424987792969,97.63927459716797,83.92436218261719,33.91249465942383,62.77949905395508,55.94847869873047
2018-06-27,43.35359573364258,115.77827453613281,83.02549743652344,113.42240905761719,54.716575622558594,97.0487289428711,82.6277847290039,34.178890228271484,62.52996826171875,56.69084167480469
2018-06-28,43.66904830932617,116.51319885253906,85.07250213623047,114.6189193725586,55.22410202026367,97.35997772216797,83.98038482666016,33.92063522338867,62.819740295410156,56.87124252319336
2018-06-29,43.57723617553711,116.4405517578125,84.98999786376953,114.3155746459961,55.294979095458984,96.83325958251953,83.3961181640625,33.96536636352539,62.82781219482422,57.39854049682617
2018-07-02,44.06453323364258,116.84435272216797,85.68900299072266,114.83796691894531,55.88032531738281,97.02477264404297,84.10043334960938,34.36799240112305,62.88411331176758,56.725547790527344
2018-07-03,43.297088623046875,115.51982116699219,84.697998046875,112.76519775390625,54.662559509277344,97.92656707763672,82.92391967773438,34.2764892578125,62.699005126953125,57.058563232421875
2018-07-05,43.6455078125,117.65205383300781,84.98650360107422,114.43353271484375,55.72221374511719,99.75406646728516,83.46306610107422,34.272422790527344,63.75338363647461,57.10712814331055
2018-07-06,44.250518798828125,117.7651138305664,85.53150177001953,114.09646606445312,56.51026916503906,100.35258483886719,83.73665618896484,34.632354736328125,63.83384704589844,57.12099838256836
2018-07-09,44.86494445800781,114.83329772949219,86.95099639892578,118.78133392333984,57.19819641113281,100.59200286865234,86.3277587890625,33.61764907836914,62.66682052612305,57.5164680480957
2018-07-10,44.81079864501953,115.93169403076172,87.15350341796875,119.01729583740234,57.13822555541992,101.65338134765625,85.79669189453125,34.04874801635742,64.2443618774414,58.04375457763672
2018-07-11,44.22932434082031,115.82672119140625,87.75,115.23399353027344,57.19076156616211,100.74361419677734,85.61161041259766,34.245994567871094,63.71317672729492,57.3013801574707
2018-07-12,44.97087860107422,116.10941314697266,89.83100128173828,117.47532653808594,58.656837463378906,101.95662689208984,85.98176574707031,34.26225662231445,63.49583053588867,57.370784759521484
2018-07-13,45.0415153503418,115.68133544921875,90.65149688720703,118.59599304199219,58.921512603759766,100.49624633789062,85.58747863769531,34.471710205078125,63.83384704589844,57.800933837890625
2018-07-16,44.94263458251953,114.49411010742188,91.12449645996094,116.34622192382812,58.6756706237793,99.50666809082031,88.98326110839844,34.46764373779297,64.01093292236328,57.23203659057617
2018-07-17,45.06976318359375,114.8252182006836,92.19650268554688,117.07930755615234,59.41614532470703,103.03398895263672,88.91889953613281,34.612022399902344,64.41336059570312,57.10712814331055
2018-07-18,44.822574615478516,114.18718719482422,92.14600372314453,118.90776062011719,59.27142333984375,101.98855590820312,89.74776458740234,34.45137023925781,64.16387939453125,57.044681549072266
2018-07-19,45.17097473144531,114.42137908935547,90.64849853515625,118.19562530517578,58.82931900024414,100.50421142578125,88.42804718017578,34.62015914916992,63.94215393066406,56.89899444580078
2018-07-20,45.0673942565918,113.37950134277344,90.68499755859375,115.99143981933594,58.72771453857422,100.43238067626953,89.54657745361328,34.56321334838867,63.901546478271484,56.47576904296875
2018-07-23,45.10741424560547,113.75102996826172,90.0999984741211,115.53361511230469,59.74822235107422,101.05484008789062,91.2123031616211,34.33139419555664,63.763465881347656,56.47576904296875
2018-07-24,45.43464660644531,114.34062957763672,91.46199798583984,116.96634674072266,61.858612060546875,103.23347473144531,91.8560562133789,34.612022399902344,64.15330505371094,57.592796325683594
2018-07-25,45.86309814453125,115.44712829589844,93.18049621582031,119.09426879882812,62.63278579711914,102.6429443359375,92.68490600585938,34.111778259277344,64.54315948486328,57.995208740234375
2018-07-26,45.7194938659668,116.71514129638672,90.4000015258789,120.87457275390625,62.86225891113281,103.9676513671875,92.41932678222656,34.195152282714844,65.04668426513672,58.44617462158203
2018-07-27,44.95911407470703,116.61016845703125,90.8635025024414,120.85762023925781,61.3838005065918,104.98118591308594,93.368896484375,33.955196380615234,65.44467163085938,56.83652114868164
2018-07-30,44.70722198486328,115.26944732666016,88.96099853515625,118.47537994384766,60.45399475097656,105.47593688964844,93.93217468261719,33.80269241333008,65.13603210449219,56.71166229248047
2018-07-31,44.79668045043945,119.72772979736328,88.87200164794922,121.90884399414062,60.33107376098633,105.75524139404297,92.49978637695312,34.06908416748047,65.68829345703125,56.552093505859375
2018-08-01,47.435646057128906,121.28652954101562,89.8584976196289,117.44959259033203,60.467376708984375,105.85103607177734,93.07115173339844,34.14227294921875,65.50152587890625,55.775028228759766
2018-08-02,48.82223129272461,119.7035140991211,91.71649932861328,117.00025939941406,60.77169418334961,104.74176788330078,93.4654312133789,34.457462310791016,66.59794616699219,55.44199752807617
2018-08-03,48.963478088378906,121.94882202148438,91.16449737548828,117.4241714477539,60.650760650634766,105.30036926269531,94.22187042236328,34.803165435791016,66.86595153808594,55.64320755004883
2018-08-06,49.217716217041016,121.88418579101562,92.38749694824219,118.24647521972656,60.70329666137695,105.35627746582031,94.2459945678711,34.77470016479492,67.020263671875,55.62932586669922
2018-08-07,48.756317138671875,121.17340850830078,93.1240005493164,120.70501708984375,61.568172454833984,104.90936279296875,94.5920181274414,34.69742202758789,67.11772918701172,56.38557815551758
2018-08-08,48.78927230834961,120.60000610351562,94.32599639892578,118.44148254394531,61.7361946105957,104.67789459228516,94.7851333618164,34.58557891845703,66.88218688964844,56.01091766357422
2018-08-09,49.173004150390625,121.60953521728516,94.9260025024414,117.4326171875,61.9091682434082,104.70184326171875,94.05286407470703,34.74215316772461,66.11063385009766,55.72646713256836
2018-08-10,49.02653503417969,120.48696899414062,94.31500244140625,115.22843170166016,61.33968734741211,104.34275817871094,93.12747192382812,34.758426666259766,66.135009765625,55.670372009277344
2018-08-13,49.34308624267578,120.3496322631836,94.80999755859375,114.4654769897461,61.21082305908203,103.91979217529297,91.64683532714844,34.833683013916016,66.20812225341797,55.06755065917969
2018-08-14,49.550968170166016,120.43041229248047,95.98249816894531,114.38066864013672,61.56222915649414,103.34519958496094,92.25840759277344,34.96381378173828,66.03752899169922,54.892311096191406
2018-08-15,49.66673278808594,120.77767944335938,94.13099670410156,111.92214965820312,60.18833923339844,104.08737182617188,91.49392700195312,35.1325798034668,66.84156799316406,53.93199920654297
2018-08-16,50.394351959228516,120.92308807373047,94.32599639892578,115.51664733886719,59.79728317260742,105.72335052490234,92.35494995117188,35.54335403442383,67.97052001953125,54.67500305175781
2018-08-17,51.400718688964844,122.09417724609375,94.11100006103516,118.12781524658203,59.52320098876953,107.31143951416016,92.35494995117188,35.62063217163086,67.97052001953125,54.85725021362305
2018-08-20,50.89990234375,121.7872543334961,93.83550262451172,117.55976867675781,59.860721588134766,109.23467254638672,92.23426055908203,35.443721771240234,67.92990112304688,55.242774963378906
2018-08-21,50.800682067871094,120.56767272949219,94.1709976196289,118.6788558959961,59.555908203125,108.01368713378906,92.79756164550781,35.10411834716797,68.14105987548828,55.25681686401367
2018-08-22,50.803035736083984,119.62274932861328,95.24500274658203,118.37366485595703,59.83892059326172,107.42316436767578,92.51589965820312,34.917049407958984,67.72686004638672,56.048892974853516
2018-08-23,50.90699005126953,119.03316497802734,95.1449966430664,115.96597290039062,59.74227523803711,107.82215881347656,92.32278442382812,34.90078353881836,67.60501861572266,55.43205642700195
2018-08-24,51.06526565551758,119.58233642578125,95.26950073242188,117.16983032226562,60.49909973144531,108.49250030517578,92.28255462646484,35.11836242675781,67.70249938964844,55.81057357788086
2018-08-27,51.48577117919922,119.83271026611328,96.38400268554688,120.41676330566406,61.54834747314453,108.38810729980469,93.91606140136719,34.8661994934082,67.7674789428711,56.357330322265625
2018-08-28,51.90155792236328,121.22998046875,96.64099884033203,120.3828353881836,61.01951217651367,107.90608215332031,93.45738983154297,34.68319320678711,67.79995727539062,56.273197174072266
2018-08-29,52.67640686035156,121.51261901855469,99.90499877929688,120.2641830444336,61.91907501220703,108.33990478515625,93.151611328125,34.90424346923828,67.80806732177734,56.67977523803711
2018-08-30,53.16069030761719,120.29307556152344,100.11900329589844,117.89039611816406,61.41452407836914,108.41219329833984,92.69293975830078,34.96565246582031,67.74311828613281,56.43443298339844
2018-08-31,53.77492141723633,120.43843841552734,100.635498046875,117.71241760253906,60.377166748046875,108.20331573486328,92.20206451416016,34.81623458862305,67.3695068359375,56.19609832763672
2018-09-04,53.947364807128906,119.65503692626953,101.97550201416016,117.19525146484375,59.326927185058594,107.42405700683594,92.66075134277344,34.801910400390625,67.16645050048828,56.28020477294922
2018-09-05,53.59537124633789,119.2108383178711,99.74099731445312,119.1875,58.805538177490234,109.14321899414062,92.21011352539062,35.12736129760742,67.64561462402344,57.03026580810547
2018-09-06,52.70475387573242,119.6065902709961,97.91549682617188,120.01830291748047,58.06010055541992,109.95458221435547,91.81582641601562,35.57764434814453,67.12586212158203,56.399383544921875
2018-09-07,52.27952194213867,118.36278533935547,97.60350036621094,119.80633544921875,57.73249053955078,110.31614685058594,91.99285125732422,35.225608825683594,66.52485656738281,57.359683990478516
2018-09-10,51.57789993286133,118.99275970458984,96.95050048828125,120.42523956298828,57.72307205200195,110.2277603149414,91.50198364257812,35.21127700805664,66.90657806396484,57.275577545166016
2018-09-11,52.88193130493164,118.7262191772461,99.35749816894531,120.40827178955078,58.35350799560547,111.27210235595703,92.08135223388672,35.23582077026367,66.60606384277344,58.0816764831543
2018-09-12,52.22520446777344,118.97663116455078,99.5,122.31578063964844,57.632869720458984,111.9549560546875,90.9950180053711,35.30747985839844,67.49945831298828,58.27095413208008
2018-09-13,53.48670196533203,120.11543273925781,99.49349975585938,123.38395690917969,58.25289535522461,112.38074493408203,91.3490982055664,35.73729705810547,67.77558898925781,57.703163146972656
2018-09-14,52.87956619262695,118.879638671875,98.5094985961914,122.84138488769531,58.11412811279297,112.05940246582031,91.33299255371094,35.542842864990234,67.9055404663086,58.123741149902344
2018-09-17,51.471588134765625,119.33198547363281,95.40149688720703,123.96039581298828,57.297332763671875,112.43697357177734,91.6065902709961,35.58583068847656,68.42532348632812,58.46720504760742
2018-09-18,51.556640625,119.0573501586914,97.05249786376953,126.37657928466797,57.553565979003906,112.90287780761719,91.97676086425781,35.4998664855957,68.2222900390625,58.62144088745117
2018-09-19,51.58734893798828,119.19464111328125,96.32099914550781,129.50479125976562,58.04275131225586,112.83866119384766,94.64833068847656,34.625885009765625,68.2222900390625,59.32240295410156
2018-09-20,51.97951126098633,120.12346649169922,97.21499633789062,132.2515869140625,58.82485580444336,114.05973052978516,95.46109008789062,34.646358489990234,69.32682800292969,59.45558547973633
2018-09-21,51.41963195800781,119.9296875,95.75050354003906,132.57373046875,57.79494094848633,114.78276062011719,94.83344268798828,34.951332092285156,69.70042419433594,59.70091247558594
2018-09-24,52.15904998779297,118.2254638671875,96.71800231933594,130.5560302734375,58.155757904052734,112.84668731689453,93.92412567138672,34.55219268798828,68.44155883789062,60.703285217285156
2018-09-25,52.489784240722656,117.67626190185547,98.72750091552734,130.63235473632812,58.71482849121094,111.37654876708984,93.65856170654297,34.15100860595703,67.50756072998047,60.63319396972656
2018-09-26,52.07164001464844,116.26287841796875,98.74250030517578,129.8524169921875,58.5086555480957,110.99093627929688,92.55613708496094,33.659786224365234,67.62127685546875,60.128501892089844
2018-09-27,53.14179611206055,116.44965362548828,100.64900207519531,129.2589874267578,59.209957122802734,111.03914642333984,92.15376281738281,33.89311981201172,67.29639434814453,60.121482849121094
2018-09-28,53.32843017578125,118.00077819824219,100.1500015258789,129.27597045898438,59.1519775390625,110.99894714355469,90.8018798828125,34.304527282714844,67.5969009399414,59.59576416015625
2018-10-01,53.687522888183594,116.96939849853516,100.21800231933594,129.09788513183594,59.243167877197266,112.22004699707031,91.33299255371094,34.17967987060547,67.95426940917969,60.14951705932617
2018-10-02,54.16471862792969,117.05062866210938,98.56549835205078,131.25123596191406,59.48107147216797,112.85472106933594,91.71121215820312,34.66067886352539,68.51465606689453,60.60515213012695
2018-10-03,54.82381820678711,116.87195587158203,97.63800048828125,134.13363647460938,59.62183380126953,111.68985748291016,92.57222747802734,34.4355354309082,67.43445587158203,60.387840270996094
2018-10-04,53.85995864868164,117.30238342285156,95.47100067138672,132.887451171875,57.899017333984375,111.94694519042969,93.40687561035156,34.64225769042969,66.5329818725586,59.98830032348633
2018-10-05,52.98587417602539,117.55413055419922,94.48249816894531,129.97109985351562,57.36175537109375,111.74607849121094,92.8801498413086,35.28084945678711,66.71974182128906,59.820068359375
2018-10-08,52.8630485534668,118.39877319335938,93.22100067138672,130.00503540039062,56.94641876220703,111.97905731201172,93.44740295410156,35.47530746459961,66.9228286743164,60.373836517333984
2018-10-09,53.59537124633789,119.90926361083984,93.51599884033203,126.70718383789062,56.443359375,111.82640838623047,92.7990951538086,35.559226989746094,66.7603530883789,60.640201568603516
2018-10-10,51.112510681152344,118.1632080078125,87.76249694824219,121.84104919433594,53.588531494140625,110.64546966552734,90.3276138305664,35.358638763427734,66.14311218261719,59.245277404785156
2018-10-11,50.661293029785156,114.24880981445312,85.96800231933594,119.50963592529297,53.49435806274414,107.52044677734375,87.62110900878906,34.60951232910156,64.05584716796875,57.198486328125
2018-10-12,52.470882415771484,115.36138916015625,89.43049621582031,120.44222259521484,55.018917083740234,107.54456329345703,86.66490173339844,34.66477584838867,64.21016693115234,57.04426193237305
2018-10-15,51.34873580932617,115.91363525390625,88.04750061035156,120.21331024169922,54.13520431518555,107.60881805419922,86.17059326171875,34.722084045410156,65.07917022705078,56.65172576904297
2018-10-16,52.480323791503906,118.31755828857422,90.99800109863281,121.83253479003906,55.57401657104492,109.70556640625,88.01815032958984,35.0598030090332,65.79389953613281,56.91808319091797
2018-10-17,52.253536224365234,119.12153625488281,91.58650207519531,119.82334899902344,55.29696273803711,112.03533172607422,88.99867248535156,34.96359634399414,66.48422241210938,57.12837600708008
2018-10-18,51.03218078613281,119.21082305908203,88.53600311279297,115.12670135498047,53.92307662963867,112.0674057006836,87.58869934082031,35.11712646484375,65.7443618774414,57.373722076416016
2018-10-19,51.80941390991211,121.9395751953125,88.20149993896484,112.03821563720703,54.34386444091797,111.7059555053711,87.44283294677734,35.503971099853516,71.52894592285156,57.45783615112305
2018-10-22,52.12595748901367,121.2086410522461,89.46499633789062,109.81144714355469,54.57680892944336,111.40869140625,86.18681335449219,35.3402214050293,70.95539855957031,56.88302993774414
2018-10-23,52.61736297607422,122.50806427001953,88.43499755859375,101.51012420654297,54.70220947265625,111.6095199584961,85.28734588623047,34.924720764160156,71.41424560546875,55.964778900146484
2018-10-24,50.81249237060547,123.41761016845703,83.20999908447266,95.84507751464844,52.07636260986328,110.43663024902344,83.6990966796875,35.941986083984375,73.2987289428711,54.40865707397461
2018-10-25,51.925174713134766,124.66826629638672,89.1084976196289,98.65200805664062,54.29975891113281,111.23998260498047,84.97132110595703,35.450748443603516,72.9218521118164,54.892311096191406
2018-10-26,51.09833908081055,121.50101470947266,82.1405029296875,98.15718841552734,53.105289459228516,110.03498077392578,83.804443359375,34.77324295043945,71.98778533935547,54.345550537109375
2018-10-29,50.139217376708984,124.10794830322266,76.94400024414062,97.24427795410156,50.5582389831543,110.50093078613281,84.96321868896484,35.36478042602539,72.29914855957031,54.00910568237305
2018-10-30,50.389625549316406,130.71047973632812,76.52100372314453,100.21330261230469,51.357688903808594,113.07161712646484,86.46231079101562,35.52238845825195,73.07752227783203,55.22177505493164
2018-10-31,51.70309829711914,126.53620910644531,79.90049743652344,103.50652313232422,53.36797332763672,112.4610824584961,88.34229278564453,35.30747985839844,72.65962982177734,55.852630615234375
2018-11-01,52.49687194824219,124.2703628540039,83.27649688720703,106.39024353027344,53.03242874145508,113.12788391113281,88.30989074707031,34.8919677734375,73.40526580810547,56.546592712402344
2018-11-02,49.014713287353516,123.49068450927734,83.27649688720703,107.32019805908203,52.427268981933594,113.01538848876953,87.82369232177734,34.4171142578125,73.58547973632812,57.44381332397461
2018-11-05,47.62327194213867,126.44683074951172,81.38999938964844,107.84915924072266,51.55000305175781,114.23648071289062,88.39901733398438,34.94108963012695,74.7243881225586,57.226505279541016
2018-11-06,48.13826370239258,126.82037353515625,82.1405029296875,110.34040832519531,52.32912826538086,114.5337142944336,88.81230163574219,35.09459686279297,74.97838592529297,57.47184753417969
2018-11-07,49.59823226928711,127.46196746826172,87.77449798583984,115.26321411132812,54.19170379638672,116.28501892089844,90.33573913574219,35.52033996582031,74.79812622070312,58.20085906982422
2018-11-08,49.4251823425293,129.41909790039062,87.74549865722656,112.09793090820312,53.64700698852539,116.72683715820312,91.06497192382812,35.6063117980957,74.85548400878906,57.275577545166016
2018-11-09,48.4721794128418,130.0526123046875,85.62149810791016,108.27576446533203,52.84160614013672,116.75900268554688,90.18172454833984,36.13846206665039,75.71580505371094,57.261409759521484
2018-11-12,46.030426025390625,130.77540588378906,81.84249877929688,106.64619445800781,51.47763442993164,116.98389434814453,88.28557586669922,36.533512115478516,75.95342254638672,56.52503204345703
2018-11-13,45.570526123046875,131.0028076171875,81.55850219726562,107.46524810791016,51.349761962890625,116.2287826538086,88.80419921875,36.56830596923828,76.5843276977539,55.2292594909668
2018-11-14,44.283287048339844,132.70826721191406,79.95050048828125,106.73152160644531,51.72694396972656,115.88336944580078,86.97282409667969,36.19169616699219,76.60072326660156,54.79734420776367
2018-11-15,45.376136779785156,131.66873168945312,80.97200012207031,110.4172134399414,52.77024459838867,116.08417510986328,89.19314575195312,36.67473220825195,76.87930297851562,55.363807678222656
2018-11-16,45.87870407104492,133.17115783691406,79.67050170898438,110.8779296875,52.61064910888672,117.28117370605469,89.12830352783203,36.92239761352539,76.8711166381836,55.90901565551758
2018-11-19,44.06044387817383,134.99842834472656,75.614501953125,107.48231506347656,50.55427932739258,118.67903137207031,89.8089828491211,37.25399398803711,76.43683624267578,56.093109130859375
2018-11-20,41.955326080322266,130.45872497558594,74.77300262451172,104.31703186035156,50.839759826660156,117.65070343017578,87.88040924072266,36.5908203125,75.46180725097656,54.499961853027344
2018-11-21,41.90791702270508,130.190673828125,75.83650207519531,105.68213653564453,51.427085876464844,114.06777954101562,87.22402954101562,36.06068801879883,74.89645385742188,54.91771697998047
2018-11-23,40.843505859375,130.2556610107422,75.10299682617188,104.35968017578125,50.74658203125,114.26054382324219,86.42181396484375,36.296077728271484,75.00296783447266,53.45199966430664
2018-11-26,41.395851135253906,131.23025512695312,79.06649780273438,106.4755630493164,51.972774505615234,114.29291534423828,88.53677368164062,36.234683990478516,75.3307113647461,54.507041931152344
2018-11-27,41.305763244628906,131.62815856933594,79.07099914550781,106.30493927001953,51.76411437988281,115.7885971069336,88.9095458984375,36.4332160949707,75.96980285644531,54.556610107421875
2018-11-28,42.89409255981445,131.5631561279297,83.88749694824219,111.5689926147461,53.83684158325195,118.391845703125,89.89813995361328,36.44345474243164,76.20740509033203,55.54790115356445
2018-11-29,42.564579010009766,132.14788818359375,83.67849731445312,111.10826873779297,53.93943405151367,117.91485595703125,89.18505096435547,36.48052215576172,76.05174255371094,55.97981643676758
2018-11-30,42.33463668823242,133.58531188964844,84.50849914550781,115.74951934814453,54.24325180053711,118.76372528076172,90.10071563720703,37.4259147644043,77.43643188476562,56.291378021240234
2018-12-03,43.81390380859375,132.4402618408203,88.61799621582031,118.54792022705078,54.838008880615234,118.20592498779297,90.9515609741211,37.5865478515625,76.46141815185547,57.50925064086914
2018-12-04,41.88658142089844,132.7650604248047,83.41999816894531,110.3318862915039,52.081809997558594,118.06037139892578,86.89179992675781,37.520652770996094,76.45321655273438,56.241817474365234
2018-12-06,41.4195556640625,136.13543701171875,84.95950317382812,109.52137756347656,52.96949005126953,117.96337890625,85.23872375488281,37.62156677246094,76.64985656738281,55.505401611328125
2018-12-07,39.942657470703125,135.1608428955078,81.45649719238281,105.40909576416016,51.37602996826172,117.57525634765625,83.6990966796875,37.66276550292969,75.74859619140625,54.97435760498047
2018-12-10,40.205806732177734,134.9659423828125,82.05149841308594,105.2725830078125,51.52323532104492,117.43785095214844,82.1351547241211,37.611263275146484,76.22379302978516,54.19547653198242
2018-12-11,39.975860595703125,135.3313751220703,82.16200256347656,105.14461517333984,52.12790298461914,118.44033813476562,81.33293914794922,37.68748474121094,76.94483947753906,54.29461669921875
2018-12-12,40.0872802734375,133.7152862548828,83.177001953125,106.96185302734375,52.71918869018555,118.92540740966797,81.85966491699219,37.3435173034668,77.04316711425781,53.827293395996094
2018-12-13,40.525840759277344,135.46133422851562,82.91899871826172,107.41405487060547,52.63097381591797,119.52368927001953,81.94068908691406,37.52682113647461,79.0587387084961,54.507041931152344
2018-12-14,39.2291145324707,135.2989501953125,79.59549713134766,108.15629577636719,51.64962387084961,107.52604675292969,81.26809692382812,37.3291130065918,79.181640625,53.515750885009766
2018-12-17,38.86403274536133,130.70233154296875,76.04550170898438,106.19401550292969,50.38229751586914,104.40536499023438,80.23089599609375,36.1777458190918,76.0107650756836,52.42531967163086
2018-12-18,39.36897277832031,131.81492614746094,77.5739974975586,106.02338409423828,50.9859733581543,105.4402084350586,79.85002136230469,36.249839782714844,75.78135681152344,50.98085403442383
2018-12-19,38.140995025634766,132.001708984375,74.75399780273438,104.36824035644531,50.703460693359375,103.16841888427734,78.83712768554688,35.94502639770508,75.18323516845703,50.11702346801758
2018-12-20,37.17851638793945,131.18959045410156,73.04149627685547,103.70275115966797,50.0294075012207,103.70201110839844,78.15644073486328,36.02533721923828,74.54415130615234,48.59467697143555
2018-12-21,35.7324333190918,128.314697265625,68.87249755859375,102.4400634765625,48.54895782470703,103.55645751953125,76.30886840820312,35.86056900024414,74.53594970703125,48.23355484008789
2018-12-24,34.80789566040039,124.7251205444336,67.197998046875,99.7781753540039,48.3844108581543,99.31202697753906,74.66388702392578,34.61860275268555,71.57810974121094,46.38550567626953
2018-12-26,37.25912857055664,128.63661193847656,73.54499816894531,106.44143676757812,51.518775939941406,102.44080352783203,77.75936889648438,35.08409118652344,73.8149185180664,48.60175323486328
2018-12-27,37.017303466796875,129.51031494140625,73.08200073242188,108.07098388671875,51.73784255981445,103.00670623779297,78.634521484375,35.45893859863281,75.39625549316406,48.814178466796875
2018-12-28,37.03628158569336,129.69805908203125,73.9010009765625,107.16661834716797,51.40081024169922,102.8935317993164,78.46436309814453,35.574275970458984,74.70801544189453,48.26895523071289
2018-12-31,37.394248962402344,129.17556762695312,75.09850311279297,108.4122543334961,51.32795715332031,104.33262634277344,79.10453796386719,35.80083084106445,75.31433868408203,48.28312301635742
2019-01-02,37.43691635131836,127.99148559570312,76.95649719238281,107.82355499267578,51.835479736328125,103.28160858154297,80.47396087646484,34.979042053222656,74.78995513916016,49.34522247314453
2019-01-03,33.707916259765625,128.75900268554688,75.01399993896484,103.66864013671875,50.35900115966797,101.64041900634766,79.33029174804688,34.89254379272461,74.26557159423828,48.587589263916016
2019-01-04,35.146888732910156,129.2734832763672,78.76950073242188,109.33368682861328,53.06761932373047,103.34626770019531,82.25485229492188,35.5351448059082,75.78135681152344,50.379005432128906
2019-01-07,35.06865310668945,130.07373046875,81.47550201416016,109.40193176269531,52.95263671875,102.68334197998047,82.31202697753906,35.48365020751953,75.47820281982422,50.64098358154297
2019-01-08,35.7371826171875,131.54360961914062,82.8290023803711,110.71581268310547,53.343685150146484,105.06832122802734,82.15681457519531,35.7431755065918,75.75676727294922,51.009178161621094
2019-01-09,36.344051361083984,130.39219665527344,82.97100067138672,111.14241027832031,53.26338577270508,104.23558807373047,82.01790618896484,35.58869552612305,74.51954650878906,51.278255462646484
2019-01-10,36.46021270751953,132.17234802246094,82.81099700927734,113.43742370605469,53.04877853393555,104.86619567871094,82.00975799560547,36.124202728271484,74.6998291015625,51.016265869140625
2019-01-11,36.10224914550781,131.79678344726562,82.02799987792969,112.70369720458984,52.39752960205078,104.89852905273438,81.61767578125,36.19011306762695,75.19141387939453,50.78260040283203
2019-01-14,35.55937194824219,131.79678344726562,80.8604965209961,112.44776916503906,51.777984619140625,103.7101058959961,82.4590835571289,35.26739501953125,74.68341064453125,50.71887969970703
2019-01-15,36.28717041015625,133.14413452148438,83.72799682617188,111.500732421875,53.38679885864258,104.58322143554688,83.06358337402344,35.986209869384766,75.38806915283203,50.7471923828125
2019-01-16,36.73046875,133.74026489257812,84.18900299072266,112.32831573486328,53.57613754272461,103.51604461669922,83.73345184326172,35.977962493896484,74.86369323730469,50.72597122192383
2019-01-17,36.948570251464844,134.2301788330078,84.66100311279297,114.78543090820312,54.01873016357422,104.36495208740234,84.07654571533203,36.14479064941406,74.85295867919922,51.072906494140625
2019-01-18,37.176143646240234,134.4669647216797,84.80999755859375,117.29273223876953,54.43307113647461,105.65850067138672,85.44080352783203,36.268375396728516,75.49712371826172,51.681861877441406
2019-01-22,36.3416862487793,134.47515869140625,81.6084976196289,113.5489730834961,53.058204650878906,104.1305160522461,84.0929183959961,36.534080505371094,74.68778991699219,50.90298843383789
2019-01-23,36.48866271972656,135.38156127929688,82.0009994506836,113.18832397460938,53.30849075317383,104.1305160522461,83.88050842285156,36.946006774902344,78.32142639160156,50.485225677490234
2019-01-24,36.19945526123047,135.26722717285156,82.74649810791016,113.96971893310547,53.22571563720703,102.69952392578125,83.92951202392578,37.13136672973633,77.87549591064453,50.5560188293457
2019-01-25,37.398990631103516,136.7043914794922,83.52850341796875,117.51596069335938,54.07275390625,103.66966247558594,84.46051025390625,35.87910079956055,77.29739379882812,50.78260040283203
2019-01-28,37.052879333496094,137.22702026367188,81.89450073242188,106.79134368896484,53.03639221191406,104.28411865234375,84.86080169677734,35.52278518676758,77.23131561279297,50.44272994995117
2019-01-29,36.668827056884766,138.3621063232422,79.69400024414062,108.64602661132812,52.56753158569336,105.36746215820312,85.09770202636719,35.60310745239258,77.24783325195312,50.633914947509766
2019-01-30,39.17458724975586,139.20315551757812,83.52149963378906,111.72003936767578,53.97710037231445,106.42655181884766,85.29376983642578,35.75346755981445,78.0571517944336,51.18620681762695
2019-01-31,39.456703186035156,141.13848876953125,85.9365005493164,114.33892822265625,55.330665588378906,107.5907211303711,84.55035400390625,36.863609313964844,79.66753387451172,51.88719177246094
2019-02-01,39.47565460205078,139.17050170898438,81.3115005493164,112.40695190429688,55.05211639404297,108.49623107910156,84.86080169677734,36.62470245361328,80.49335479736328,53.75648498535156
2019-02-04,40.59696960449219,139.5869903564453,81.66549682617188,112.38121032714844,56.14498519897461,107.42903900146484,85.16305541992188,36.682369232177734,80.95580291748047,52.97761535644531
2019-02-05,41.291561126708984,140.80364990234375,82.94049835205078,113.34288787841797,56.798728942871094,107.42903900146484,84.78728485107422,36.69678497314453,80.46856689453125,53.52281188964844
2019-02-06,41.305763244628906,139.03985595703125,82.01300048828125,112.08922576904297,55.274166107177734,107.52604675292969,84.74642944335938,36.682369232177734,80.86497497558594,53.28916549682617
2019-02-07,40.52347183227539,140.4607391357422,80.71849822998047,110.57801818847656,54.455387115478516,106.75800323486328,83.63542175292969,37.35176086425781,80.22083282470703,52.87848663330078
2019-02-08,40.571083068847656,140.80364990234375,79.41100311279297,110.42344665527344,54.274478912353516,107.04098510742188,82.80216979980469,37.69365692138672,80.69155883789062,52.96439743041992
2019-02-11,40.3377685546875,141.260986328125,79.55000305175781,110.70677947998047,54.27199935913086,106.71757507324219,82.41004180908203,37.69365692138672,81.15401458740234,53.050315856933594
2019-02-12,40.68536376953125,140.93434143066406,81.90049743652344,113.91816711425781,55.57848358154297,108.4638900756836,83.81513977050781,37.74720764160156,81.97157287597656,53.98100662231445
2019-02-13,40.516334533691406,141.84071350097656,82.0,114.28742980957031,55.51851272583008,108.6983413696289,84.21542358398438,37.66071319580078,81.95506286621094,54.58954620361328
2019-02-14,40.663936614990234,143.5474090576172,81.13249969482422,113.87528228759766,55.59334945678711,108.58515167236328,83.66808319091797,37.611263275146484,81.31092071533203,54.60386657714844
2019-02-15,40.573463439941406,145.20506286621094,80.39749908447266,116.94923400878906,55.19585418701172,110.25865173339844,86.22503662109375,37.90579605102539,81.32743072509766,55.634803771972656
2019-02-19,40.69488525390625,145.02542114257812,81.37899780273438,116.60580444335938,55.43921661376953,109.7008285522461,85.92279052734375,38.17973327636719,82.5744400024414,56.00708770751953
2019-02-20,40.9567756652832,144.28233337402344,81.1050033569336,120.47834777832031,55.20328140258789,110.23444366455078,86.33940124511719,38.23533248901367,81.98809814453125,56.22186279296875
2019-02-21,40.725830078125,144.1353302001953,80.97200012207031,119.25045013427734,54.369144439697266,109.48253631591797,86.15967559814453,38.424835205078125,82.40100860595703,55.713558197021484
2019-02-22,41.18056869506836,144.23336791992188,81.5780029296875,119.0787353515625,55.033287048339844,110.43653106689453,85.7757339477539,38.748191833496094,82.78915405273438,56.143104553222656
2019-02-25,41.48054504394531,142.27352905273438,81.6500015258789,121.4228515625,54.98521423339844,110.84346008300781,86.67433166503906,38.69670486450195,82.22759246826172,56.200382232666016
2019-02-26,41.50435256958008,142.10205078125,81.81999969482422,118.47765350341797,55.26921081542969,110.77021789550781,86.01264190673828,38.768795013427734,82.44229888916016,56.31493377685547
2019-02-27,41.632911682128906,141.4324951171875,82.05449676513672,119.85148620605469,55.3148078918457,110.57487487792969,85.90645599365234,38.733543395996094,81.68255615234375,56.89483642578125
2019-02-28,41.223419189453125,143.84136962890625,81.99150085449219,117.92814636230469,55.50661087036133,111.20153045654297,85.2529067993164,38.92223358154297,81.38523864746094,56.579833984375
2019-03-01,41.65673065185547,145.28672790527344,83.58650207519531,118.0397720336914,56.5509033203125,112.59317016601562,85.31009674072266,38.88905334472656,81.29442596435547,57.2742805480957
2019-03-04,41.86623764038086,146.73208618164062,84.80850219726562,118.79536437988281,56.888423919677734,112.69895935058594,85.11404418945312,39.03004455566406,81.6495132446289,57.4962272644043
2019-03-05,41.79005813598633,147.850830078125,84.62149810791016,117.75640869140625,57.59371566772461,112.93499755859375,85.0486831665039,39.046627044677734,81.83118438720703,57.410308837890625
2019-03-06,41.54958724975586,148.3325958251953,83.44750213623047,115.77286529541016,57.38703918457031,113.19540405273438,84.73009490966797,38.89112091064453,81.69904327392578,56.75881576538086
2019-03-07,41.06867218017578,148.4142608642578,81.29750061035156,114.02984619140625,56.6653938293457,112.50366973876953,84.11740112304688,38.96576690673828,81.38523864746094,57.38883590698242
2019-03-08,41.166290283203125,148.29995727539062,81.04000091552734,112.78475189208984,56.61682891845703,112.35718536376953,84.15007019042969,39.125423431396484,81.26962280273438,56.56550598144531
2019-03-11,42.59238052368164,151.19882202148438,83.53099822998047,114.2959976196289,58.27421188354492,112.76406860351562,85.24472045898438,39.29129409790039,82.23587036132812,57.116783142089844
2019-03-12,43.070919036865234,151.6805419921875,83.65499877929688,113.75503540039062,59.13859558105469,113.26864624023438,84.99152374267578,39.579505920410156,82.6240005493164,57.2742805480957
2019-03-13,43.261390686035156,152.88912963867188,84.54049682617188,114.6308822631836,59.1445426940918,113.455810546875,85.27742004394531,39.59609603881836,83.55716705322266,57.7825927734375
2019-03-14,43.74230194091797,153.49342346191406,84.31099700927734,114.79400634765625,58.75943374633789,112.32462310791016,86.05347442626953,39.59815979003906,83.67280578613281,57.58928680419922
2019-03-15,44.31131362915039,154.3099822998047,85.61799621582031,113.91816711425781,58.705406188964844,111.98281860351562,87.04195404052734,39.652061462402344,84.59770965576172,57.38168716430664
2019-03-18,44.76366424560547,154.24462890625,87.10749816894531,115.14611053466797,58.695499420166016,111.63284301757812,87.56478118896484,39.575347900390625,83.82969665527344,58.04750061035156
2019-03-19,44.408935546875,155.07760620117188,88.09249877929688,115.18898010253906,59.41862487792969,112.6664047241211,87.24617004394531,39.083946228027344,84.15177154541016,57.89714050292969
2019-03-20,44.797000885009766,156.4086151123047,89.8635025024414,114.21012878417969,60.66364669799805,111.73049926757812,85.38360595703125,39.36800765991211,84.00312042236328,58.219295501708984
2019-03-21,46.44689178466797,158.99716186523438,90.96299743652344,115.11170959472656,61.038841247558594,112.38975524902344,84.03572082519531,39.79098129272461,84.63900756835938,58.55581283569336
2019-03-22,45.48505401611328,158.131591796875,88.2385025024414,111.42807006835938,59.74822235107422,111.4212646484375,81.49512481689453,40.20981979370117,83.95355987548828,57.617923736572266
2019-03-25,44.9350700378418,159.79745483398438,88.71299743652344,112.81053924560547,59.12867736816406,111.17710876464844,80.81710052490234,40.143463134765625,84.2013168334961,57.21699142456055
2019-03-26,44.47081756591797,159.27484130859375,89.18800354003906,113.20550537109375,58.713340759277344,112.772216796875,81.6258316040039,40.43166732788086,85.07667541503906,57.96158981323242
2019-03-27,44.87080383300781,158.4909210205078,88.28500366210938,112.65595245361328,58.1384162902832,112.87802124023438,81.34808349609375,40.20774459838867,84.97758483886719,57.517696380615234
2019-03-28,44.93030548095703,159.1768341064453,88.6709976196289,113.66060638427734,57.91389083862305,113.02452087402344,82.27116394042969,39.79304885864258,85.51439666748047,57.8040771484375
2019-03-29,45.2231559753418,160.91616821289062,89.0374984741211,116.33961486816406,58.15278625488281,113.76509857177734,82.69599914550781,40.08334732055664,85.92729187011719,57.84702682495117
2019-04-01,45.530269622802734,157.20066833496094,90.70950317382812,120.42683410644531,59.199554443359375,113.10588836669922,85.48164367675781,39.496559143066406,85.58870697021484,58.51283645629883
2019-04-02,46.192134857177734,159.3319854736328,90.6989974975586,120.37533569335938,59.499908447265625,112.07234954833984,85.89010620117188,39.287139892578125,85.6795425415039,58.262264251708984
2019-04-03,46.50876998901367,158.65419006347656,91.03500366210938,119.57673645019531,59.769039154052734,111.63284301757812,86.06167602539062,39.251895904541016,85.63001251220703,57.918617248535156
2019-04-04,46.5897331237793,157.6416778564453,90.94300079345703,120.32379150390625,60.21907043457031,110.33074951171875,86.89306640625,39.063209533691406,85.4152603149414,58.741943359375
2019-04-05,46.901615142822266,159.85458374023438,91.86399841308594,120.52130126953125,59.829994201660156,110.8271713256836,86.68727111816406,39.411556243896484,85.59697723388672,59.05694580078125
2019-04-08,47.63966369628906,160.23025512695312,92.49299621582031,120.0575942993164,59.66594314575195,110.79463195800781,86.96713256835938,39.112979888916016,86.68704223632812,59.42206954956055
2019-04-09,47.49681091308594,160.63853454589844,91.79199981689453,117.07805633544922,59.33932113647461,110.33074951171875,86.32506561279297,39.334835052490234,86.43104553222656,58.65601348876953
2019-04-10,47.763458251953125,161.2947998046875,92.36650085449219,118.09125518798828,59.58267593383789,110.33887481689453,86.71196746826172,39.10882568359375,86.42278289794922,58.391136169433594
2019-04-11,47.36586380004883,161.31939697265625,92.20349884033203,119.24187469482422,59.7046012878418,110.03775787353516,87.4445571899414,39.403263092041016,86.50537109375,58.67034912109375
2019-04-12,47.346824645996094,162.39404296875,92.15299987792969,121.24254608154297,60.36131286621094,110.66441345214844,91.5439453125,39.57120132446289,86.76138305664062,57.93294143676758
2019-04-15,47.432525634765625,160.86001586914062,92.24349975585938,120.42683410644531,60.521400451660156,111.10387420654297,90.49851989746094,39.63549041748047,87.31468963623047,57.73963928222656
2019-04-16,47.43729782104492,157.66893005371094,93.1520004272461,121.95519256591797,60.82026672363281,112.32462310791016,91.453369140625,39.295440673828125,87.88450622558594,58.133392333984375
2019-04-17,48.36103439331055,156.82395935058594,93.24099731445312,122.56487274169922,61.2767448425293,112.73152923583984,94.0875015258789,39.32239532470703,88.03086853027344,58.298065185546875
2019-04-18,48.534828186035156,158.25132751464844,93.08450317382812,123.8434066772461,61.27822494506836,111.91771697998047,93.39602661132812,39.26225662231445,88.19720458984375,58.083282470703125
2019-04-22,48.69435501098633,157.76731872558594,94.3655014038086,122.996826171875,61.89628219604492,112.16996765136719,93.51128387451172,39.4737548828125,88.16395568847656,59.3504753112793
2019-04-23,49.396690368652344,158.65328979492188,96.1884994506836,122.6944351196289,62.6749153137207,113.8545913696289,93.62651824951172,39.35142517089844,85.79370880126953,59.6941032409668
2019-04-24,49.32051086425781,158.51382446289062,95.0875015258789,118.97987365722656,62.25115203857422,113.2849349975586,93.4701156616211,39.407413482666016,86.2345199584961,58.534332275390625
2019-04-25,48.87291717529297,157.7427215576172,95.11250305175781,117.59768676757812,62.620391845703125,113.65116882324219,93.5195083618164,39.49448776245117,85.89352416992188,58.8636474609375
2019-04-26,48.63958740234375,158.49746704101562,97.53150177001953,120.1029052734375,63.05308532714844,114.25337219238281,94.22745513916016,39.74951934814453,88.03917694091797,57.62508773803711
2019-04-29,48.713409423828125,157.8657684326172,96.92150115966797,120.09423828125,63.816341400146484,113.80574035644531,95.58563995361328,39.761959075927734,87.14098358154297,57.25279998779297
2019-04-30,47.775360107421875,160.2119598388672,96.32599639892578,120.43978118896484,58.904659271240234,114.91258239746094,95.52803802490234,40.3155632019043,88.55484008789062,57.4747314453125
2019-05-01,50.12044143676758,158.25132751464844,95.57599639892578,119.34265899658203,57.89356994628906,115.5229721069336,94.79541015625,40.072967529296875,87.2657699584961,56.322113037109375
2019-05-02,49.79427719116211,158.1611328125,95.04100036621094,116.76836395263672,57.622459411621094,114.9776840209961,95.001220703125,39.75159454345703,87.78968811035156,55.3341178894043
2019-05-03,50.41328430175781,158.2841033935547,98.12300109863281,120.1287612915039,58.75199890136719,115.57178497314453,95.58563995361328,39.89466094970703,88.22216796875,55.46298599243164
2019-05-06,49.634765625,157.65252685546875,97.52749633789062,118.14191436767578,58.94975662231445,115.63687133789062,94.73780059814453,39.58156967163086,87.88951110839844,55.219566345214844
2019-05-07,48.296756744384766,155.74107360839844,96.05000305175781,115.47256469726562,58.19194412231445,113.91158294677734,93.19023895263672,39.3431282043457,87.07447814941406,54.92604446411133
2019-05-08,48.3062858581543,157.20953369140625,95.88849639892578,113.98670959472656,57.80385971069336,113.76509857177734,92.69635772705078,38.955406188964844,87.38218688964844,55.011940002441406
2019-05-09,47.78727340698242,157.93141174316406,94.99349975585938,113.33882141113281,57.611061096191406,112.90245819091797,92.62226104736328,39.10676193237305,86.69190216064453,54.96183395385742
2019-05-10,47.12525939941406,160.50723266601562,94.4990005493164,113.45978546142578,57.70473861694336,113.16287231445312,92.61405181884766,39.759883880615234,88.16395568847656,55.43975830078125
2019-05-13,44.38636016845703,161.50808715820312,91.13400268554688,108.24202728271484,56.1068229675293,111.65729522705078,90.09516906738281,40.417152404785156,88.24710083007812,54.82426071166992
2019-05-14,45.08900833129883,162.4842987060547,92.00599670410156,110.11662292480469,55.53239059448242,111.3480224609375,90.81131744384766,40.41094207763672,87.82295227050781,54.89666748046875
2019-05-15,45.6291389465332,164.453125,93.55750274658203,109.96975708007812,57.70175552368164,111.4212646484375,90.46558380126953,40.40263366699219,88.73779296875,55.302188873291016
2019-05-16,45.42837905883789,165.724609375,95.37850189208984,109.37368774414062,58.43380355834961,112.47925567626953,91.6262435913086,40.86916732788086,89.9104232788086,55.294944763183594
2019-05-17,45.17026138305664,166.06092834472656,93.44999694824219,106.0478286743164,57.607093811035156,112.80476379394531,91.18171691894531,41.25689697265625,89.36150360107422,54.96906661987305
2019-05-20,43.7578010559082,162.63194274902344,92.94850158691406,105.76276397705078,56.44483947753906,112.65013885498047,91.65914916992188,41.3336067199707,89.26173400878906,54.961849212646484
2019-05-21,44.596683502197266,162.56631469726562,92.8759994506836,107.93965911865234,56.97913360595703,112.40597534179688,91.97196960449219,41.24030303955078,88.46334838867188,55.21529006958008
2019-05-22,43.68369674682617,164.6171875,92.98400115966797,106.7389144897461,57.06785202026367,112.92682647705078,91.22289276123047,41.868560791015625,88.75440979003906,54.715633392333984
2019-05-23,42.93804168701172,166.46286010742188,90.77400207519531,105.61590576171875,56.54001235961914,113.76509857177734,89.42838287353516,42.20030212402344,88.78768920898438,53.43390655517578
2019-05-24,42.773136138916016,166.52850341796875,91.16400146484375,106.16876983642578,56.178192138671875,113.77328491210938,90.3091812133789,42.16714096069336,88.72946166992188,53.658382415771484
2019-05-28,42.59627151489258,166.1593780517578,91.82150268554688,105.03711700439453,56.21189880371094,112.31478118896484,89.32960510253906,41.710968017578125,86.87489318847656,52.579437255859375
2019-05-29,42.393131256103516,164.99453735351562,90.95950317382812,104.94208526611328,55.33512496948242,107.6114273071289,89.08267211914062,41.20298767089844,86.65032196044922,52.25357437133789
2019-05-30,42.612998962402344,167.91493225097656,90.81600189208984,105.2530517578125,55.408973693847656,108.25054931640625,88.12779998779297,41.248600006103516,87.59842681884766,52.11598205566406
2019-05-31,41.84104919433594,171.26185607910156,88.75350189208984,103.49942779541016,54.69922637939453,107.46392822265625,87.22232818603516,41.35710525512695,85.58580017089844,51.24702835083008
2019-06-03,41.41803741455078,171.68846130371094,84.6344985961914,104.22508239746094,51.35868453979492,107.70156860351562,87.63388061523438,41.64295196533203,86.32596588134766,52.050819396972656
2019-06-04,42.933258056640625,170.63844299316406,86.47799682617188,105.46040344238281,52.19233703613281,109.57794189453125,90.33387756347656,41.601219177246094,87.05782318115234,53.28907012939453
2019-06-05,43.6263542175293,174.54324340820312,86.92500305175781,106.3587875366211,51.65556335449219,110.1105728149414,90.65489196777344,42.70082092285156,88.76274871826172,52.84737014770508
2019-06-06,44.26685333251953,174.48583984375,87.71800231933594,106.59205627441406,51.760643005371094,111.99517059326172,90.85245513916016,42.932430267333984,89.30330657958984,53.810462951660156
2019-06-07,45.445106506347656,174.28895568847656,90.20149993896484,107.51640319824219,52.83615493774414,113.52745056152344,89.85643005371094,42.64657974243164,90.45929718017578,54.0059814453125
2019-06-10,46.0258674621582,172.14785766601562,93.03150177001953,108.62213897705078,53.54689025878906,113.91256713867188,90.82776641845703,42.444183349609375,90.41775512695312,54.24494934082031
2019-06-11,46.558834075927734,171.42599487304688,93.18499755859375,109.9525146484375,53.46461868286133,114.5353012084961,91.10763549804688,42.141632080078125,90.96662139892578,54.19425964355469
2019-06-12,46.4106559753418,173.50144958496094,92.76599884033203,109.79698944091797,53.380859375,116.09220123291016,89.94697570800781,42.679954528808594,91.21612548828125,53.60771942138672
2019-06-13,46.40108871459961,171.458740234375,93.51499938964844,109.85745239257812,53.96272277832031,115.29737854003906,90.16924285888672,42.72586441040039,92.23907470703125,54.078399658203125
2019-06-14,46.064117431640625,173.2799072265625,93.4834976196289,109.9092788696289,53.79322814941406,114.78936004638672,90.39974212646484,43.18281936645508,92.48023223876953,53.83944320678711
2019-06-17,46.33895492553711,175.62611389160156,94.30149841308594,109.98703002929688,54.14759826660156,114.2567367553711,89.90582275390625,43.0597038269043,92.30558013916016,54.375282287597656
2019-06-18,47.428775787353516,176.63119506835938,95.06849670410156,112.58724975585938,54.697750091552734,114.90404510498047,91.1323471069336,42.86148452758789,91.14956665039062,54.84598159790039
2019-06-19,47.29015350341797,178.09774780273438,95.43949890136719,112.82914733886719,54.634803771972656,115.08431243896484,90.47381591796875,43.03258514404297,91.8315658569336,54.541839599609375
2019-06-20,47.670162200927734,179.20997619628906,95.90950012207031,115.4380111694336,55.0853271484375,116.52647399902344,90.70429992675781,43.06179428100586,92.9293212890625,55.47598648071289
2019-06-21,47.507652282714844,177.28207397460938,95.56500244140625,115.66259765625,55.60375213623047,116.42811584472656,90.08692932128906,43.30592727661133,92.48023223876953,56.25803756713867
2019-06-24,47.45985412597656,176.76303100585938,95.69499969482422,116.07730102539062,55.28853225708008,117.22296905517578,89.44486236572266,43.4415397644043,93.42000579833984,55.722171783447266
2019-06-25,46.74046325683594,173.68170166015625,93.91349792480469,115.50714111328125,53.8427848815918,118.18987274169922,88.70403289794922,43.02840805053711,92.91268920898438,55.22976303100586
2019-06-26,47.75141525268555,169.5540771484375,94.8915023803711,116.7510757446289,53.518150329589844,116.23149108886719,89.29669952392578,42.371150970458984,91.2577133178711,55.468719482421875
2019-06-27,47.73707962036133,169.5952911376953,95.21399688720703,117.05342864990234,53.33030319213867,115.28096771240234,89.59302520751953,42.679954528808594,91.29924774169922,54.90390396118164
2019-06-28,47.302101135253906,168.44186401367188,94.68150329589844,117.73590850830078,53.57315444946289,114.1256332397461,92.02960205078125,42.74464797973633,91.1911849975586,55.490447998046875
2019-07-01,48.1696662902832,166.67050170898438,96.1094970703125,118.0036849975586,54.41771697998047,114.19116973876953,93.57713317871094,42.569374084472656,91.88975524902344,55.43975830078125
2019-07-02,48.451683044433594,169.4140625,96.71549987792969,117.35581970214844,55.076908111572266,114.74018096923828,93.67591857910156,43.328880310058594,92.71310424804688,54.83148956298828
2019-07-03,48.85319519042969,173.15444946289062,96.94999694824219,117.1312026977539,55.588890075683594,116.46910858154297,93.52669525146484,43.552127838134766,94.87539672851562,55.352874755859375
2019-07-05,48.81017303466797,172.2234649658203,97.14550018310547,117.04481506347656,56.08501434326172,115.1826171875,94.08211517333984,43.42276382446289,94.10198974609375,55.128395080566406
2019-07-08,47.80400085449219,172.14932250976562,97.61599731445312,116.4832763671875,55.32966995239258,115.51039123535156,93.56816864013672,43.635581970214844,94.85044860839844,55.381832122802734
2019-07-09,48.095577239990234,174.09371948242188,99.41500091552734,116.00813293457031,55.749969482421875,115.87096405029297,93.966064453125,43.433204650878906,93.90238189697266,55.34563446044922
2019-07-10,48.5711669921875,174.27490234375,100.87049865722656,114.58280944824219,56.52562713623047,115.70706176757812,93.69248962402344,43.70862579345703,94.60096740722656,56.127685546875
2019-07-11,48.217464447021484,172.40476989746094,100.05349731445312,115.72309875488281,56.710506439208984,114.80573272705078,94.58780670166016,43.90058135986328,95.12489318847656,56.17115020751953
2019-07-12,48.58790588378906,172.1740264892578,100.55000305175781,119.52408599853516,56.74469757080078,110.04505157470703,95.58259582519531,43.552127838134766,95.63221740722656,56.2145881652832
2019-07-15,49.04439163208008,173.5911102294922,101.04949951171875,120.62980651855469,57.014320373535156,110.3809814453125,94.4220199584961,43.57716751098633,96.03971862792969,55.81632995605469
2019-07-16,48.87471008300781,172.4459228515625,100.49500274658203,120.15470123291016,57.174903869628906,108.57012939453125,95.4333724975586,43.37477111816406,96.38070678710938,54.98356628417969
2019-07-17,48.599853515625,171.97630310058594,99.60150146484375,117.2520980834961,56.816566467285156,108.04571533203125,94.49662017822266,43.798336029052734,96.42231750488281,54.65769958496094
2019-07-18,49.15194320678711,171.910400390625,98.8949966430664,116.52647399902344,56.815574645996094,108.21776580810547,95.0603256225586,44.30952835083008,96.62821960449219,54.19425964355469
2019-07-19,48.41822052001953,169.35638427734375,98.22599792480469,118.58959197998047,56.01116943359375,106.77562713623047,94.1235580444336,43.76078796386719,96.26827239990234,54.302860260009766
2019-07-22,49.52477264404297,170.2956085205078,99.28150177001953,117.72779083251953,56.406185150146484,105.4072265625,94.72872924804688,43.683589935302734,96.51101684570312,54.36080551147461
2019-07-23,49.91195297241211,170.3779754638672,99.72450256347656,120.21744537353516,56.809627532958984,105.57112121582031,96.4613265991211,43.253746032714844,95.29731750488281,54.57804870605469
2019-07-24,49.87132263183594,168.72195434570312,100.04049682617188,114.8289794921875,56.39329147338867,106.34134674072266,96.8509750366211,43.82963562011719,94.2509994506836,54.570804595947266
2019-07-25,49.47697830200195,169.24105834960938,98.69100189208984,117.26641845703125,56.11128616333008,107.43936920166016,95.9225082397461,43.3226203918457,94.39330291748047,54.25943374633789
2019-07-26,49.64905548095703,168.55722045898438,97.15249633789062,115.70819091796875,61.974098205566406,107.1197738647461,96.34525299072266,43.6439323425293,96.03392028808594,54.17253112792969
2019-07-29,50.112701416015625,169.36463928222656,95.62249755859375,117.04877471923828,61.428897857666016,108.9961929321289,96.03853607177734,44.10506057739258,97.09695434570312,54.556331634521484
2019-07-30,49.89759826660156,171.9021453857422,94.92649841308594,115.73432159423828,60.72163391113281,108.22596740722656,95.822998046875,43.689842224121094,100.78829193115234,54.563560485839844
2019-07-31,50.915733337402344,174.3490753173828,93.33899688720703,114.62007141113281,60.30233383178711,106.70188903808594,96.16288757324219,43.226627349853516,98.80451965332031,53.84666061401367
2019-08-01,49.81395721435547,174.176025390625,92.76599884033203,110.37198638916016,59.92218780517578,106.75921630859375,93.62618255615234,43.87137222290039,97.70799255371094,52.470802307128906
2019-08-02,48.75998306274414,177.52098083496094,91.16200256347656,108.41333770751953,59.1777458190918,107.39837646484375,93.61788177490234,44.1113166809082,97.46524810791016,51.95667266845703
2019-08-05,46.20751190185547,176.22752380371094,88.25650024414062,105.89754486083984,57.11246109008789,106.65271759033203,90.83246612548828,43.41023635864258,94.65276336669922,50.89219665527344
2019-08-06,47.082237243652344,178.7403564453125,89.3915023803711,106.2718734741211,57.98624801635742,107.15255737304688,91.54541015625,44.109222412109375,95.65723419189453,51.38459396362305
2019-08-07,47.56977844238281,179.13583374023438,89.66999816894531,105.14021301269531,58.18648910522461,106.69371795654297,89.55582427978516,44.41596221923828,96.6951675415039,51.051513671875
2019-08-08,48.61897277832031,182.093505859375,91.64450073242188,106.21963500976562,59.71352005004883,107.89820098876953,91.07286071777344,44.90628433227539,98.30229949951172,52.412872314453125
2019-08-09,48.21834182739258,183.09042358398438,90.37899780273438,103.92149353027344,58.88136672973633,108.19319915771484,90.97339630126953,45.169193267822266,97.74982452392578,51.29771041870117
2019-08-12,48.095985412597656,183.08216857910156,89.24600219726562,101.60594177246094,58.222171783447266,108.1030502319336,89.26568603515625,44.954280853271484,97.12206268310547,51.0484504699707
2019-08-13,50.132774353027344,182.15945434570312,91.21700286865234,103.59940338134766,59.34031295776367,109.32396697998047,90.64179992675781,44.98974609375,98.14324188232422,51.678955078125
2019-08-14,48.64057159423828,180.33041381835938,88.14800262451172,100.29147338867188,57.705718994140625,106.73463439941406,86.87820434570312,44.8520393371582,96.9211654663086,49.596839904785156
2019-08-15,48.39826583862305,184.71347045898438,88.80599975585938,100.3262710571289,57.852928161621094,106.9640884399414,87.20980072021484,45.308982849121094,98.26043701171875,49.30356979370117
2019-08-16,49.54021453857422,183.66709899902344,89.62850189208984,101.3534927368164,58.365413665771484,107.63597869873047,89.2988510131836,45.38827133178711,99.75875091552734,50.07337188720703
2019-08-19,50.46384048461914,185.52911376953125,90.80599975585938,102.16307830810547,59.39879608154297,108.36528015136719,90.10297393798828,45.686649322509766,100.64599609375,50.91648483276367
2019-08-20,50.46623992919922,185.8339385986328,90.06900024414062,101.56240844726562,58.6176872253418,107.01329040527344,88.9589614868164,45.72212600708008,99.52436828613281,50.60856246948242
2019-08-21,51.01322555541992,187.33338928222656,91.177001953125,102.4416275024414,59.04194641113281,107.77528381347656,89.2076644897461,46.16654968261719,99.77549743652344,51.11442947387695
2019-08-22,50.97003173828125,188.264404296875,90.23300170898438,102.62442779541016,58.95669937133789,107.56224060058594,90.12785339355469,46.24166488647461,99.95963287353516,51.00446701049805
2019-08-23,48.614173889160156,186.66603088378906,87.48100280761719,99.29036712646484,57.061405181884766,104.6615982055664,87.88957214355469,46.300086975097656,98.20183563232422,49.479530334472656
2019-08-26,49.53780746459961,189.54966735839844,88.44349670410156,99.60376739501953,57.9337158203125,105.50362396240234,88.59420013427734,46.658966064453125,99.87593078613281,49.74345397949219
2019-08-27,48.97883605957031,189.31893920898438,88.09149932861328,98.69843292236328,57.88167190551758,107.02262878417969,87.65742492675781,46.74034881591797,100.90548706054688,49.25959396362305
2019-08-28,49.307498931884766,189.6072998046875,88.2125015258789,99.98680114746094,58.03927993774414,106.2301025390625,88.53617858886719,46.41091537475586,101.61697387695312,49.61882781982422
2019-08-29,50.14237594604492,189.82977294921875,89.31999969482422,102.51998138427734,59.121246337890625,105.86687469482422,90.5423355102539,46.396236419677734,101.4328384399414,50.16868209838867
2019-08-30,50.077598571777344,189.6484832763672,88.81449890136719,103.5906982421875,58.88582229614258,105.9659423828125,91.07286071777344,45.968196868896484,100.63761901855469,50.20534896850586
2019-09-03,49.34828567504883,195.95114135742188,89.49199676513672,101.87579345703125,57.90892791748047,106.27964782714844,89.99520111083984,47.32785415649414,101.5835189819336,50.26398468017578
2019-09-04,50.1855583190918,198.61233520507812,90.03099822998047,103.67776489257812,58.55424880981445,106.3786849975586,91.0811767578125,47.02570343017578,103.13201904296875,50.79917526245117
2019-09-05,51.16675567626953,194.22926330566406,92.03600311279297,107.06402587890625,60.039649963378906,106.14755249023438,93.15365600585938,46.121368408203125,102.7553482055664,51.51763916015625
2019-09-06,51.161956787109375,191.62582397460938,91.67549896240234,106.81159973144531,59.71996307373047,105.84210968017578,93.35261535644531,46.190608978271484,102.8474349975586,52.00151824951172
2019-09-09,51.38027572631836,184.54869079589844,91.56749725341797,110.77241516113281,59.694190979003906,104.80194091796875,95.66548919677734,46.138153076171875,102.26150512695312,52.41209030151367
2019-09-10,51.98723602294922,178.1306610107422,91.02749633789062,113.41873931884766,59.77299880981445,106.9483413696289,96.88410186767578,45.766761779785156,100.34468078613281,52.837303161621094
2019-09-11,53.640167236328125,175.23886108398438,91.14949798583984,115.8561782836914,60.475303649902344,108.28568267822266,97.14938354492188,46.17382049560547,101.50817108154297,52.73466873168945
2019-09-12,53.52021789550781,180.30572509765625,92.17749786376953,114.6897201538086,61.17315673828125,107.6747817993164,97.74626922607422,46.316497802734375,102.76373291015625,52.77132034301758
2019-09-13,52.479042053222656,177.4385986328125,91.96700286865234,116.45683288574219,61.436336517333984,107.96372985839844,99.66950988769531,45.84440231323242,102.21965026855469,53.255191802978516
2019-09-16,52.75492858886719,178.59202575683594,90.39199829101562,115.90843200683594,61.02694320678711,106.94007873535156,98.78248596191406,45.80662155151367,100.2358627319336,54.05431365966797
2019-09-17,52.94685745239258,182.32420349121094,91.12750244140625,115.05532836914062,60.920379638671875,107.04737854003906,98.29338073730469,46.62704086303711,101.41609954833984,53.643741607666016
2019-09-18,53.44344711303711,182.5796356201172,90.87300109863281,114.09777069091797,61.08195877075195,107.65829467773438,99.27991485595703,46.97954177856445,101.62533569335938,53.38714599609375
2019-09-19,53.00922393798828,187.07801818847656,91.07499694824219,113.27076721191406,61.394203186035156,107.41062927246094,98.96487426757812,47.18936538696289,102.0354995727539,53.02791213989258
2019-09-20,52.23433303833008,185.8339385986328,89.70800018310547,111.56456756591797,60.959041595458984,108.68195343017578,98.56695556640625,47.36143112182617,102.32007598876953,52.844635009765625
2019-09-23,52.47184371948242,185.6856689453125,89.26499938964844,111.79090118408203,61.16225051879883,108.75624084472656,98.55038452148438,47.269100189208984,103.1404037475586,52.88127899169922
2019-09-24,52.22233200073242,185.50436401367188,87.08049774169922,109.67558288574219,60.40542221069336,108.59941864013672,97.26543426513672,47.94683074951172,103.46685028076172,52.15549087524414
2019-09-25,53.02601623535156,182.93389892578125,88.41649627685547,110.21530151367188,61.781288146972656,108.1371078491211,97.82086944580078,48.127281188964844,102.97299194335938,52.30943298339844
2019-09-26,52.752525329589844,184.5142364501953,86.99199676513672,110.0237808227539,61.52703094482422,106.37045288085938,97.0167465209961,48.62037658691406,104.05278778076172,52.0308723449707
2019-09-27,52.49582290649414,181.1880340576172,86.27249908447266,110.19786834716797,60.71916580200195,106.1640625,97.58875274658203,48.52385711669922,104.27040100097656,52.40476608276367
2019-09-30,53.7313232421875,182.9669647216797,86.79550170898438,109.9541244506836,60.41731643676758,106.80801391601562,97.5638656616211,48.8868408203125,104.1113510131836,51.76691818237305
2019-10-01,53.88008117675781,182.76841735839844,86.78250122070312,106.52432250976562,59.72840118408203,107.31157684326172,95.78984832763672,48.68540954589844,103.6677474975586,50.549903869628906
2019-10-02,52.52941131591797,182.0237579345703,85.6614990234375,104.42637634277344,58.31732940673828,108.97089385986328,93.88318634033203,48.072715759277344,101.34912872314453,49.23025894165039
2019-10-03,52.97563552856445,185.2589111328125,86.22100067138672,104.49603271484375,58.87244415283203,108.30220794677734,93.74946594238281,48.295135498046875,101.90158081054688,49.838775634765625
2019-10-04,54.46064376831055,186.93856811523438,86.98249816894531,105.36653137207031,59.921688079833984,110.34130859375,95.780029296875,49.01272964477539,103.79328155517578,50.56459045410156
2019-10-07,54.47264099121094,186.4008026123047,86.63300323486328,104.6788330078125,59.85626220703125,109.92853546142578,95.5711441040039,48.79452133178711,102.82231140136719,49.86809158325195
2019-10-08,53.834503173828125,187.07925415039062,85.27549743652344,102.69406127929688,58.93687057495117,108.83879852294922,93.44026947021484,48.2531852722168,101.22356414794922,48.90034484863281
2019-10-09,54.465431213378906,187.46815490722656,86.09950256347656,103.97372436523438,59.59010696411133,106.6759033203125,94.11714172363281,48.9644775390625,102.10246276855469,49.442874908447266
2019-10-10,55.199546813964844,187.22816467285156,86.01300048828125,106.80287170410156,59.905330657958984,106.54380798339844,95.43743896484375,48.679115295410156,102.06898498535156,50.03670883178711
2019-10-11,56.66776657104492,185.71400451660156,86.59600067138672,111.77348327636719,60.24136734008789,108.41778564453125,97.05021667480469,48.16294860839844,101.35749053955078,50.57191848754883
2019-10-14,56.586204528808594,186.69862365722656,86.82150268554688,111.75608825683594,60.32512664794922,107.91421508789062,97.30923461914062,48.02865982055664,100.4869613647461,50.718536376953125
2019-10-15,56.454246520996094,185.5154266357422,88.36900329589844,114.0629653930664,61.607330322265625,109.66434478759766,100.24231719970703,47.74330520629883,98.10138702392578,50.89448165893555
2019-10-16,56.22634506225586,183.66197204589844,88.87149810791016,113.33170318603516,61.6385498046875,111.58785247802734,100.00833892822266,48.24058532714844,98.37760925292969,50.02205276489258
2019-10-17,56.44464874267578,186.9220733642578,89.3740005493164,114.96825408935547,62.10592269897461,112.41336059570312,100.56819915771484,48.48818588256836,98.24788665771484,49.95608139038086
2019-10-18,56.71574020385742,189.55322265625,87.87550354003906,114.67875671386719,61.73024368286133,105.42105865478516,100.74368286132812,48.77983474731445,98.95550537109375,49.567501068115234
2019-10-21,57.69934844970703,189.8097381591797,89.28299713134766,116.01233673095703,61.76295852661133,105.68524169921875,103.24224853515625,48.84698486328125,100.31175231933594,50.39595031738281
2019-10-22,57.56739807128906,187.6088104248047,88.2864990234375,117.2932357788086,61.5969123840332,106.65938568115234,104.2784194946289,49.56876754760742,102.92314910888672,50.65253829956055
2019-10-23,58.33989334106445,187.0130615234375,88.1084976196289,118.74091339111328,62.406280517578125,107.23725891113281,104.55418395996094,49.51841354370117,103.61389923095703,51.13642120361328
2019-10-24,58.435855865478516,184.9031524658203,89.03900146484375,117.43363952636719,62.498470306396484,105.25598907470703,104.47897338867188,49.84364318847656,105.12181854248047,50.65253829956055
2019-10-25,59.15556716918945,179.27671813964844,88.06649780273438,122.59246063232422,62.70365905761719,105.95767211914062,105.3145980834961,49.70305633544922,103.82451629638672,50.76984786987305
2019-10-28,59.748138427734375,174.3783721923828,88.85399627685547,122.88197326660156,63.93628692626953,106.64286804199219,105.7156982421875,48.937191009521484,104.01825714111328,50.3226432800293
2019-10-29,58.366275787353516,178.854736328125,88.135498046875,123.9962158203125,62.579254150390625,106.59333038330078,105.64884185791016,48.805015563964844,104.11934661865234,50.17600631713867
2019-10-30,58.35908126831055,179.74832153320312,88.99949645996094,123.12762451171875,62.51333236694336,109.66434478759766,105.06391906738281,49.40511703491211,105.2481460571289,49.64815902709961
2019-10-31,59.678550720214844,180.443359375,88.83300018310547,120.89916229248047,62.454856872558594,109.00394439697266,104.38704681396484,50.009395599365234,104.88592529296875,49.53819274902344
2019-11-01,61.372283935546875,178.3251495361328,89.5719985961914,126.76866149902344,63.130393981933594,108.31045532226562,106.79367065429688,49.45756912231445,104.3468017578125,51.026451110839844
2019-11-04,61.77531051635742,174.64317321777344,90.23300170898438,128.90065002441406,64.00418090820312,107.50968170166016,107.64601135253906,48.175537109375,100.3033218383789,52.54405212402344
2019-11-05,61.686546325683594,170.45640563964844,90.08550262451172,128.4180908203125,64.03691864013672,107.66654205322266,107.87998962402344,47.65308380126953,100.16011810302734,53.58510208129883
2019-11-06,61.712947845458984,172.08645629882812,89.78849792480469,127.64598846435547,64.02550506591797,108.11231994628906,108.04711151123047,47.73282241821289,101.35630798339844,52.41209030151367
2019-11-07,62.42518997192383,170.19168090820312,89.41000366210938,128.97962951660156,64.87104034423828,108.50033569335938,108.63206481933594,46.80958938598633,100.76665496826172,53.526458740234375
2019-11-08,62.596046447753906,170.340576171875,89.29399871826172,129.988525390625,64.99544525146484,109.79640197753906,108.94960021972656,46.5976676940918,100.83403778076172,52.50993728637695
2019-11-11,63.091712951660156,171.56515502929688,88.5824966430664,129.84815979003906,64.39176940917969,108.95439910888672,108.5652084350586,46.62704086303711,100.5223388671875,52.190887451171875
2019-11-12,63.03396987915039,171.0687255859375,88.9000015258789,128.3917694091797,64.37244415283203,108.43431091308594,107.93013763427734,46.83686828613281,100.47179412841797,51.47117233276367
2019-11-13,63.63793182373047,174.02256774902344,87.65550231933594,126.76866149902344,64.33280181884766,108.36824798583984,107.36188507080078,47.82094192504883,101.6343002319336,51.0482292175293
2019-11-14,63.197601318359375,175.24716186523438,87.7300033569336,125.847412109375,64.99991607666016,108.11231994628906,107.46216583251953,48.23219299316406,101.50794982910156,50.82564163208008
2019-11-15,63.94833755493164,176.54620361328125,86.97450256347656,127.48811340332031,66.16018676757812,111.39800262451172,108.23929595947266,48.55741882324219,101.5416488647461,51.33760070800781
2019-11-18,64.27075958251953,177.34054565429688,87.62650299072266,125.97905731201172,65.4578857421875,111.30717468261719,109.15013122558594,48.71268844604492,102.67887115478516,50.840484619140625
2019-11-19,64.0759048461914,178.36654663085938,87.6395034790039,125.61931610107422,65.19816589355469,111.29890441894531,109.11671447753906,48.817604064941406,102.28292846679688,50.32109451293945
2019-11-20,63.3299446105957,180.2943878173828,87.27649688720703,124.16291809082031,64.58307647705078,112.22351837158203,108.32289123535156,49.3547477722168,103.01583862304688,50.4769172668457
2019-11-21,63.046016693115234,176.6868896484375,86.7354965209961,125.7772445678711,64.49882507324219,112.63629150390625,108.57353973388672,49.33796691894531,101.3731460571289,51.693763732910156
2019-11-22,62.99066925048828,173.84884643554688,87.28600311279297,126.23344421386719,64.20096588134766,113.98189544677734,109.29218292236328,48.96866989135742,101.3310546875,51.47117233276367
2019-11-25,64.09513092041016,173.51783752441406,88.69200134277344,128.46197509765625,64.76349639892578,114.03179168701172,109.87714385986328,48.79662322998047,101.51637268066406,51.12985610961914
2019-11-26,63.59463119506836,177.7211456298828,89.84700012207031,128.17234802246094,65.1034927368164,114.02344512939453,110.02757263183594,49.291812896728516,102.99054718017578,51.003719329833984
2019-11-27,64.44884490966797,177.8204345703125,90.92549896240234,127.82145690917969,65.07574462890625,114.50556945800781,110.35343933105469,49.16524124145508,102.56934356689453,50.97404098510742
2019-11-29,64.30687713623047,177.09228515625,90.04000091552734,126.97924041748047,64.67776489257812,114.28948211669922,110.10274505615234,49.323448181152344,102.82205200195312,50.55110549926758
2019-12-02,63.56334686279297,173.4020233154297,89.08000183105469,125.42626953125,63.932334899902344,114.18141174316406,109.86043548583984,48.78132247924805,103.37805938720703,50.76628875732422
2019-12-03,62.429996490478516,174.75900268554688,88.49800109863281,122.88197326660156,64.19799041748047,114.01514434814453,108.44819641113281,48.98802947998047,103.57177734375,50.3656005859375
2019-12-04,62.98103713989258,176.53793334960938,88.03450012207031,122.93462371826172,65.44994354248047,115.8605728149414,110.58740997314453,49.416263580322266,104.90275573730469,50.93693923950195
2019-12-05,63.905033111572266,176.67860412597656,87.02400207519531,123.75057983398438,65.82612609863281,116.01016998291016,111.18907165527344,49.47954177856445,104.97859191894531,50.75886917114258
2019-12-06,65.13945770263672,175.578125,87.58000183105469,125.21575927734375,66.4451675415039,116.69180297851562,112.84363555908203,49.443687438964844,104.6163558959961,51.575050354003906
2019-12-09,64.22749328613281,175.95046997070312,87.47550201416016,125.31227111816406,66.59089660644531,116.79153442382812,112.31722259521484,49.41837692260742,105.1891860961914,51.68635559082031
2019-12-10,64.60285186767578,173.75778198242188,86.96050262451172,125.34738159179688,66.6454086303711,116.36762237548828,112.39239501953125,49.45634460449219,104.68375396728516,51.241146087646484
2019-12-11,65.15386962890625,175.04859924316406,87.43599700927734,126.33875274658203,66.66323852539062,117.19054412841797,112.125,49.73690414428711,105.01229095458984,51.16695022583008
2019-12-12,65.31988525390625,173.50131225585938,88.0165023803711,128.7777862548828,66.9234390258789,117.48978424072266,115.3338394165039,49.3403205871582,104.93645477294922,52.190887451171875
2019-12-13,66.20781707763672,175.84291076660156,88.0469970703125,127.68116760253906,66.80252838134766,117.5230712890625,114.32269287109375,49.98371124267578,105.69462585449219,51.36729049682617
2019-12-16,67.34115600585938,178.39134216308594,88.46050262451172,127.53192138671875,67.46368408203125,117.86388397216797,114.7656021118164,50.515289306640625,105.77042388916016,51.93861770629883
2019-12-17,67.4734878540039,175.35472106933594,89.53299713134766,128.4180908203125,67.16382598876953,119.33518981933594,115.46749114990234,50.5891227722168,105.55986022949219,51.70117950439453
2019-12-18,67.31226348876953,180.33583068847656,89.20149993896484,129.07606506347656,67.03993225097656,119.02762603759766,115.35051727294922,50.68826675415039,104.4647216796875,51.8421630859375
2019-12-19,67.37962341308594,185.50714111328125,89.61399841308594,127.23368072509766,67.20944213867188,120.8231430053711,114.77396392822266,50.76420211791992,105.23130798339844,51.48600769042969
2019-12-20,67.24010467529297,188.4362335205078,89.32499694824219,129.47088623046875,66.8897476196289,121.41331481933594,114.6820297241211,51.198760986328125,105.60194396972656,51.89410400390625
2019-12-23,68.33731842041016,187.7991180419922,89.6500015258789,130.28683471679688,66.85257720947266,121.729248046875,114.64857482910156,50.36974334716797,105.21443939208984,52.15379333496094
2019-12-24,68.40227508544922,187.89012145996094,89.46050262451172,129.3919219970703,66.59089660644531,121.3052978515625,114.96611785888672,50.73467254638672,105.48403930664062,51.953453063964844
2019-12-26,69.7594223022461,189.38612365722656,93.4384994506836,130.04116821289062,67.42550659179688,121.22215270996094,116.1861572265625,51.040565490722656,105.48403930664062,52.035091400146484
2019-12-27,69.73294830322266,190.3917694091797,93.48999786376953,130.09384155273438,67.00373840332031,121.15563201904297,116.26972961425781,51.15656661987305,106.21688842773438,51.85699462890625
2019-12-30,70.1468276977539,190.2006072998047,92.34449768066406,129.42703247070312,66.2231216430664,120.78162384033203,115.84355163574219,50.89920425415039,104.85222625732422,51.55278778076172
2019-12-31,70.65937042236328,191.0067901611328,92.39199829101562,129.56741333007812,66.26673889160156,121.25540924072266,116.4869613647461,51.082740783691406,105.21443939208984,51.77538299560547
2020-01-02,72.27154541015625,189.9097137451172,94.90049743652344,132.06790161132812,67.77098846435547,121.33854675292969,117.89922332763672,50.33598709106445,103.95928192138672,52.606388092041016
2020-01-03,71.56892395019531,190.0011444091797,93.74849700927734,130.23422241210938,67.43840026855469,119.9336929321289,116.34335327148438,50.694602966308594,103.2601318359375,52.18346405029297
2020-01-06,72.13920593261719,189.95130920410156,95.14399719238281,130.1464385986328,69.10126495361328,119.7840576171875,116.25083923339844,50.9477424621582,103.40332794189453,52.58414077758789
2020-01-07,71.79991149902344,185.9037322998047,95.34300231933594,128.42686462402344,69.0581283569336,120.51555633544922,114.27448272705078,50.903438568115234,102.76310729980469,52.15379333496094
2020-01-08,72.95491027832031,187.51608276367188,94.59850311279297,129.56741333007812,69.60233306884766,120.49894714355469,115.16595458984375,50.88023376464844,103.20115661621094,51.36729049682617
2020-01-09,74.50452423095703,188.22256469726562,95.05249786376953,129.2427978515625,70.37106323242188,120.85636901855469,115.58648681640625,51.278926849365234,104.32994842529297,51.76054000854492
2020-01-10,74.67296600341797,191.82131958007812,94.15799713134766,128.20753479003906,70.86174011230469,120.58206939697266,114.4343032836914,51.37594985961914,104.4310531616211,51.300506591796875
2020-01-13,76.268310546875,195.6527557373047,94.56500244140625,128.8128662109375,71.33258819580078,121.11408996582031,115.38462829589844,51.97715759277344,105.1976089477539,51.790218353271484
2020-01-14,75.23845672607422,194.43927001953125,93.47200012207031,128.69004821777344,70.91873168945312,121.79570007324219,116.73023223876953,52.25770568847656,105.03756713867188,51.34502410888672
2020-01-15,74.91600799560547,195.62779235839844,93.10099792480469,127.71619415283203,71.33108520507812,122.20301818847656,114.98095703125,53.06985855102539,106.10739135742188,51.26340103149414
2020-01-16,75.85443878173828,193.01808166503906,93.89700317382812,129.73411560058594,71.95063781738281,123.19219970703125,115.42667388916016,53.21540832519531,106.20004272460938,51.06307601928711
2020-01-17,76.69422149658203,193.9988250732422,93.23600006103516,130.56463623046875,73.37259674072266,123.99852752685547,116.22563934326172,53.45378494262695,106.48646545410156,50.870155334472656
2020-01-21,76.17448425292969,196.7498016357422,94.5999984741211,128.85943603515625,73.57135009765625,124.0816879272461,115.08186340332031,54.189979553222656,106.21688842773438,50.14301681518555
2020-01-22,76.44638061523438,195.4449462890625,94.37300109863281,126.01455688476562,73.64815521240234,123.23381805419922,114.9472885131836,54.82491683959961,106.4022216796875,49.85364532470703
2020-01-23,76.81451416015625,197.66404724121094,94.22899627685547,126.1205825805664,73.68285369873047,123.46654510498047,114.82955932617188,54.86288833618164,105.91581726074219,49.542022705078125
2020-01-24,76.5931625366211,197.40638732910156,93.08200073242188,124.02666473388672,72.69457244873047,123.29196166992188,111.97859954833984,55.6307258605957,106.04292297363281,49.2081298828125
2020-01-27,74.34093475341797,197.3648223876953,91.41699981689453,119.91834259033203,71.06840515136719,123.64942932128906,111.03669738769531,56.26780700683594,106.50900268554688,48.03580856323242
2020-01-28,76.4439697265625,197.12376403808594,92.6624984741211,120.8106918334961,71.99324035644531,124.27285766601562,113.0550765991211,56.07162094116211,106.79710388183594,47.969017028808594
2020-01-29,78.04413604736328,194.01541137695312,92.9000015258789,119.96253967285156,72.29410552978516,125.13737487792969,112.88684844970703,56.06106948852539,105.97513580322266,47.568355560302734
2020-01-30,77.9310302734375,195.47821044921875,93.53399658203125,119.60030364990234,72.15581512451172,124.98773956298828,114.28291320800781,56.94072341918945,106.72930908203125,48.07291030883789
2020-01-31,74.47567749023438,192.60250854492188,100.43599700927734,116.04856872558594,71.08476257324219,123.7491683959961,111.314208984375,56.575782775878906,105.602294921875,46.09181213378906
2020-02-03,74.27113342285156,194.53904724121094,100.20999908447266,114.65266418457031,73.64765930175781,124.82977294921875,112.1635971069336,56.28255844116211,106.01749420166016,45.06045913696289
2020-02-04,76.72308349609375,197.3481903076172,102.4834976196289,117.95697021484375,71.72114562988281,126.01852416992188,113.7783203125,55.8037223815918,106.48359680175781,44.496559143066406
2020-02-05,77.34872436523438,196.45892333984375,101.99349975585938,121.42913818359375,71.77863311767578,128.00523376464844,115.71263122558594,56.26144790649414,107.45808410644531,46.54442596435547
2020-02-06,78.25345611572266,197.64736938476562,102.5114974975586,121.26128387451172,73.16641235351562,127.6228256225586,115.72945404052734,56.60319137573242,107.73771667480469,45.91373825073242
2020-02-07,77.18978881835938,198.42864990234375,103.96399688720703,117.833251953125,73.31510162353516,126.25952911376953,115.3593978881836,56.85845184326172,106.8395004272461,45.60952377319336
2020-02-10,77.55641174316406,202.53433227539062,106.69550323486328,118.67262268066406,74.77472686767578,126.23466491699219,115.83876037597656,57.322532653808594,106.91574096679688,45.12784194946289
2020-02-11,77.0885009765625,211.3275909423828,107.54000091552734,120.32477569580078,74.78018188476562,126.34268188476562,116.05741882324219,57.40900802612305,105.21251678466797,45.55683898925781
2020-02-12,78.919189453125,212.91497802734375,108.0,123.32868957519531,75.25004577636719,125.59458923339844,116.05741882324219,57.01033401489258,104.61083984375,46.11378860473633
2020-02-13,78.357177734375,213.51336669921875,107.49349975585938,123.44355773925781,75.07112884521484,124.7633056640625,115.95650482177734,58.109352111816406,105.8904037475586,45.85789108276367
2020-02-14,78.3764877319336,212.97320556640625,106.74349975585938,121.91508483886719,75.37247467041016,124.79656219482422,115.6032485961914,58.75273895263672,106.89034271240234,45.64715576171875
2020-02-18,76.94135284423828,210.21383666992188,107.78350067138672,120.66934204101562,75.31941986083984,123.97361755371094,114.07268524169922,59.49528503417969,105.81414031982422,45.067626953125
2020-02-19,78.05567169189453,206.19961547851562,108.51100158691406,120.91670989990234,75.6673583984375,123.80733489990234,115.62850189208984,57.94059753417969,106.2971420288086,45.41383743286133
2020-02-20,77.2549057006836,205.734130859375,107.65499877929688,120.9785385131836,75.24409484863281,123.3335189819336,115.62850189208984,58.43842697143555,107.26318359375,45.05257797241211
2020-02-21,75.5062484741211,205.2936553955078,104.79850006103516,121.22595977783203,73.60653686523438,124.63029479980469,114.21562957763672,58.55656051635742,107.36486053466797,44.5031623840332
2020-02-24,71.91967010498047,203.7145538330078,100.4645004272461,116.77306365966797,70.45829010009766,122.06207275390625,111.14598846435547,57.78660202026367,104.48373413085938,42.418373107910156
2020-02-25,69.48361206054688,204.57057189941406,98.63700103759766,113.97234344482422,68.8157730102539,121.00801849365234,106.18412017822266,57.025089263916016,102.89910125732422,40.79268264770508
2020-02-26,70.58586883544922,201.68661499023438,98.97949981689453,113.3097152709961,69.05020141601562,120.19654846191406,106.50369262695312,56.84368133544922,101.82290649414062,39.89704895019531
2020-02-27,65.97179412841797,193.59156799316406,94.21499633789062,108.90985107421875,65.32852172851562,116.3818359375,102.07166290283203,54.25245666503906,96.17926788330078,37.49614715576172
2020-02-28,65.93318939208984,188.49684143066406,94.1875,109.7668685913086,66.38123321533203,112.5002212524414,97.64802551269531,53.59722900390625,95.95047760009766,38.71540832519531
2020-03-02,72.0716323852539,200.0908660888672,97.69750213623047,112.7354507446289,68.84847259521484,117.13475036621094,102.19779968261719,56.903053283691406,101.31446075439453,40.551841735839844
2020-03-03,69.78268432617188,201.66998291015625,95.44950103759766,109.89054107666016,66.48333740234375,113.42877960205078,98.36286926269531,56.22450637817383,100.1365966796875,38.61004638671875
2020-03-04,73.01953125,209.1583251953125,98.79149627685547,112.55875396728516,68.72010803222656,120.02923583984375,100.79334259033203,59.84415817260742,105.50060272216797,39.4529914855957
2020-03-05,70.6509780883789,205.23550415039062,96.20149993896484,107.76129913330078,65.37559509277344,118.79947662353516,95.84828186035156,58.55915451049805,103.0685806274414,37.71441650390625
2020-03-06,69.71273040771484,204.72018432617188,95.05449676513672,107.26652526855469,64.3531265258789,118.81621551513672,90.89484405517578,57.63886642456055,103.09400939941406,35.89303207397461
2020-03-09,64.19898986816406,192.70228576660156,90.03050231933594,91.946533203125,60.246822357177734,114.13988494873047,78.58264923095703,55.40387725830078,98.34858703613281,31.505199432373047
2020-03-10,68.82270812988281,202.6839599609375,94.59100341796875,94.08463287353516,63.45998764038086,118.4899673461914,84.68829345703125,54.227012634277344,102.15339660644531,32.67177200317383
2020-03-11,66.43248748779297,193.56661987304688,91.04299926757812,88.96028900146484,60.23938751220703,110.25823211669922,80.70195770263672,51.15867233276367,94.56071472167969,31.595500946044922
2020-03-12,59.87195587158203,181.04173278808594,83.83049774169922,81.51231384277344,55.25830078125,104.91263580322266,74.04967498779297,44.294681549072266,86.29864501953125,27.98287582397461
2020-03-13,67.04512023925781,198.6281280517578,89.25,88.03260040283203,60.4535026550293,112.34125518798828,87.38788604736328,46.98133087158203,96.66229248046875,28.69034767150879
2020-03-16,58.41995620727539,168.508544921875,84.4574966430664,82.52835845947266,53.7426643371582,106.35152435302734,74.31038665771484,42.7000846862793,91.94229888916016,25.958297729492188
2020-03-17,60.988685607910156,189.10353088378906,90.39199829101562,88.52734375,55.50066375732422,114.26536560058594,78.8517837524414,47.023746490478516,100.1958999633789,27.70440101623535
2020-03-18,59.49568557739258,180.46824645996094,91.5,88.45668029785156,54.360713958740234,112.90177154541016,70.5511474609375,44.66576385498047,99.52648162841797,24.927183151245117
2020-03-19,59.03982925415039,173.7030029296875,94.04650115966797,91.010009765625,55.27713394165039,106.28458404541016,71.73696899414062,43.91511917114258,93.916748046875,25.913135528564453
2020-03-20,55.291656494140625,162.39151000976562,92.30449676513672,84.3748779296875,53.14741897583008,100.29486083984375,70.2231674194336,40.66018295288086,86.79859924316406,24.641189575195312
2020-03-23,54.11703109741211,148.84434509277344,95.1415023803711,81.15007019042969,52.36927795410156,92.9749755859375,66.46389770507812,38.5206184387207,82.79042053222656,23.670289993286133
2020-03-24,59.54634094238281,158.13619995117188,97.00499725341797,89.5345458984375,56.227264404296875,99.70091247558594,74.36924743652344,43.79425811767578,87.51041412353516,26.673282623291016
2020-03-25,59.21831512451172,165.60791015625,94.29199981689453,92.47664642333984,54.64273452758789,99.88492584228516,77.14454650878906,44.587310791015625,85.51902770996094,28.065662384033203
2020-03-26,62.33456039428711,184.67373657226562,97.77449798583984,97.62748718261719,57.579833984375,105.883056640625,82.51851654052734,49.0042610168457,90.99320220947266,29.217195510864258
2020-03-27,59.7537727355957,181.58193969726562,95.00499725341797,93.15692901611328,55.05013656616211,103.0303955078125,76.63994598388672,49.18450927734375,93.35741424560547,27.809772491455078
2020-03-30,61.45901870727539,191.63841247558594,98.19750213623047,98.696533203125,56.83986282348633,111.27046203613281,78.63309478759766,52.1659049987793,97.45032501220703,28.223712921142578
2020-03-31,61.33359909057617,180.97525024414062,97.48600006103516,102.52210235595703,57.63237380981445,109.69774627685547,75.71485900878906,51.02296447753906,93.21338653564453,28.57745361328125
2020-04-01,58.106407165527344,172.0157928466797,95.38500213623047,98.37844848632812,54.79785919189453,107.75694274902344,70.9464111328125,46.27520751953125,92.64561462402344,28.246295928955078
2020-04-02,59.076011657714844,183.46861267089844,95.94149780273438,103.14054870605469,55.552215576171875,111.38758850097656,73.59555053710938,48.018253326416016,96.94192504882812,30.40635871887207
2020-04-03,58.22699737548828,185.17237854003906,95.32949829101562,101.31168365478516,54.41424560546875,112.24085998535156,71.42022705078125,46.998294830322266,97.51815795898438,29.510711669921875
2020-04-06,63.30657196044922,195.46157836914062,99.87950134277344,106.40071105957031,58.827335357666016,116.9172592163086,76.01729583740234,49.72735595703125,99.83152770996094,30.459033966064453
2020-04-07,62.57333755493164,189.30300903320312,100.58000183105469,107.71712493896484,58.807010650634766,115.0098876953125,77.0199966430664,48.45082092285156,95.56067657470703,31.038562774658203
2020-04-08,64.17488098144531,207.1553955078125,102.1500015258789,112.55875396728516,59.985130310058594,119.8451919555664,80.1300048828125,49.51318359375,97.53509521484375,33.0029296875
2020-04-09,64.63797760009766,215.75738525390625,102.13800048828125,110.46484375,60.04311752319336,118.14698791503906,87.31876373291016,52.011104583740234,97.16224670410156,32.46104049682617
2020-04-13,65.90666961669922,208.4464111328125,108.44349670410156,100.84346008300781,60.345947265625,116.92560577392578,83.43548583984375,50.087833404541016,98.25537872314453,32.18256378173828
2020-04-14,69.23517608642578,212.9031524658203,114.16600036621094,102.91087341308594,62.90686798095703,122.16246032714844,81.14969635009766,51.39617156982422,102.50082397460938,31.93419647216797
2020-04-15,68.60321807861328,206.5518798828125,115.38400268554688,98.53749084472656,62.57181930541992,123.52606201171875,77.1474380493164,50.302001953125,102.72113800048828,30.46656608581543
2020-04-16,69.14833068847656,210.1322479248047,120.40950012207031,100.03060913085938,62.62138366699219,125.20750427246094,74.20735168457031,50.35712432861328,102.95843505859375,29.46555519104004
2020-04-17,68.2100830078125,212.0351104736328,118.75,103.69515991210938,63.601741790771484,127.17346954345703,80.87776947021484,52.21891784667969,105.66161346435547,32.52877426147461
2020-04-20,66.79427337646484,207.54502868652344,119.68049621582031,102.17943572998047,62.777015686035156,126.88064575195312,77.9291763305664,50.38469696044922,102.19576263427734,30.993406295776367
2020-04-21,64.72962951660156,201.97000122070312,116.40599822998047,97.9442367553711,60.28548049926758,125.21585845947266,75.66889953613281,49.92030715942383,101.41614532470703,30.82781982421875
2020-04-22,66.59407806396484,211.13375854492188,118.17449951171875,98.64860534667969,62.608497619628906,127.98490142822266,75.91529846191406,52.41187286376953,101.17889404296875,31.70840072631836
2020-04-23,66.33599090576172,207.478271484375,119.97250366210938,100.67256927490234,63.257774353027344,130.09300231933594,75.95781707763672,51.133235931396484,101.85364532470703,32.701881408691406
2020-04-24,68.25106048583984,204.14830017089844,120.51100158691406,101.68011474609375,63.406455993652344,129.54925537109375,77.0794677734375,50.827884674072266,101.32475280761719,32.912628173828125
2020-04-27,68.29932403564453,208.830322265625,118.80000305175781,102.71440124511719,63.2364616394043,129.07237243652344,80.40192413330078,51.65486145019531,100.19022369384766,33.0706672668457
2020-04-28,67.19223022460938,203.24693298339844,115.7040023803711,102.94619750976562,61.14440155029297,126.6463851928711,80.97123718261719,50.743064880371094,99.7125015258789,33.84588623046875
2020-04-29,69.39918518066406,197.63848876953125,118.635498046875,107.04763793945312,66.48780059814453,125.68435668945312,83.15506744384766,49.858821868896484,99.87459564208984,35.719940185546875
2020-04-30,70.86324310302734,198.63165283203125,123.69999694824219,103.76648712158203,66.84365844726562,125.51705169677734,81.37062072753906,49.00851821899414,100.5484848022461,34.97482681274414
2020-05-01,69.7223892211914,195.46023559570312,114.302001953125,98.86260223388672,65.45341491699219,124.05306243896484,79.23777770996094,48.14547348022461,99.65280151367188,32.468563079833984
2020-05-04,70.70885467529297,197.48829650878906,115.79949951171875,96.04508972167969,65.76020812988281,124.03631591796875,78.29456329345703,48.790096282958984,98.75708770751953,33.778141021728516
2020-05-05,71.7701416015625,200.51783752441406,115.88999938964844,97.10612487792969,66.965087890625,125.0653305053711,78.17562866210938,48.79222106933594,98.9618148803711,33.74051284790039
2020-05-06,72.5105972290039,198.01406860351562,117.56300354003906,96.00048828125,66.77625274658203,123.87740325927734,76.70556640625,47.2145881652832,96.47946166992188,33.108299255371094
2020-05-07,73.26070404052734,196.33653259277344,118.38050079345703,95.66168975830078,68.02820587158203,123.46749114990234,77.50431823730469,47.60050964355469,95.6861343383789,33.29646301269531
2020-05-08,75.00444030761719,198.93212890625,118.98049926757812,99.95929718017578,68.81181335449219,124.39606475830078,78.77043151855469,48.71376419067383,98.91063690185547,34.75655746459961
2020-05-11,76.18467712402344,198.82363891601562,120.44999694824219,96.83860778808594,69.54981231689453,124.7390365600586,76.45065307617188,48.2154426574707,98.36468505859375,34.42540740966797
2020-05-12,75.31400299072266,193.3654022216797,117.84750366210938,93.61988067626953,68.18582916259766,123.09101867675781,73.95244598388672,48.33207702636719,97.71639251708984,33.84998321533203
2020-05-13,74.40467071533203,192.9147491455078,118.39600372314453,93.15623474121094,66.8768539428711,123.08264923095703,71.40322875976562,48.79646301269531,97.17894744873047,32.169769287109375
2020-05-14,74.86176300048828,191.6378173828125,119.44249725341797,94.68091583251953,67.21389770507812,123.50929260253906,74.3687973022461,49.24387741088867,97.08512878417969,32.453636169433594
2020-05-15,74.41915130615234,191.60443115234375,120.48899841308594,96.22341918945312,68.05944061279297,125.8516616821289,72.99224090576172,48.315120697021484,97.76756286621094,32.223480224609375
2020-05-18,76.17257690429688,196.98753356933594,121.31300354003906,102.55390930175781,68.59223937988281,125.91857147216797,76.8585205078125,49.926673889160156,99.13243865966797,34.786006927490234
2020-05-19,75.73240661621094,191.92990112304688,122.46649932861328,99.93254852294922,68.07405853271484,124.66376495361328,75.34600067138672,48.87704086303711,95.91645050048828,33.71188735961914
2020-05-20,77.20526885986328,192.07180786132812,124.89700317382812,103.15128326416016,69.72128295898438,123.54275512695312,77.60629272460938,49.36262512207031,96.63301086425781,34.809017181396484
2020-05-21,76.62966918945312,190.4193572998047,122.33699798583984,101.69795227050781,69.52698516845703,122.73131561279297,76.62061309814453,48.537757873535156,95.2169418334961,34.18756103515625
2020-05-22,77.12303924560547,202.328857421875,121.84400177001953,100.2802734375,69.90467834472656,121.6109390258789,76.02579498291016,49.58740234375,96.05294036865234,34.2182502746582
2020-05-26,76.60065460205078,203.58079528808594,121.09300231933594,104.68485260009766,70.2317886352539,121.77102661132812,81.42160034179688,49.684940338134766,95.56668853759766,35.22331237792969
2020-05-27,76.93439483642578,210.32423400878906,120.51950073242188,109.15187072753906,70.27241516113281,122.04898834228516,86.13763427734375,51.1311149597168,97.15336608886719,35.47651672363281
2020-05-28,76.96826171875,215.42352294921875,120.05500030517578,107.6539535522461,70.21741485595703,123.80110168457031,84.85454559326172,53.30036163330078,99.00447082519531,34.55583953857422
2020-05-29,76.89327239990234,215.4652862548828,122.11849975585938,107.11006164550781,70.82157897949219,125.30049133300781,82.6877212524414,54.190956115722656,98.88506317138672,34.885738372802734
2020-06-01,77.83889770507812,220.58963012695312,123.552001953125,107.4399642944336,70.96531677246094,123.9864273071289,83.78385162353516,54.50864791870117,100.01959228515625,35.50719451904297
2020-06-02,78.19927215576172,219.98873901367188,123.62049865722656,109.95430755615234,71.33208465576172,124.87931060791016,84.06428527832031,54.71120834350586,100.7105712890625,36.29743957519531
2020-06-03,78.62975311279297,223.16018676757812,123.91999816894531,113.31574249267578,71.19132232666016,125.21630859375,88.60186767578125,55.34659194946289,101.11148071289062,37.7781867980957
2020-06-04,77.95256042480469,216.7588653564453,123.02999877929688,114.98307037353516,69.99188995361328,123.59893798828125,90.44579315185547,53.70695114135742,98.99596405029297,37.6707649230957
2020-06-05,80.1727523803711,221.07373046875,124.1500015258789,120.47541046142578,71.29094696044922,124.07910919189453,94.51600646972656,54.23786926269531,100.9408950805664,40.724327087402344
2020-06-08,80.64677429199219,222.7345733642578,126.2030029296875,122.79361724853516,71.69834899902344,123.63264465332031,96.40242004394531,55.538482666015625,101.55509948730469,41.9979248046875
2020-06-09,83.19342041015625,221.79977416992188,130.04299926757812,119.64620971679688,72.17168426513672,122.95032501220703,93.9297103881836,55.15256118774414,100.94942474365234,41.061912536621094
2020-06-10,85.33377075195312,221.44924926757812,132.37249755859375,118.08589172363281,72.65194702148438,124.5002670288086,90.1229019165039,54.75171661376953,101.7086410522461,38.85997009277344
2020-06-11,81.23686218261719,209.9069366455078,127.89800262451172,108.37617492675781,69.57853698730469,118.6627197265625,82.60272979736328,52.947914123535156,99.17507934570312,35.43046951293945
2020-06-12,81.93822479248047,215.39016723632812,127.2509994506836,109.80274200439453,70.04146575927734,119.740966796875,84.86304473876953,52.645145416259766,98.6291275024414,36.19002151489258
2020-06-15,82.95158386230469,219.07066345214844,128.63400268554688,110.2129135131836,70.37205505371094,118.98284149169922,86.03567504882812,52.999080657958984,99.5418930053711,36.16701126098633
2020-06-16,85.14996337890625,220.98191833496094,130.7635040283203,116.00843048095703,71.50556182861328,121.68679809570312,86.72395324707031,52.91380310058594,100.77027893066406,36.98027420043945
2020-06-17,85.03148651123047,220.305908203125,132.0489959716797,114.33219146728516,71.92189025878906,121.316162109375,84.5316390991211,53.090763092041016,100.59967041015625,35.775718688964844
2020-06-18,85.06533813476562,215.8892059326172,132.69900512695312,113.76154327392578,71.1705093383789,120.8023452758789,84.07280731201172,53.075843811035156,101.75127410888672,35.99821853637695
2020-06-19,84.57921600341797,222.59384155273438,133.75050354003906,113.64562225341797,70.96036529541016,121.15614318847656,83.11258697509766,51.643035888671875,101.44418334960938,35.27702713012695
2020-06-22,86.7921371459961,221.75575256347656,135.6909942626953,112.15660858154297,71.95856475830078,120.78545379638672,82.21186065673828,52.67285919189453,100.44613647460938,35.61460876464844
2020-06-23,88.64469146728516,221.67198181152344,138.2205047607422,112.56678009033203,72.58058166503906,120.33900451660156,83.21454620361328,51.85624313354492,100.4290542602539,35.82942581176758
2020-06-24,87.07994079589844,213.0229949951172,136.72000122070312,108.83089447021484,70.9727554321289,117.77828979492188,80.4359130859375,51.527889251708984,99.31157684326172,34.141536712646484
2020-06-25,88.23597717285156,213.173828125,137.72900390625,111.19367980957031,71.43667602539062,117.65188598632812,83.24003601074219,50.99272537231445,100.56556701660156,34.655574798583984
2020-06-26,85.52485656738281,206.56973266601562,134.64349365234375,109.12512969970703,67.40074157714844,116.08512115478516,78.67695617675781,50.36586380004883,98.29646301269531,33.466373443603516
2020-06-29,87.49593353271484,212.7045135498047,134.0189971923828,111.67514038085938,69.138916015625,117.1212387084961,79.02535247802734,50.79655838012695,100.36935424804688,34.0034294128418
2020-06-30,88.22628021240234,216.67698669433594,137.9409942626953,112.78966522216797,70.06277465820312,118.46057891845703,79.92607116699219,51.20806884765625,101.9986572265625,34.310325622558594
2020-07-01,88.05938720703125,222.4178924560547,143.93499755859375,112.39734649658203,71.27360534667969,118.24998474121094,79.24627685546875,52.50654602050781,102.34840393066406,33.53542709350586
2020-07-02,88.05938720703125,221.4289093017578,144.51499938964844,113.87744140625,72.59495544433594,118.7469482421875,79.50369262695312,52.53641128540039,103.11615753173828,33.819297790527344
2020-07-06,90.4150161743164,222.9038848876953,152.8520050048828,115.40209197998047,74.13140869140625,120.44010162353516,81.51144409179688,52.65581130981445,103.75594329833984,34.05712890625
2020-07-07,90.13449096679688,222.9038848876953,150.00599670410156,113.41380310058594,73.6100082397461,120.33060455322266,79.21195983886719,52.604637145996094,104.25924682617188,33.17483901977539
2020-07-08,92.23371124267578,221.83956909179688,154.0554962158203,114.2430191040039,74.14627838134766,120.68441772460938,80.05281066894531,54.00120162963867,104.8307876586914,33.09811019897461
2020-07-09,92.63035583496094,222.59384155273438,159.13150024414062,112.10314178466797,74.88921356201172,120.02734375,78.31961822509766,53.728275299072266,104.48103332519531,31.73244857788086
2020-07-10,92.79239654541016,221.54624938964844,160.0,114.13601684570312,76.41328430175781,119.9262924194336,82.60111236572266,55.350852966308594,105.6838150024414,32.7221565246582
2020-07-13,92.36432647705078,214.48960876464844,155.1999969482422,116.41854858398438,74.90657043457031,122.31855773925781,83.7851791381836,54.63444519042969,105.8203125,32.72983932495117
2020-07-14,93.89280700683594,217.01226806640625,154.1999969482422,122.044677734375,75.36453247070312,124.60138702392578,84.26567077636719,55.97984313964844,106.70745849609375,33.811622619628906
2020-07-15,94.53856658935547,215.61260986328125,150.44349670410156,123.36429595947266,75.02058410644531,124.88774871826172,85.5698471069336,55.222923278808594,106.20418548583984,34.241275787353516
2020-07-16,93.37523651123047,215.78863525390625,149.9949951171875,123.54258728027344,75.23665618896484,125.72169494628906,85.81010437011719,57.22289276123047,106.42597961425781,33.97274398803711
2020-07-17,93.18659973144531,217.1547393798828,148.09849548339844,122.9766616821289,75.11522674560547,125.80591583251953,84.2227783203125,58.715396881103516,107.1681137084961,33.389671325683594
2020-07-20,95.15042877197266,218.34475708007812,159.8419952392578,120.93751525878906,77.601806640625,126.01651000976562,83.48489379882812,58.491519927978516,106.8354263305664,32.607078552246094
2020-07-21,93.837158203125,217.23851013183594,156.9145050048828,122.0514144897461,77.24000549316406,126.13444519042969,85.29529571533203,58.917945861816406,106.69041442871094,34.256622314453125
2020-07-22,94.10077667236328,217.09605407714844,154.99549865722656,123.04850769042969,77.73910522460938,126.36185455322266,84.67753601074219,59.790016174316406,107.60319519042969,33.45870590209961
2020-07-23,89.81765747070312,216.14064025878906,149.32749938964844,122.7071762084961,75.12166595458984,126.02491760253906,84.92636108398438,59.90728759765625,108.29937744140625,33.52775573730469
2020-07-24,89.59515380859375,214.8248291015625,150.44549560546875,123.5875015258789,74.9328384399414,124.76982116699219,84.32571411132812,59.75376510620117,108.127685546875,33.32059097290039
2020-07-27,91.71858215332031,218.16041564941406,152.760498046875,125.6625747680664,75.8413314819336,123.97801971435547,83.14167785644531,59.19513702392578,108.43671417236328,33.811622619628906
2020-07-28,90.21186828613281,223.59950256347656,150.01649475097656,123.99171447753906,74.36138153076172,123.68316650390625,83.50202178955078,59.708984375,109.77587127685547,33.41266632080078
2020-07-29,91.94110107421875,227.3625030517578,151.67649841308594,126.23745727539062,75.43590545654297,123.43888092041016,85.52694702148438,60.007484436035156,110.14498138427734,33.78093338012695
2020-07-30,93.05359649658203,219.98739624023438,152.593994140625,122.82392883300781,75.90328216552734,123.69157409667969,83.24462890625,60.19938659667969,112.81470489501953,32.12373352050781
2020-07-31,102.79523468017578,219.06556701660156,158.23399353027344,119.36552429199219,73.4999771118164,122.78185272216797,82.91858673095703,59.84971237182617,112.55717468261719,32.28485107421875
2020-08-03,105.38544464111328,215.03436279296875,155.59449768066406,118.37738800048828,73.07818603515625,124.12120819091797,82.45524597167969,59.18661117553711,112.7031021118164,32.41526794433594
2020-08-04,106.08924102783203,218.04307556152344,156.94149780273438,118.14384460449219,72.60832977294922,124.01167297363281,81.98334503173828,60.777198791503906,114.8491439819336,33.35128402709961
2020-08-05,106.4737548828125,213.9532470703125,160.25149536132812,121.24297332763672,73.03656768798828,125.00567626953125,83.40764617919922,60.506404876708984,114.5487060546875,33.64283752441406
2020-08-06,110.18854522705078,214.1376190185547,161.25,120.721923828125,74.34947967529297,124.28965759277344,83.43340301513672,60.29959487915039,113.9220962524414,33.481719970703125
2020-08-07,107.68331909179688,215.89759826660156,158.3730010986328,121.19802856445312,74.0714340209961,125.17412567138672,85.26953887939453,61.3592643737793,114.64314270019531,33.32827377319336
2020-08-10,109.24848175048828,212.37765502929688,157.4080047607422,127.57596588134766,74.1512222290039,124.69396209716797,86.35065460205078,60.476558685302734,115.11527252197266,34.14920425415039
2020-08-11,105.99945068359375,206.3351287841797,154.0334930419922,128.03408813476562,73.3691177368164,123.80110168457031,89.07913208007812,59.229251861572266,114.36844635009766,34.50213623046875
2020-08-12,109.52225494384766,210.60931396484375,158.11199951171875,128.07003784179688,74.67263793945312,126.06707763671875,88.32406616210938,60.67911911010742,116.28276824951172,34.494300842285156
2020-08-13,111.4605484008789,210.13160705566406,158.05099487304688,126.36323547363281,75.25897216796875,124.66871643066406,87.83502960205078,60.63859939575195,116.55745697021484,33.649356842041016
2020-08-14,111.36119842529297,209.62037658691406,157.4010009765625,125.72544860839844,74.72764587402344,124.87089538574219,87.86935424804688,59.807071685791016,115.9737319946289,33.79800796508789
2020-08-17,111.07044982910156,210.282470703125,159.12049865722656,124.61153411865234,75.23565673828125,125.5026626586914,85.5527114868164,60.33796691894531,116.31708526611328,33.359886169433594
2020-08-18,111.9959945678711,211.6569061279297,165.62449645996094,124.29715728759766,77.2489242553711,126.42926788330078,84.36006164550781,60.35077667236328,117.1841049194336,33.19558334350586
2020-08-19,112.13650512695312,205.52218627929688,163.0240020751953,123.98274230957031,76.70025634765625,126.68197631835938,84.55740356445312,60.19938659667969,116.54887390136719,32.82787322998047
2020-08-20,114.6247787475586,207.57546997070312,164.86849975585938,123.49768829345703,78.39630889892578,127.54957580566406,83.5449447631836,60.15034103393555,117.47595977783203,32.3271598815918
2020-08-21,120.53168487548828,208.96669006347656,164.23599243164062,124.35104370117188,78.33039093017578,128.6783447265625,83.50202178955078,60.21431350708008,117.98245239257812,32.08462905883789
2020-08-24,121.97325134277344,205.69818115234375,165.3730010986328,127.27047729492188,78.71598052978516,129.01756286621094,85.8530044555664,60.261226654052734,118.90093231201172,33.031288146972656
2020-08-25,120.9726333618164,206.51107788085938,167.32449340820312,126.79441833496094,79.70823669433594,128.94122314453125,86.23053741455078,59.97975540161133,119.37307739257812,31.982927322387695
2020-08-26,122.61773681640625,206.98040771484375,172.09249877929688,127.40524291992188,81.8969497680664,129.14474487304688,85.02072143554688,59.487239837646484,118.79793548583984,31.302263259887695
2020-08-27,121.15192413330078,207.81851196289062,170.0,128.7886505126953,81.0023193359375,129.72134399414062,87.81784057617188,59.76154708862305,118.6434326171875,31.09103775024414
2020-08-28,120.95565795898438,209.1761474609375,170.08999633789062,129.0221710205078,81.50191497802734,130.28102111816406,88.17821502685547,59.90510940551758,119.12415313720703,31.834278106689453
2020-08-31,125.0575180053711,208.80743408203125,172.54800415039062,127.83642578125,80.99488830566406,130.0859832763672,85.96455383300781,59.82368850708008,118.74646759033203,31.247501373291016
2020-09-01,130.0388641357422,207.8687744140625,174.95599365234375,131.19607543945312,82.30980682373047,128.4833526611328,85.92163848876953,59.38652038574219,118.6176986694336,30.8485107421875
2020-09-02,127.3447036743164,214.96730041503906,176.57249450683594,134.0885772705078,85.65877532958984,130.44212341308594,87.21725463867188,61.771602630615234,120.61780548095703,30.66072654724121
2020-09-03,117.1493911743164,211.46414184570312,168.39999389648438,131.8338623046875,81.37454223632812,126.81285095214844,86.94267272949219,60.12797546386719,118.68636322021484,30.598148345947266
2020-09-04,117.2269058227539,209.50306701660156,164.7310028076172,133.1094207763672,78.85674285888672,125.99874877929688,88.82173156738281,59.427242279052734,118.42884826660156,30.574678421020508
2020-09-08,109.338134765625,206.84632873535156,157.49200439453125,133.4148406982422,75.94986724853516,124.8709716796875,85.7328872680664,59.553672790527344,116.6948013305664,29.87054443359375
2020-09-09,113.69924926757812,211.54794311523438,163.4304962158203,137.1607666015625,77.1676254272461,126.94002532958984,86.54800415039062,60.50940704345703,118.59193420410156,29.69059944152832
2020-09-10,109.9874496459961,208.162109375,158.7554931640625,134.61859130859375,75.93153381347656,124.57422637939453,85.65567016601562,59.339378356933594,117.34718322753906,28.947359085083008
2020-09-11,108.54344940185547,209.34381103515625,155.81100463867188,138.184814453125,75.37147521972656,125.31194305419922,86.7195816040039,59.6051025390625,118.58332824707031,28.8691349029541
2020-09-14,111.79974365234375,212.78829956054688,155.14849853515625,137.8973388671875,75.30010223388672,125.79524230957031,87.92080688476562,60.41297912597656,119.00395202636719,28.681360244750977
2020-09-15,111.97419738769531,221.04339599609375,157.80650329589844,133.48675537109375,76.39840698242188,126.25315856933594,85.18374633789062,63.365928649902344,119.00395202636719,28.37624168395996
2020-09-16,108.6694107055664,220.65789794921875,153.90499877929688,135.741455078125,75.38037872314453,125.83768463134766,85.54411315917969,60.0765495300293,118.20563507080078,29.581077575683594
2020-09-17,106.93466186523438,210.13160705566406,150.43649291992188,138.2207489013672,74.12297821044922,124.79468536376953,84.56597900390625,59.89867401123047,118.05113983154297,29.573253631591797
2020-09-18,103.54267883300781,205.7484893798828,147.74549865722656,136.89126586914062,72.36149597167969,126.49911499023438,84.38579559326172,59.3415412902832,117.92235565185547,29.09601402282715
2020-09-21,106.6827163696289,201.951904296875,148.02349853515625,130.54928588867188,70.93260955810547,123.03941345214844,81.77743530273438,59.18722915649414,117.35577392578125,28.501420974731445
2020-09-22,108.35929870605469,202.764892578125,156.44949340820312,132.18417358398438,72.63262939453125,122.28473663330078,80.88507843017578,59.5858154296875,118.42884826660156,27.79729461669922
2020-09-23,103.81404113769531,197.54364013671875,149.9929962158203,129.6958770751953,70.14208984375,122.47972869873047,79.57234191894531,58.567935943603516,117.01240539550781,26.905397415161133
2020-09-24,104.88009643554688,197.93756103515625,150.989501953125,130.37863159179688,70.79035186767578,122.67477416992188,79.50369262695312,59.474388122558594,117.53604888916016,26.850635528564453
2020-09-25,108.8147964477539,201.95458984375,154.75650024414062,131.07028198242188,71.6165771484375,123.51424407958984,80.19869232177734,60.39155197143555,118.13697052001953,27.100994110107422
2020-09-28,111.41205596923828,202.1145782470703,158.70249938964844,132.6602325439453,72.58602905273438,124.74378204345703,82.50672912597656,60.88870620727539,118.47174072265625,27.62517738342285
2020-09-29,110.56891632080078,202.2156524658203,157.24400329589844,132.41773986816406,72.82443237304688,124.70142364501953,81.81175994873047,60.67013168334961,117.82789611816406,26.8193416595459
2020-09-30,112.23585510253906,203.57150268554688,157.43649291992188,133.98077392578125,72.83780670166016,126.24469757080078,82.60111236572266,59.47867202758789,119.31302642822266,26.85846519470215
2020-10-01,113.18560791015625,203.9252166748047,161.06300354003906,131.78897094726562,73.8533706665039,124.92186737060547,83.20172119140625,60.592994689941406,119.5276107788086,25.919628143310547
2020-10-02,109.53195190429688,204.89366149902344,156.25,134.69041442871094,72.28368377685547,124.00606536865234,83.99109649658203,60.25226974487305,118.56616973876953,25.80227279663086
2020-10-05,112.90457153320312,204.91891479492188,159.9600067138672,137.87939453125,73.65164184570312,125.69352722167969,85.76634979248047,61.69658279418945,119.65638732910156,26.39687156677246
2020-10-06,109.6676254272461,202.96511840820312,154.9980010986328,136.1187286376953,72.036865234375,124.02305603027344,84.88306427001953,62.2044677734375,119.8452377319336,26.12303352355957
2020-10-07,111.52838897705078,203.6051788330078,159.7845001220703,139.0292205810547,72.37638092041016,125.39673614501953,86.36388397216797,63.670204162597656,120.78096008300781,26.2091007232666
2020-10-08,111.42176818847656,205.11260986328125,159.52749633789062,140.72698974609375,73.64717102050781,126.25315856933594,88.13915252685547,64.51022338867188,121.59642791748047,27.586057662963867
2020-10-09,113.36005401611328,206.05580139160156,164.33250427246094,142.7751007080078,75.09886932373047,128.01695251464844,87.63687133789062,64.91094207763672,122.68663787841797,27.179224014282227
2020-10-12,120.56074523925781,207.48745727539062,172.14649963378906,146.07183837890625,77.77180480957031,128.75466918945312,88.7106704711914,65.50239562988281,124.03437042236328,27.093168258666992
2020-10-13,117.36257934570312,204.14418029785156,172.18150329589844,145.6316375732422,77.89720153808594,125.80377197265625,87.27314758300781,64.60237884521484,123.79398345947266,26.77239990234375
2020-10-14,117.4498062133789,200.8513946533203,168.1855010986328,146.97012329101562,77.7187728881836,125.5832748413086,86.7882308959961,64.42450714111328,123.6480484008789,26.717632293701172
2020-10-15,116.984619140625,201.7777557373047,166.9324951171875,148.2547149658203,77.27519226074219,124.81163787841797,88.08718872070312,63.95734786987305,123.46782684326172,26.952341079711914
2020-10-16,115.3467788696289,204.4051971435547,163.635498046875,151.58737182617188,77.96311950683594,125.5832748413086,87.90531921386719,65.48738861083984,123.94851684570312,26.678512573242188
2020-10-19,112.40058898925781,201.7777557373047,160.36050415039062,150.491455078125,76.05990600585938,122.3780288696289,86.42451477050781,64.19094848632812,121.81961059570312,26.146509170532227
2020-10-20,113.88337707519531,205.3147430419922,160.85049438476562,151.80294799804688,77.11658477783203,122.57305908203125,86.91813659667969,64.49950408935547,122.30891418457031,26.36557388305664
2020-10-21,113.26312255859375,203.57994079589844,159.2469940185547,150.37466430664062,78.96924591064453,122.04730987548828,86.0521240234375,63.79022216796875,122.96993255615234,25.943098068237305
2020-10-22,112.17769622802734,198.5523681640625,158.82000732421875,152.40481567382812,80.06063079833984,123.0224838256836,89.09172058105469,64.77381134033203,122.09895324707031,27.273109436035156
2020-10-23,111.48961639404297,200.19451904296875,160.22000122070312,152.3686981201172,81.33291625976562,123.1581039428711,89.89707946777344,64.94525146484375,122.90169525146484,26.725460052490234
2020-10-26,111.49929809570312,199.68922424316406,160.3520050048828,147.4972686767578,78.8274917602539,122.08120727539062,87.67151641845703,64.85523223876953,121.96949005126953,26.09174919128418
2020-10-27,113.00147247314453,198.88076782226562,164.31649780273438,142.7162628173828,79.511962890625,121.38585662841797,86.01750183105469,64.95596313476562,122.88446807861328,25.677091598510742
2020-10-28,107.76812744140625,193.80259704589844,158.13900756835938,136.61575317382812,75.16825866699219,117.3241195678711,83.60142517089844,63.824493408203125,118.82742309570312,24.699146270751953
2020-10-29,111.76097106933594,195.08267211914062,160.55050659179688,139.78799438476562,77.67713928222656,116.33201599121094,84.14698791503906,63.43878936767578,118.749755859375,25.794452667236328
2020-10-30,105.50033569335938,193.3984375,151.8074951171875,141.9390106201172,80.3421401977539,116.26416015625,84.90038299560547,62.75303649902344,118.34406280517578,25.520620346069336
2020-11-02,105.41313171386719,196.6322479248047,150.2239990234375,147.56053161621094,80.59095001220703,117.60394287109375,86.81420135498047,64.39878845214844,119.5525131225586,26.59246253967285
2020-11-03,107.03160095214844,197.25540161132812,152.42050170898438,151.55526733398438,81.78939056396484,117.44281768798828,89.5506820678711,65.16167449951172,121.9004135131836,26.138689041137695
2020-11-04,111.40239715576172,199.64715576171875,162.05799865722656,140.29412841796875,86.69214630126953,118.20601654052734,86.81420135498047,62.84733200073242,121.39979553222656,25.99786376953125
2020-11-05,115.35648345947266,202.04721069335938,166.10000610351562,147.39785766601562,87.39793395996094,118.51129913330078,90.36470794677734,64.07305908203125,122.90169525146484,25.950918197631836
2020-11-06,115.22542572021484,203.9252166748047,165.56849670410156,145.7710723876953,87.31764221191406,120.6227035522461,89.1609878540039,64.90451049804688,123.63542175292969,25.645801544189453
2020-11-09,112.92461395263672,200.41342163085938,157.18699645996094,154.3841094970703,87.37960052490234,123.87042999267578,101.23271179199219,64.72452545166016,119.11228942871094,28.892597198486328
2020-11-10,112.58480072021484,195.69741821289062,151.75100708007812,155.7217254638672,86.25898742675781,125.73590850830078,100.90361785888672,65.13595581054688,121.0717544555664,29.533592224121094
2020-11-11,116.00206756591797,200.80926513671875,156.8695068359375,153.15499877929688,86.86959838867188,125.32891082763672,99.39683532714844,66.46456146240234,122.63414764404297,29.229124069213867
2020-11-12,115.730224609375,200.43873596191406,155.51400756835938,152.85671997070312,86.72735595703125,125.75285339355469,98.17582702636719,65.71882629394531,122.70321655273438,28.227569580078125
2020-11-13,115.77877044677734,204.71678161621094,156.4405059814453,155.1884765625,88.074462890625,127.10964965820312,98.79065704345703,66.16455841064453,124.54177856445312,28.90862464904785
2020-11-16,116.7884292602539,201.34820556640625,156.55299377441406,156.5260772705078,88.29056549072266,127.9151840209961,101.5791015625,66.64456939697266,122.94488525390625,30.575199127197266
2020-11-17,115.90496063232422,201.424072265625,156.7830047607422,155.3692626953125,87.73397064208984,126.64327239990234,100.5486068725586,65.66740417480469,122.47013854980469,30.98383140563965
2020-11-18,114.58467864990234,200.1776580810547,155.2729949951172,156.119384765625,86.57569122314453,124.96429443359375,99.80384063720703,64.96453857421875,120.58831787109375,29.81402015686035
2020-11-19,115.17687225341797,200.79244995117188,155.8509979248047,156.2639923095703,87.42518615722656,124.76925659179688,100.07230377197266,64.39878845214844,120.44159698486328,29.966257095336914
2020-11-20,113.91481018066406,195.93324279785156,154.97000122070312,155.65843200683594,86.34819030761719,124.10784149169922,99.21498107910156,64.7588119506836,120.24307250976562,29.597684860229492
2020-11-23,110.52669525146484,192.77517700195312,154.91949462890625,157.96307373046875,85.98489379882812,122.84413146972656,102.07270050048828,63.91878128051758,119.7769546508789,31.536678314208984
2020-11-24,111.80816650390625,192.05938720703125,155.9029998779297,159.87911987304688,87.67103576660156,122.84413146972656,106.79228210449219,64.27022552490234,119.38853454589844,33.635921478271484
2020-11-25,112.64305877685547,196.21958923339844,159.2534942626953,157.82752990722656,87.79742431640625,122.6819076538086,105.67516326904297,65.42422485351562,119.70789337158203,32.69847106933594
2020-11-27,113.18672180175781,197.1375274658203,159.76699829101562,158.23423767089844,88.87590789794922,122.95513916015625,104.97373962402344,64.7008056640625,119.64747619628906,32.20170593261719
2020-11-30,115.57492065429688,194.70372009277344,158.40199279785156,156.8875732421875,87.26759338378906,123.5357437133789,102.08135986328125,63.37458038330078,119.87191772460938,30.55115509033203
2020-12-01,119.13778686523438,198.6028594970703,161.00399780273438,156.58937072753906,89.1192626953125,125.90091705322266,103.69207000732422,63.85684585571289,120.30347442626953,30.847620010375977
2020-12-02,119.4872817993164,192.7667999267578,160.17649841308594,157.14064025878906,90.59870910644531,126.4901351928711,105.683837890625,63.994632720947266,119.4316635131836,32.00139236450195
2020-12-03,119.35133361816406,190.5098419189453,159.3365020751953,157.82752990722656,90.54023742675781,127.22438049316406,104.99105072021484,63.16789627075195,118.55118560791016,32.21773910522461
2020-12-04,118.68150329589844,192.5730438232422,158.12899780273438,164.67820739746094,90.60070037841797,128.3087921142578,105.94361877441406,62.45311737060547,118.66342163085938,33.39555358886719
2020-12-07,120.13770294189453,188.86764526367188,157.89999389648438,161.5149688720703,90.17892456054688,127.19878387451172,105.54527282714844,63.099037170410156,118.84468841552734,32.77058410644531
2020-12-08,120.74932861328125,188.3118896484375,158.864501953125,161.6324462890625,90.13282012939453,129.4017333984375,105.64920043945312,63.45209503173828,119.1640853881836,33.8442497253418
2020-12-09,118.22521209716797,184.80010986328125,155.2100067138672,162.7440948486328,88.42686462402344,130.72523498535156,104.82650756835938,63.443477630615234,117.74845123291016,34.29292297363281
2020-12-10,119.6426010131836,184.77484130859375,155.07449340820312,161.64146423339844,87.99071502685547,129.99945068359375,104.15104675292969,63.107643127441406,116.9715576171875,35.26242446899414
2020-12-11,118.8368148803711,185.12013244628906,155.8209991455078,162.0391082763672,88.30989837646484,130.59710693359375,103.53621673583984,63.5554313659668,117.83477020263672,35.09416961669922
2020-12-14,118.22521209716797,182.50950622558594,157.84849548339844,160.91844177246094,87.23388671875,127.28419494628906,102.4450912475586,63.340152740478516,117.26506805419922,33.828216552734375
2020-12-15,124.14716339111328,182.95579528808594,158.25599670410156,164.25338745117188,87.61602020263672,128.56494140625,104.1943588256836,64.51134490966797,117.95561218261719,34.4852294921875
2020-12-16,124.07919311523438,184.95172119140625,162.04800415039062,162.22897338867188,87.37960052490234,127.79650115966797,104.49745178222656,64.1065902709961,118.49077606201172,35.01405334472656
2020-12-17,124.94322967529297,187.55393981933594,161.8040008544922,161.9307098388672,86.63119506835938,131.16920471191406,103.63147735595703,64.64053344726562,119.33674621582031,34.837772369384766
2020-12-18,122.9627685546875,186.55177307128906,160.08250427246094,163.54847717285156,85.79408264160156,131.92913818359375,103.12054443359375,64.16687774658203,120.01863861083984,34.236846923828125
2020-12-21,124.4869384765625,185.08644104003906,160.3090057373047,162.82545471191406,86.20843505859375,130.6569061279297,106.991455078125,64.0721435546875,118.70661926269531,33.611881256103516
2020-12-22,128.03041076660156,185.684326171875,160.3260040283203,159.5899200439453,85.42186737060547,130.4007568359375,105.36341094970703,64.33912658691406,117.86927795410156,33.04300308227539
2020-12-23,127.13726806640625,183.08213806152344,159.2635040283203,161.25283813476562,85.86198425292969,129.7347412109375,108.3077392578125,64.01187133789062,117.68800354003906,33.46766662597656
2020-12-24,128.11778259277344,185.1654052734375,158.63450622558594,162.28311157226562,86.18264770507812,130.18728637695312,107.83145141601562,64.57167053222656,118.87919616699219,33.331451416015625
2020-12-28,132.69996643066406,187.2147979736328,164.197998046875,161.20765686035156,88.02838134765625,130.80209350585938,108.54155731201172,65.01084899902344,119.70789337158203,33.443626403808594
2020-12-29,130.93313598632812,186.71514892578125,166.10000610351562,159.6531524658203,87.16746520996094,131.6132049560547,108.25579833984375,64.873046875,119.48343658447266,33.067047119140625
2020-12-30,129.81668090820312,186.5966033935547,164.29249572753906,162.7169647216797,86.21586608886719,133.2440948486328,108.55887603759766,65.37255096435547,118.92237854003906,33.331451416015625
2020-12-31,128.81678771972656,190.0856475830078,162.84649658203125,164.50645446777344,86.82846069335938,134.37973022460938,110.03970336914062,66.4404067993164,120.10494995117188,33.0269775390625
2021-01-04,125.63251495361328,185.96994018554688,159.3314971923828,164.6239471435547,85.65679931640625,133.62828063964844,109.00052642822266,63.91712951660156,118.9655532836914,33.251319885253906
2021-01-05,127.185791015625,186.90994262695312,160.92550659179688,165.97059631347656,86.2852554321289,135.1993865966797,109.59363555908203,64.39079284667969,119.72518157958984,34.85380172729492
2021-01-06,122.9045181274414,181.98123168945312,156.91900634765625,175.20724487304688,86.00619506835938,136.47166442871094,114.73970031738281,67.54273986816406,120.98542785644531,35.74317932128906
2021-01-07,127.09842681884766,184.1914825439453,158.10800170898438,175.54164123535156,88.58150482177734,136.93272399902344,118.50764465332031,68.28333282470703,119.85467529296875,36.02361297607422
2021-01-08,128.19540405273438,188.17176818847656,159.13499450683594,175.56875610351562,89.57078552246094,136.6509552001953,118.63849639892578,69.867919921875,119.80284881591797,36.42422866821289
2021-01-11,125.21505737304688,182.00660705566406,155.7104949951172,175.20724487304688,87.56397247314453,136.07888793945312,120.40907287597656,68.62779998779297,118.99144744873047,37.529930114746094
2021-01-12,125.04031372070312,181.9981689453125,156.04150390625,178.53317260742188,86.56430053710938,135.0200958251953,122.30176544189453,68.67948913574219,118.30088806152344,38.363216400146484
2021-01-13,127.06935119628906,183.31076049804688,158.29449462890625,177.04193115234375,86.95336151123047,134.81517028808594,122.41516876220703,70.4793701171875,118.48213958740234,38.7958869934082
2021-01-14,125.1471176147461,182.06588745117188,156.37350463867188,178.40664672851562,86.24858856201172,137.1718292236328,123.13037109375,71.07357025146484,117.22189331054688,40.310218811035156
2021-01-15,123.42877197265625,186.21551513671875,155.21249389648438,175.89413452148438,86.05081176757812,136.87298583984375,120.92369842529297,70.651611328125,116.3414306640625,38.37123107910156
2021-01-19,124.09862518310547,183.66647338867188,156.03799438476562,176.32118225097656,88.76042938232422,138.99050903320312,120.40035247802734,71.31471252441406,115.32286834716797,39.13241195678711
2021-01-20,128.17601013183594,188.6629180908203,163.16900634765625,174.7583770751953,93.52046203613281,138.64901733398438,118.5948715209961,72.38259887695312,113.8813247680664,39.68524932861328
2021-01-21,132.87469482421875,188.17176818847656,165.34950256347656,174.62208557128906,93.73605346679688,138.09396362304688,117.60053253173828,72.08979797363281,113.7693099975586,38.547508239746094
2021-01-22,135.01052856445312,189.6282958984375,164.6114959716797,174.3949432373047,94.2217788696289,139.6479949951172,116.69343566894531,72.52039337158203,112.89221954345703,38.002662658691406
2021-01-25,138.7481231689453,192.66854858398438,164.6999969482422,170.2154083251953,94.14000701904297,141.72286987304688,115.23683166503906,74.81111907958984,114.83745574951172,37.5780143737793
2021-01-26,138.9811248779297,196.7165069580078,166.30650329589844,170.0973358154297,95.02420806884766,145.56520080566406,114.765869140625,73.39879608154297,115.5755615234375,36.752723693847656
2021-01-27,137.9132843017578,193.98117065429688,161.62899780273438,164.1188201904297,90.7394790649414,143.34518432617188,111.52123260498047,69.05843353271484,111.48541259765625,36.336097717285156
2021-01-28,133.0883331298828,193.34603881835938,161.88099670410156,167.48963928222656,92.34135437011719,144.43812561035156,113.48371124267578,71.01329803466797,113.20487213134766,36.90496826171875
2021-01-29,128.10809326171875,192.54159545898438,160.30999755859375,166.1267852783203,90.98481750488281,139.28941345214844,112.22771453857422,69.64400482177734,111.33778381347656,35.927459716796875
2021-02-01,130.2244415283203,199.49420166015625,167.1439971923828,167.83489990234375,94.23664093017578,138.93075561523438,113.05630493164062,70.35881042480469,111.99776458740234,35.991554260253906
2021-02-02,131.0496063232422,199.9854278564453,169.0,174.9037322998047,95.5332260131836,137.68408203125,116.53645324707031,71.41804504394531,111.84147644042969,36.5604362487793
2021-02-03,130.03025817871094,196.73345947265625,165.62649536132812,173.9497528076172,102.59890747070312,137.04371643066406,117.87094116210938,71.52140045166016,111.98038482666016,37.994651794433594
2021-02-04,133.3795623779297,196.64031982421875,166.5500030517578,174.13143920898438,102.21727752685547,138.31602478027344,120.58353424072266,71.47834014892578,112.04988861083984,38.723785400390625
2021-02-05,132.96636962890625,197.30935668945312,167.6074981689453,175.35806274414062,103.98320770263672,140.41644287109375,120.34803009033203,71.99504089355469,112.5188217163086,40.02178192138672
2021-02-08,133.11219787597656,197.13998413085938,166.14700317382812,179.4012451171875,103.73094940185547,140.81777954101562,122.23200225830078,71.82281494140625,112.17146301269531,41.74443435668945
2021-02-09,132.23716735839844,196.1830291748047,165.25,179.24679565429688,103.26504516601562,141.97047424316406,121.74358367919922,72.19312286376953,111.73725128173828,41.25553894042969
2021-02-10,131.6343536376953,196.1830291748047,164.32899475097656,179.6466064453125,103.85334014892578,142.43157958984375,121.81336212158203,72.26201629638672,111.34647369384766,41.65481185913086
2021-02-11,131.38156127929688,192.93109130859375,163.10650634765625,180.21900939941406,103.87863159179688,141.7911834716797,121.47319030761719,72.29647827148438,111.44200134277344,40.61180877685547
2021-02-12,131.61485290527344,192.39755249023438,163.885498046875,179.89193725585938,104.2860336303711,142.23521423339844,123.20018005371094,71.59028625488281,110.82544708251953,41.1659049987793
2021-02-16,129.49539184570312,190.5260009765625,163.44749450683594,183.88064575195312,105.16777038574219,140.94586181640625,126.1656723022461,69.91959381103516,111.08597564697266,42.40447235107422
2021-02-17,127.21058654785156,191.65232849121094,165.4320068359375,183.8079833984375,105.48546600341797,141.4496307373047,126.55818939208984,69.48039245605469,111.55490112304688,43.064483642578125
2021-02-18,126.1119384765625,193.3037109375,166.4114990234375,181.6455078125,104.93482208251953,141.51797485351562,126.98558807373047,69.52347564697266,112.48408508300781,42.388153076171875
2021-02-19,126.26749420166016,191.70314025878906,162.4949951171875,190.72232055664062,104.13883209228516,139.16128540039062,129.1050567626953,67.258544921875,110.39125061035156,42.67335510253906
2021-02-22,122.50482177734375,190.6022186279297,159.03700256347656,198.12733459472656,102.34169006347656,139.0753936767578,130.3174285888672,64.67498779296875,109.92230224609375,44.246009826660156
2021-02-23,122.36872100830078,188.99319458007812,159.72500610351562,200.0535888671875,102.63807678222656,137.84674072265625,131.36410522460938,64.33912658691406,110.73858642578125,44.85715103149414
2021-02-24,121.87286376953125,190.3566131591797,157.97650146484375,202.13424682617188,103.84294128417969,139.69400024414062,133.67543029785156,63.520992279052734,110.86016082763672,46.201629638671875
2021-02-25,117.63379669189453,190.33123779296875,152.85800170898438,201.5436553955078,100.68032836914062,139.84005737304688,131.8612518310547,64.11402130126953,109.92230224609375,45.43568801879883
2021-02-26,117.89631652832031,183.0313262939453,154.64649963378906,196.14659118652344,100.95293426513672,136.14559936523438,128.3636474609375,63.61189270019531,107.27365112304688,44.30304718017578
2021-03-01,124.24519348144531,181.03271484375,157.3070068359375,199.67193603515625,103.16590881347656,136.88449096679688,131.2681121826172,65.71556854248047,107.93365478515625,45.957176208496094
2021-03-02,121.64925384521484,176.83226013183594,154.72650146484375,196.09210205078125,102.88489532470703,136.62672424316406,130.84075927734375,65.39524841308594,107.59497833251953,45.68827819824219
2021-03-03,118.67411804199219,171.83587646484375,150.25,195.26531982421875,100.44986724853516,134.22100830078125,133.3701934814453,62.78081130981445,106.95235443115234,46.054954528808594
2021-03-04,116.79764556884766,170.37930297851562,148.8784942626953,193.3209228515625,101.55907440185547,131.51461791992188,131.3204345703125,61.716007232666016,106.07527160644531,47.8394660949707
2021-03-05,118.05186462402344,169.3715057373047,150.0229949951172,200.03543090820312,104.505615234375,134.11793518066406,131.62570190429688,61.20523452758789,109.40123748779297,49.64842224121094
2021-03-08,113.13224792480469,168.2367401123047,147.59750366210938,201.32557678222656,100.32398223876953,135.2348175048828,133.3701934814453,61.34374237060547,110.55623626708984,49.59952926635742
2021-03-09,117.73102569580078,171.6580352783203,153.1425018310547,196.9825439453125,101.73802185058594,135.49258422851562,132.4281768798828,64.0793685913086,109.57493591308594,48.83358383178711
2021-03-10,116.65180969238281,173.11460876464844,152.8820037841797,200.85311889648438,101.85348510742188,136.7384490966797,135.3065185546875,64.46028137207031,110.5822525024414,50.3328857421875
2021-03-11,118.57689666748047,181.142822265625,155.67950439453125,199.67193603515625,104.81439208984375,136.72984313964844,134.6000213623047,64.8065414428711,110.20886993408203,49.958065032958984
2021-03-12,117.67269134521484,182.2437286376953,154.47450256347656,208.06735229492188,102.1949691772461,137.12503051757812,136.19615173339844,65.50778198242188,111.27701568603516,50.49586486816406
2021-03-15,120.55059051513672,185.02993774414062,154.08399963378906,209.64830017089844,102.42147827148438,137.82957458496094,135.5158233642578,65.3779296875,111.64173889160156,49.208404541015625
2021-03-16,122.08673858642578,188.7136993408203,154.59300231933594,205.75953674316406,103.71160888671875,138.6458282470703,133.89349365234375,65.2567367553711,111.97173309326172,48.165409088134766
2021-03-17,121.2992172241211,188.99319458007812,156.7864990234375,212.27407836914062,103.6402359008789,138.13027954101562,135.2716064453125,63.16172790527344,111.52014923095703,48.37726974487305
2021-03-18,117.18653869628906,188.43426513671875,151.39950561523438,209.59375,100.92121124267578,137.87257385253906,137.5044708251953,61.577484130859375,111.76329803466797,46.291263580322266
2021-03-19,116.6615219116211,187.88380432128906,153.7480010986328,204.69647216796875,101.26715087890625,137.50308227539062,135.31520080566406,61.326454162597656,111.16410064697266,46.030513763427734
2021-03-22,119.96721649169922,191.245849609375,155.5435028076172,205.3597412109375,101.03865814208984,137.8983154296875,131.67808532714844,62.06228256225586,113.04852294921875,45.55790710449219
2021-03-23,119.14080810546875,194.6502227783203,156.875,198.29998779296875,101.75090026855469,137.7694091796875,130.36106872558594,64.0793685913086,115.15009307861328,44.99566650390625
2021-03-24,116.75875854492188,192.23666381835938,154.35350036621094,201.00758361816406,101.3593521118164,139.10975646972656,131.372802734375,63.049198150634766,115.11534118652344,45.90829086303711
2021-03-25,117.24488830566406,192.42298889160156,152.31300354003906,203.75155639648438,101.32465362548828,139.1613006591797,133.05616760253906,63.5859260559082,115.91426849365234,45.77791976928711
2021-03-26,117.84769439697266,202.2465362548828,152.60150146484375,208.52163696289062,100.88798522949219,141.70448303222656,135.2716064453125,64.11402130126953,117.62501525878906,47.024620056152344
2021-03-29,118.02269744873047,204.79556274414062,153.7864990234375,209.17581176757812,101.89909362792969,142.65817260742188,133.16958618164062,64.7546157836914,119.4660415649414,46.772029876708984
2021-03-30,116.57402801513672,200.8322296142578,152.76449584960938,211.77439880371094,101.87877655029297,141.773193359375,134.73953247070312,64.25249481201172,117.62501525878906,46.1934814453125
2021-03-31,118.76162719726562,202.4497528076172,154.70399475097656,210.67498779296875,102.52755737304688,141.20614624023438,132.77706909179688,65.45584106445312,117.6076431274414,45.49272155761719
2021-04-01,119.58804321289062,203.29664611816406,158.0500030517578,211.46548461914062,105.95333862304688,139.90017700195312,134.0679473876953,65.5943603515625,116.6089859008789,46.763877868652344
2021-04-05,122.4076156616211,207.2683868408203,161.3365020751953,212.34677124023438,110.30497741699219,140.41574096679688,134.77859497070312,66.46871185302734,118.49342346191406,46.038665771484375
2021-04-06,122.708984375,206.27757263183594,161.1909942626953,209.5574188232422,110.26531982421875,140.38134765625,133.83103942871094,67.14398193359375,118.53681182861328,45.90829086303711
2021-04-07,124.35213470458984,207.23452758789062,163.96949768066406,209.3484344482422,111.50092315673828,140.57032775878906,135.9279327392578,67.01412200927734,118.7452392578125,46.11199951171875
2021-04-08,126.74388885498047,204.18582153320312,164.96499633789062,209.41204833984375,112.28204345703125,140.02047729492188,136.0946502685547,67.3171157836914,119.1968002319336,45.6312370300293
2021-04-09,129.31063842773438,203.57606506347656,168.61000061035156,209.65737915039062,113.29512023925781,138.54269409179688,137.1123809814453,67.47293090820312,118.4239501953125,45.525306701660156
2021-04-12,127.59944915771484,205.57650756835938,168.96949768066406,209.8209228515625,111.75420379638672,138.87774658203125,136.82281494140625,67.21322631835938,118.90155029296875,45.22382354736328
2021-04-13,130.70095825195312,206.8618927001953,170.0,208.3852996826172,112.37274932861328,137.02195739746094,135.19093322753906,68.4251937866211,117.32978057861328,45.39494705200195
2021-04-14,128.36752319335938,205.729736328125,166.64999389648438,211.3201141357422,111.75666046142578,137.3999786376953,132.66416931152344,68.50312042236328,117.75526428222656,46.70683670043945
2021-04-15,130.76902770996094,210.3946075439453,168.95449829101562,211.26559448242188,113.82939910888672,137.80380249023438,133.5064239501953,69.41211700439453,119.1794662475586,46.42979431152344
2021-04-16,130.4384765625,211.63742065429688,169.9720001220703,212.02880859375,113.8839111328125,139.393310546875,134.4978485107422,70.07003784179688,119.18814086914062,46.16904067993164
2021-04-19,131.09957885742188,211.56927490234375,168.60049438476562,211.1474609375,114.11389923095703,139.77993774414062,133.92758178710938,69.07447814941406,118.63233184814453,46.02236557006836
2021-04-20,129.41758728027344,215.0849609375,166.7344970703125,206.8225555419922,113.67922973632812,143.03619384765625,130.96206665039062,69.71510314941406,119.622314453125,45.05270767211914
2021-04-21,129.79678344726562,214.6678466796875,168.1009979248047,211.21102905273438,113.66236877441406,143.13070678710938,132.0763397216797,67.4989013671875,118.84078216552734,45.6312370300293
2021-04-22,128.28004455566406,214.123046875,165.45199584960938,207.9673614501953,112.40496826171875,141.9192352294922,129.295166015625,67.8018798828125,117.66093444824219,45.03640365600586
2021-04-23,130.5940399169922,216.25115966796875,167.04400634765625,210.0209503173828,114.75326538085938,142.2113800048828,131.76930236816406,67.73265075683594,117.05789947509766,45.28085708618164
2021-04-26,130.9829559326172,215.35736083984375,170.4499969482422,210.431640625,115.32025909423828,141.008544921875,132.0938720703125,67.46427154541016,114.7156982421875,45.37050247192383
2021-04-27,130.66209411621094,214.93177795410156,170.8715057373047,210.23085021972656,114.34783172607422,140.20091247558594,132.69927978515625,66.90158081054688,114.64576721191406,45.965328216552734
2021-04-28,129.8745574951172,214.4720916748047,172.9250030517578,212.01976013183594,117.95551300048828,139.1698760986328,133.55908203125,66.73707580566406,114.83804321289062,47.35056686401367
2021-04-29,129.77732849121094,213.1611785888672,173.5655059814453,207.61141967773438,120.43267059326172,141.07730102539062,136.15602111816406,66.84962463378906,115.80813598632812,48.02688980102539
2021-04-30,127.81338500976562,216.87261962890625,173.37100219726562,208.19557189941406,119.45281219482422,139.81427001953125,134.9453125,67.1006851196289,116.60343170166016,46.64165496826172
2021-05-03,128.86338806152344,214.87213134765625,169.32449340820312,208.25035095214844,118.71184539794922,141.9450225830078,134.5504913330078,66.39945983886719,117.98429870605469,47.92910385131836
2021-05-04,124.3034896850586,211.8587646484375,165.593505859375,213.03286743164062,116.6837387084961,144.14456176757812,136.4104766845703,65.52511596679688,117.5822525024414,48.2306022644043
2021-05-05,124.54657745361328,211.62039184570312,163.52699279785156,217.1126251220703,116.8071517944336,143.54310607910156,138.2002716064453,63.87159729003906,116.63841247558594,49.68100357055664
2021-05-06,126.14107513427734,207.72164916992188,165.31849670410156,216.37330627441406,118.02689361572266,144.11871337890625,140.98146057128906,64.07070922851562,118.1066665649414,50.153621673583984
2021-05-07,126.8130874633789,210.67550659179688,164.58050537109375,219.9511260986328,118.88629913330078,144.77175903320312,141.46401977539062,64.5208740234375,118.11539459228516,50.87069320678711
2021-05-10,123.5407485961914,211.63742065429688,159.52450561523438,221.4296875,116.05973052978516,146.29249572753906,141.44644165039062,64.7546157836914,120.3177490234375,50.992916107177734
2021-05-11,122.62525177001953,210.53077697753906,161.19549560546875,218.40866088867188,114.42910766601562,145.09823608398438,139.09515380859375,64.1226577758789,119.72344970703125,49.371376037597656
2021-05-12,119.5671615600586,205.9680938720703,157.5970001220703,216.6015167236328,110.9755630493164,144.51400756835938,138.13885498046875,61.93243408203125,118.45621490478516,49.63593292236328
2021-05-13,121.70978546142578,207.70462036132812,158.07350158691406,219.11146545410156,112.11006164550781,146.02615356445312,141.69210815429688,62.876060485839844,120.36143493652344,49.02416229248047
2021-05-14,124.12506866455078,210.05409240722656,161.14500427246094,221.08282470703125,114.79588317871094,146.24954223632812,143.894287109375,63.30024719238281,120.61491394042969,50.23942947387695
2021-05-17,122.97586059570312,209.31353759765625,163.51950073242188,223.41932678222656,115.05609893798828,146.39559936523438,144.4733123779297,62.24409866333008,120.37018585205078,51.413352966308594
2021-05-18,121.59290313720703,209.7051239013672,161.61399841308594,218.56381225585938,114.1649398803711,146.4471435546875,142.4378662109375,62.58169937133789,119.13793182373047,49.95834732055664
2021-05-19,121.43708038330078,209.44117736816406,161.58999633789062,216.1907958984375,114.42664337158203,146.12925720214844,141.34994506835938,62.902015686035156,119.38262176513672,48.75960922241211
2021-05-20,123.98873138427734,213.51016235351562,162.38400268554688,214.47491455078125,116.77490997314453,146.97982788085938,141.10430908203125,64.31310272216797,120.60616302490234,48.64387130737305
2021-05-21,122.15777587890625,212.76953125,160.1540069580078,216.52847290039062,116.23023223876953,146.88531494140625,142.7098388671875,64.4429702758789,120.60616302490234,48.709999084472656
2021-05-24,123.78421020507812,215.1785888671875,162.24949645996094,218.18052673339844,119.2818374633789,147.44728088378906,143.4818878173828,64.0880355834961,120.57122802734375,49.280433654785156
2021-05-25,123.58942413330078,215.6808319091797,162.95249938964844,216.464599609375,119.40076446533203,147.0409393310547,141.99917602539062,63.51667022705078,120.98197174072266,48.164363861083984
2021-05-26,123.5407485961914,216.60867309570312,163.25799560546875,216.95745849609375,120.61309814453125,146.16775512695312,141.98165893554688,63.603240966796875,120.71104431152344,48.72653579711914
2021-05-27,122.01168823242188,216.31077575683594,161.5054931640625,220.21575927734375,119.07564544677734,145.9429473876953,144.1925811767578,63.19636535644531,117.96680450439453,48.412384033203125
2021-05-28,121.35917663574219,217.45994567871094,161.15350341796875,220.0332489013672,119.52420043945312,146.3233642578125,144.0960693359375,63.38681411743164,117.85321807861328,48.25531005859375
2021-06-01,121.03778839111328,220.10733032226562,160.9324951171875,221.56658935546875,120.4287109375,143.10726928710938,145.68408203125,62.764564514160156,116.13150024414062,49.98314666748047
2021-06-02,121.79742431640625,223.81878662109375,161.69949340820312,222.20547485351562,120.0059585571289,143.68653869628906,145.69285583496094,63.278038024902344,116.63841247558594,50.379966735839844
2021-06-03,120.31708526611328,224.17628479003906,159.35049438476562,222.5522918701172,119.1797103881836,143.54820251464844,145.78933715820312,62.98212814331055,118.7271728515625,50.57837677001953
2021-06-04,122.60577392578125,225.8192138671875,160.31100463867188,222.7165985107422,121.51660919189453,143.4876708984375,146.0262451171875,62.95602035522461,118.81454467773438,50.80159378051758
2021-06-07,122.61552429199219,228.6708526611328,159.90049743652344,218.82847595214844,122.22686767578125,142.51075744628906,145.34194946289062,63.069156646728516,119.2253189086914,50.470909118652344
2021-06-08,123.43360137939453,226.4491424560547,163.20550537109375,219.19357299804688,123.05754852294922,141.25717163085938,144.76284790039062,62.781982421875,117.84445190429688,51.3637580871582
2021-06-09,123.81342315673828,227.2918701171875,164.0574951171875,214.1645965576172,123.48129272460938,143.1591796875,142.9555206298828,63.051761627197266,117.80076599121094,51.79364776611328
2021-06-10,122.82003784179688,230.53514099121094,167.4824981689453,206.02333068847656,124.97811889648438,144.44732666015625,140.72703552246094,63.97425079345703,118.67471313476562,51.876312255859375
2021-06-11,124.0276870727539,228.43260192871094,167.3415069580078,201.43247985839844,124.59795379638672,142.61451721191406,140.63050842285156,63.95684051513672,117.86195373535156,51.39682388305664
2021-06-14,127.07604217529297,230.63731384277344,169.19349670410156,199.8900146484375,125.24772644042969,142.96896362304688,138.244140625,63.8001708984375,117.9056396484375,51.31414794921875
2021-06-15,126.2579345703125,230.23712158203125,169.156494140625,200.3007354736328,124.9315185546875,142.2081756591797,136.14724731445312,63.90462112426758,117.67839813232422,53.182525634765625
2021-06-16,126.75464630126953,226.88330078125,170.7624969482422,198.20150756835938,124.59795379638672,142.15631103515625,137.10360717773438,63.79150390625,116.04410552978516,52.99237823486328
2021-06-17,128.35186767578125,230.51840209960938,174.46200561523438,191.16461181640625,125.26656341552734,142.8392333984375,133.14671325683594,64.90544128417969,117.10163116455078,51.24801254272461
2021-06-18,127.05654907226562,227.46490478515625,174.34500122070312,190.62612915039062,124.47008514404297,140.03814697265625,129.77769470214844,63.77409362792969,115.3886489868164,49.93354034423828
2021-06-21,128.84860229492188,229.00448608398438,172.697998046875,194.5963592529297,125.3498306274414,141.64617919921875,131.9798583984375,64.6878662109375,116.29756927490234,51.74404525756836
2021-06-22,130.48472595214844,228.0379638671875,175.27200317382812,194.52333068847656,125.88956451416016,141.45599365234375,131.786865234375,64.49641418457031,116.34125518798828,52.736106872558594
2021-06-23,130.2119903564453,225.9937744140625,175.1909942626953,195.12570190429688,125.35626983642578,140.60011291503906,132.5852508544922,63.83498001098633,116.17520141601562,53.124656677246094
2021-06-24,129.9296417236328,225.93385314941406,172.45399475097656,200.1912078857422,126.16960906982422,141.23988342285156,133.80477905273438,63.42597198486328,116.25385284423828,53.339599609375
2021-06-25,129.63742065429688,227.97808837890625,170.072998046875,197.4257049560547,125.88511657714844,141.9661407470703,135.15585327148438,64.27883911132812,117.91439819335938,53.455345153808594
2021-06-28,131.26380920410156,232.46853637695312,172.1945037841797,197.38922119140625,125.71114349365234,141.8018035888672,135.40150451660156,65.4015121459961,118.26395416259766,52.09127426147461
2021-06-29,132.7734375,233.32383728027344,172.40699768066406,196.32139587402344,124.9171371459961,141.81045532226562,135.23483276367188,64.4703140258789,117.45990753173828,51.76884460449219
2021-06-30,133.386962890625,231.0572052001953,172.00799560546875,198.63050842285156,124.22078704833984,142.42430114746094,136.463134765625,63.77409362792969,117.92311096191406,52.149139404296875
2021-07-01,133.6889190673828,231.2197265625,171.64849853515625,197.790771484375,125.26407623291016,143.4790496826172,137.81422424316406,64.56605529785156,118.19404602050781,52.29793930053711
2021-07-02,136.30874633789062,233.39230346679688,175.5489959716797,198.74913024902344,127.59403228759766,146.0899658203125,137.68186950683594,64.64437866210938,118.7708511352539,52.22353744506836
2021-07-06,138.31497192382812,235.83853149414062,183.78700256347656,194.8792724609375,128.6368408203125,145.21676635742188,135.3699188232422,65.38410186767578,118.84077453613281,50.73545837402344
2021-07-07,140.79847717285156,237.9254608154297,184.82899475097656,195.94712829589844,128.940673828125,146.4617156982422,135.52879333496094,65.55816650390625,119.73224639892578,49.94180679321289
2021-07-08,139.5031280517578,237.71165466308594,186.57049560546875,193.59237670898438,128.0480499267578,146.1763916015625,133.19041442871094,65.38410186767578,119.71473693847656,49.71859359741211
2021-07-09,141.32437133789062,238.1649932861328,185.9669952392578,198.43881225585938,128.4420623779297,146.75563049316406,137.45245361328125,65.26226806640625,119.75843048095703,50.61970901489258
2021-07-12,140.7302703857422,239.482177734375,185.92750549316406,199.49754333496094,129.4229278564453,146.522216796875,139.4202117919922,65.34928131103516,119.85455322265625,50.57011032104492
2021-07-13,141.84051513671875,238.23342895507812,183.8679962158203,196.4034881591797,129.84967041015625,146.34066772460938,137.34654235839844,65.14911651611328,119.70599365234375,50.33036422729492
2021-07-14,145.2589569091797,240.6625213623047,184.08399963378906,193.16342163085938,130.92813110351562,147.3348846435547,136.8788604736328,65.88015747070312,120.58867645263672,49.21429443359375
2021-07-15,144.60647583007812,240.5855255126953,181.55999755859375,192.95350646972656,130.1192626953125,145.56256103515625,137.1789093017578,66.85488891601562,121.6199722290039,48.734806060791016
2021-07-16,142.57093811035156,241.59483337402344,178.68150329589844,189.7955780029297,130.69322204589844,145.3291473388672,134.0463409423828,67.81218719482422,122.79978942871094,47.38726806640625
2021-07-19,138.73374938964844,240.2519989013672,177.47950744628906,186.34542846679688,128.1243896484375,144.27444458007812,129.6873016357422,67.0028305053711,122.73861694335938,45.758628845214844
2021-07-20,142.33721923828125,242.05670166015625,178.6595001220703,190.82325744628906,129.95570373535156,145.6317596435547,132.1051025390625,67.1594467163086,122.08313751220703,46.262935638427734
2021-07-21,141.60679626464844,239.713134765625,179.25999450683594,193.36502075195312,131.44161987304688,146.53086853027344,134.8846435546875,66.03681182861328,121.65492248535156,47.751014709472656
2021-07-22,142.97027587890625,240.85926818847656,181.90150451660156,191.92442321777344,132.16326904296875,146.95448303222656,133.18157958984375,66.24568176269531,121.18882751464844,47.21364974975586
2021-07-23,144.6843719482422,243.9897918701172,182.83200073242188,192.2638702392578,136.61154174804688,148.51931762695312,132.92568969726562,67.18559265136719,122.93891143798828,47.15578079223633
2021-07-26,145.10317993164062,243.4337158203125,184.99099731445312,193.64028930664062,138.4240264892578,148.58847045898438,133.81690979003906,66.93319702148438,123.36986541748047,48.34625244140625
2021-07-27,142.9410400390625,245.37539672851562,181.3195037841797,192.60337829589844,135.60093688964844,149.27145385742188,133.6404571533203,67.75995635986328,123.87115478515625,47.80888748168945
2021-07-28,141.19775390625,243.75027465820312,181.51600646972656,194.01649475097656,135.1895751953125,148.85646057128906,133.86105346679688,67.75127410888672,122.03307342529297,48.131309509277344
2021-07-29,141.84051513671875,242.05670166015625,179.99600219726562,195.04425048828125,135.34716796875,148.85646057128906,135.00819396972656,68.02104949951172,122.6662826538086,48.71826934814453
2021-07-30,142.05479431152344,241.88565063476562,166.37950134277344,189.71298217773438,134.0392303466797,148.87376403808594,133.931640625,67.79479217529297,125.08479309082031,47.59394073486328
2021-08-02,141.7236785888672,242.58697509765625,166.57400512695312,188.25399780273438,134.80099487304688,148.93426513671875,133.3933868408203,68.58673858642578,124.77699279785156,47.602203369140625
2021-08-03,143.5156707763672,243.21141052246094,168.31199645996094,191.31883239746094,135.0889434814453,150.76707458496094,134.9110870361328,69.11761474609375,126.59748840332031,48.114776611328125
2021-08-04,143.1163330078125,243.6561737060547,167.73599243164062,187.66673278808594,134.83966064453125,149.8766632080078,133.45513916015625,69.50923919677734,125.26071166992188,46.99043655395508
2021-08-05,143.22349548339844,241.85142517089844,168.79949951171875,190.11668395996094,135.74319458007812,150.16192626953125,135.14053344726562,70.0488052368164,125.32228088378906,47.28805160522461
2021-08-06,142.54074096679688,241.3040313720703,167.2469940185547,191.18113708496094,135.83831787109375,149.66049194335938,138.97900390625,70.15323638916016,124.36363983154297,47.83367919921875
2021-08-09,142.49195861816406,239.54205322265625,167.093505859375,191.67665100097656,136.7958984375,150.17921447753906,138.8290252685547,70.1097183227539,125.04083251953125,47.28805160522461
2021-08-10,142.01405334472656,235.47067260742188,166.03399658203125,196.42979431152344,136.8895721435547,150.23109436035156,140.53199768066406,70.08361053466797,125.11994171142578,48.098236083984375
2021-08-11,142.26763916015625,237.1129150390625,164.60549926757812,203.39434814453125,136.48614501953125,150.2570343017578,142.2085723876953,71.68492889404297,125.42779541015625,48.23876953125
2021-08-12,145.22300720214844,239.5334930419922,165.1750030517578,202.09133911132812,137.18003845214844,151.4674072265625,142.7645263671875,72.23319244384766,125.71797943115234,48.12968444824219
2021-08-13,145.42784118652344,241.9883270263672,164.69850158691406,200.55892944335938,137.19639587402344,152.37513732910156,141.1673583984375,72.62483978271484,126.32478332519531,47.64292907714844
2021-08-16,147.3981170654297,242.227783203125,164.94949340820312,199.76983642578125,137.701904296875,153.749755859375,140.2408447265625,73.05997467041016,127.20429229736328,46.94636535644531
2021-08-17,146.4910125732422,245.0759735107422,162.09800720214844,195.8516845703125,136.10055541992188,155.15896606445312,138.54661560058594,73.06866455078125,127.41534423828125,46.62746047973633
2021-08-18,142.75534057617188,242.38172912597656,160.06100463867188,192.52084350585938,135.37643432617188,153.18780517578125,137.28480529785156,73.46898651123047,126.02578735351562,45.64556884765625
2021-08-19,143.08694458007812,247.30838012695312,159.3874969482422,187.60252380371094,135.7169189453125,154.38087463378906,136.13766479492188,73.58213806152344,127.51210021972656,44.252437591552734
2021-08-20,144.540283203125,248.74533081054688,159.99749755859375,188.05213928222656,137.22711181640625,155.13302612304688,136.5259246826172,75.08771514892578,127.5999984741211,44.26084518432617
2021-08-23,146.0228271484375,246.76959228515625,163.2935028076172,191.90603637695312,139.8663330078125,154.46337890625,138.27305603027344,73.45160675048828,126.94923400878906,46.08197021484375
2021-08-24,145.93505859375,243.42527770996094,165.28900146484375,195.07176208496094,141.1539764404297,152.53271484375,139.12899780273438,73.22532653808594,125.92028045654297,46.4596061706543
2021-08-25,144.7061004638672,241.97119140625,164.95899963378906,197.06288146972656,141.70066833496094,151.52386474609375,141.99684143066406,73.5647201538086,125.47177124023438,46.54353713989258
2021-08-26,143.90626525878906,242.21066284179688,165.8000030517578,193.83297729492188,140.8809051513672,150.715087890625,142.72926330566406,73.2718505859375,125.25191497802734,45.91411590576172
2021-08-27,144.940185546875,244.1950225830078,167.48150634765625,195.2919464111328,143.28720092773438,150.3932647705078,143.87635803222656,72.92215728759766,125.15513610839844,46.80370330810547
2021-08-30,149.34884643554688,249.48089599609375,171.07850646972656,194.02566528320312,144.1981658935547,151.02813720703125,141.57330322265625,73.39424133300781,125.7004165649414,46.291770935058594
2021-08-31,148.09060668945312,249.90005493164062,173.5395050048828,193.4934539794922,144.19070434570312,150.56724548339844,141.14088439941406,73.42922973632812,125.22550201416016,45.75465393066406
2021-09-01,148.7538299560547,254.85232543945312,173.9499969482422,190.82325744628906,144.56736755371094,151.0977325439453,140.93795776367188,74.60945892333984,126.5007095336914,45.12525177001953
2021-09-02,149.8657684326172,257.35845947265625,173.156005859375,194.32846069335938,142.9585723876953,152.13265991210938,141.59092712402344,75.60613250732422,126.59748840332031,46.22463607788086
2021-09-03,150.49978637695312,258.31640625,173.90249633789062,193.03465270996094,143.5096893310547,152.22828674316406,140.73501586914062,74.91546630859375,126.6854019165039,46.048397064208984
2021-09-07,152.83090209960938,255.93008422851562,175.46449279785156,191.0709991455078,144.24722290039062,149.86277770996094,140.4879150390625,74.33844757080078,126.2104721069336,45.77983856201172
2021-09-08,151.28982543945312,259.6934814453125,176.27499389648438,189.73135375976562,143.6172637939453,149.49749755859375,139.86143493652344,75.5711669921875,127.16911315917969,45.360233306884766
2021-09-09,150.27542114257812,253.8773651123047,174.20799255371094,188.4925537109375,143.6470184326172,146.16665649414062,140.4702606201172,75.04661560058594,126.63262176513672,45.39379119873047
2021-09-10,145.30104064941406,251.3625946044922,173.45750427246094,188.1163330078125,140.6806640625,145.20999145507812,138.85545349121094,74.25102233886719,126.75575256347656,45.301475524902344
2021-09-13,145.86676025390625,251.98707580566406,172.85850524902344,189.2082977294922,142.21116638183594,144.19248962402344,141.06149291992188,73.94500732421875,128.11891174316406,46.4680061340332
2021-09-14,144.47195434570312,253.51800537109375,172.5,185.6571807861328,142.15269470214844,143.32281494140625,138.59959411621094,73.99750518798828,127.8990478515625,45.80502700805664
2021-09-15,145.3595428466797,254.25363159179688,173.7895050048828,188.7770538330078,143.9369354248047,143.8620147705078,139.5614013671875,73.97127532958984,127.62641143798828,47.34919357299805
2021-09-16,145.1254425048828,254.1510467529297,174.41200256347656,186.82252502441406,143.1117401123047,143.68804931640625,139.4996337890625,73.43795013427734,126.73815155029297,46.845664978027344
2021-09-17,142.46270751953125,251.25137329101562,173.12600708007812,183.28981018066406,140.22714233398438,143.27932739257812,139.1378173828125,71.37469482421875,126.94046020507812,46.291770935058594
2021-09-20,139.41957092285156,249.06187438964844,167.7864990234375,175.09568786621094,137.8020477294922,142.46180725097656,134.972900390625,71.41839599609375,125.66522979736328,45.05811309814453
2021-09-21,139.89749145507812,249.64346313476562,167.18150329589844,174.1964569091797,138.42601013183594,143.08799743652344,134.99053955078125,71.61949920654297,125.85872650146484,45.016151428222656
2021-09-22,142.25791931152344,251.08035278320312,169.00250244140625,175.58200073242188,139.7067413330078,142.56619262695312,137.5759735107422,71.60201263427734,126.2896728515625,46.33372497558594
2021-09-23,143.2137451171875,246.33338928222656,170.8000030517578,180.41773986816406,140.5869903564453,143.37501525878906,142.22622680664062,71.05123138427734,126.80851745605469,47.90308380126953
2021-09-24,143.301513671875,241.35533142089844,171.2760009765625,180.6012420654297,141.38641357421875,142.94012451171875,143.8675079345703,70.5528793334961,126.24568176269531,48.331092834472656
2021-09-27,141.7896728515625,235.53781127929688,170.2899932861328,183.51919555664062,140.26431274414062,141.90524291992188,147.34423828125,68.85682678222656,124.5835189819336,49.766178131103516
2021-09-28,138.41488647460938,230.94044494628906,165.79800415039062,184.02386474609375,134.9937744140625,141.5921630859375,146.550048828125,67.5541763305664,123.6424789428711,50.28649139404297
2021-09-29,139.312255859375,232.0232391357422,165.05599975585938,181.56472778320312,133.34535217285156,142.64447021484375,146.43531799316406,68.49837493896484,124.90013122558594,50.2529296875
2021-09-30,138.0150146484375,228.07034301757812,164.2519989013672,176.1509552001953,132.10079956054688,140.45286560058594,144.4410858154297,68.64701843261719,122.94772338867188,49.36334228515625
2021-10-01,139.13665771484375,229.10154724121094,164.16299438476562,178.3164520263672,135.26986694335938,139.55712890625,147.47659301757812,69.250244140625,122.75426483154297,51.13410949707031
2021-10-04,135.71315002441406,227.91567993164062,159.48899841308594,177.21531677246094,132.59593200683594,138.4700164794922,147.31776428222656,69.38138580322266,122.05946350097656,51.79710006713867
2021-10-05,137.6346435546875,227.33132934570312,161.0500030517578,176.63726806640625,134.98687744140625,138.78309631347656,149.7234649658203,69.48627471923828,122.53437042236328,51.71318435668945
2021-10-06,138.50267028808594,230.26161193847656,163.10049438476562,176.0499725341797,136.1536102294922,139.070068359375,150.04306030273438,70.97254180908203,124.17015075683594,50.764862060546875
2021-10-07,139.7609100341797,228.67189025878906,165.1215057373047,179.6194305419922,137.9690399169922,140.31375122070312,150.992919921875,70.74522399902344,125.16390228271484,50.90752410888672
2021-10-08,139.38052368164062,225.20883178710938,164.43099975585938,179.07806396484375,138.8319549560547,139.9571533203125,151.10833740234375,70.12449645996094,124.64505767822266,52.18314743041992
2021-10-11,139.2927703857422,224.79640197753906,162.31500244140625,176.9951171875,137.634033203125,139.3657989501953,147.93028259277344,68.04376983642578,125.16390228271484,51.6628303527832
2021-10-12,138.02476501464844,227.33132934570312,162.3665008544922,174.26986694335938,135.51817321777344,137.13938903808594,146.79397583007812,68.95298767089844,124.97926330566406,51.3942756652832
2021-10-13,137.43959045410156,227.01339721679688,164.21400451660156,173.37060546875,136.69479370117188,138.45260620117188,142.92349243164062,70.10704040527344,125.26949310302734,51.25160217285156
2021-10-14,140.21932983398438,230.18426513671875,164.9929962158203,178.3164520263672,140.1761016845703,139.24403381347656,145.11619567871094,71.21735382080078,126.6854019165039,52.03208541870117
2021-10-15,141.2727508544922,231.4388427734375,170.4510040283203,182.61993408203125,140.4368133544922,140.27891540527344,147.9036407470703,71.40092468261719,127.01080322265625,52.5272331237793
2021-10-18,142.94064331054688,230.29598999023438,172.33700561523438,181.84918212890625,141.7110595703125,139.25271606445312,147.8503875732422,70.80643463134766,125.18152618408203,52.50205612182617
2021-10-19,145.09620666503906,234.50660705566406,172.20750427246094,184.56527709960938,142.56504821777344,142.51400756835938,149.64356994628906,71.71566009521484,123.70406341552734,53.290931701660156
2021-10-20,145.58389282226562,237.204833984375,170.7530059814453,187.36398315429688,141.17034912109375,142.4357147216797,151.6587371826172,73.36803436279297,124.18775939941406,53.58465576171875
2021-10-21,145.7985076904297,239.78280639648438,171.75050354003906,185.4828643798828,141.53265380859375,142.10525512695312,150.46917724609375,73.2718505859375,123.29399871826172,52.611148834228516
2021-10-22,145.02793884277344,244.43173217773438,166.77749633789062,185.1322479248047,137.41348266601562,142.38356018066406,152.49317932128906,73.8051528930664,124.62137603759766,52.97201156616211
2021-10-25,144.9791717529297,244.54339599609375,166.01849365234375,186.5716094970703,137.5601806640625,142.69667053222656,151.74749755859375,73.69149017333984,124.63905334472656,54.0042724609375
2021-10-26,145.64242553710938,246.5713653564453,168.80349731445312,184.20033264160156,138.4512939453125,144.1490020751953,152.15582275390625,74.72313690185547,126.40886688232422,55.25471115112305
2021-10-27,145.18402099609375,245.2652587890625,169.62449645996094,180.96182250976562,145.1477813720703,142.4009552001953,148.98666381835938,74.32096099853516,125.5062484741211,53.819637298583984
2021-10-28,148.8123779296875,245.77223205566406,172.32850646972656,188.30624389648438,144.8518829345703,141.62692260742188,151.23257446289062,75.55366516113281,126.25840759277344,53.97069549560547
2021-10-29,146.11056518554688,242.3005828857422,168.6215057373047,188.2323760986328,146.97467041015625,141.6529998779297,150.81536865234375,74.6007308959961,126.53272247314453,54.1049690246582
2021-11-01,145.2913360595703,242.41226196289062,165.90550231933594,189.49644470214844,142.51747131347656,141.77481079101562,150.73548889160156,74.8280258178711,126.22301483154297,55.07847595214844
2021-11-02,146.3251495361328,242.88487243652344,165.6374969482422,191.1018829345703,144.5882110595703,144.00985717773438,151.33026123046875,74.67941284179688,127.47956085205078,54.398704528808594
2021-11-03,147.7589874267578,241.12332153320312,169.1999969482422,187.80795288085938,145.50711059570312,143.5489044189453,151.3834991455078,74.52205657958984,128.35568237304688,53.651798248291016
2021-11-04,147.2420654296875,239.7054901123047,173.85000610351562,187.8448944091797,147.38357543945312,143.14892578125,149.39503479003906,74.1023941040039,128.5946044921875,54.05462646484375
2021-11-05,147.76947021484375,238.74301147460938,175.94949340820312,189.95782470703125,147.93667602539062,142.1313934326172,149.1819610595703,74.77558135986328,129.23170471191406,54.566558837890625
2021-11-08,146.948974609375,239.542236328125,174.44900512695312,197.6804656982422,148.04620361328125,141.64434814453125,150.0785675048828,73.95378112792969,128.26715087890625,55.15401077270508
2021-11-09,147.31039428710938,240.53903198242188,178.81149291992188,193.5838165283203,147.94412231445312,141.3312530517578,148.9422607421875,74.259765625,128.65652465820312,55.69111251831055
2021-11-10,144.48744201660156,237.06741333007812,174.1024932861328,190.68667602539062,145.3445587158203,142.8618621826172,148.8002471923828,74.48709106445312,129.9219512939453,54.593963623046875
2021-11-11,144.43861389160156,234.14572143554688,173.625,192.40283203125,145.46548461914062,141.80955505371094,148.7913818359375,74.63571166992188,129.55027770996094,54.69601821899414
2021-11-12,146.50942993164062,233.81918334960938,176.25750732421875,193.0856170654297,148.337646484375,143.50543212890625,148.1255645751953,75.45750427246094,129.69186401367188,54.279273986816406
2021-11-15,146.51919555664062,223.85113525390625,177.28399658203125,191.646240234375,148.08241271972656,142.2096405029297,147.8592529296875,76.3580093383789,130.43519592285156,54.74705505371094
2021-11-16,147.49600219726562,222.59652709960938,177.03500366210938,189.5425567626953,147.7731475830078,141.47036743164062,146.79397583007812,76.04325866699219,130.2493438720703,55.29987335205078
2021-11-17,149.92822265625,221.29898071289062,177.4499969482422,187.28207397460938,147.75924682617188,142.00088500976562,146.00393676757812,76.74266815185547,130.1697540283203,54.69601821899414
2021-11-18,154.20654296875,222.52783203125,184.80299377441406,185.8426971435547,149.39186096191406,141.23558044433594,144.7433624267578,76.58529663085938,130.18739318847656,54.10067367553711
2021-11-19,156.8243865966797,224.26361083984375,183.82850646972656,184.93849182128906,148.6419677734375,141.66171264648438,142.85252380371094,77.2060317993164,129.9219512939453,51.60017776489258
2021-11-22,157.2834930419922,221.38491821289062,178.6284942626953,186.7284698486328,145.79310607910156,139.7971954345703,145.89739990234375,76.37549591064453,130.78916931152344,52.31460189819336
2021-11-23,157.66444396972656,225.14012145996094,179.0019989013672,189.4503173828125,145.47438049316406,140.663818359375,149.38613891601562,76.33177185058594,132.2404022216797,53.69241714477539
2021-11-24,158.18214416503906,228.13050842285156,179.02049255371094,191.05575561523438,145.43524169921875,140.26988220214844,148.21437072753906,76.58203887939453,131.55015563964844,53.9901008605957
2021-11-26,153.17115783691406,225.88772583007812,175.22799682617188,183.3607177734375,141.5579376220703,139.35948181152344,143.74908447265625,75.59851837158203,130.4971160888672,52.093475341796875
2021-11-29,156.52159118652344,229.38510131835938,178.07850646972656,180.76808166503906,144.8370361328125,139.84095764160156,143.12770080566406,77.85533142089844,131.86878967285156,52.38264465332031
2021-11-30,161.46414184570312,225.55258178710938,175.35350036621094,178.39683532714844,141.20703125,136.49703979492188,140.9971466064453,76.20443725585938,127.93977355957031,50.89426040649414
2021-12-01,160.94644165039062,222.51922607421875,172.18600463867188,176.66220092773438,140.38031005859375,138.37905883789062,140.16268920898438,77.13526916503906,129.55027770996094,50.851741790771484
2021-12-02,159.95986938476562,228.7835693359375,171.8679962158203,181.57077026367188,142.51995849609375,137.51248168945312,143.1099395751953,77.82020568847656,130.311279296875,52.118988037109375
2021-12-03,158.08441162109375,229.40228271484375,169.489501953125,182.502685546875,141.27490234375,139.51705932617188,140.5177764892578,77.30209350585938,132.6297607421875,51.78728485107422
2021-12-06,161.48370361328125,231.64512634277344,171.36849975585938,185.7135467529297,142.53976440429688,142.63340759277344,142.17779541015625,78.2856216430664,134.63848876953125,52.37413787841797
2021-12-07,167.2076873779297,237.8665771484375,176.1645050048828,188.67529296875,146.7427215576172,143.0010528564453,144.31723022460938,79.39205932617188,134.2845458984375,52.961002349853516
2021-12-08,171.0172119140625,237.04156494140625,176.1580047607422,188.39849853515625,147.4207305908203,143.85888671875,142.66607666015625,79.31302642822266,134.88626098632812,53.11408615112305
2021-12-09,170.50926208496094,232.92550659179688,174.17100524902344,188.34312438964844,146.8115997314453,145.2244873046875,142.4441680908203,78.95298767089844,135.673828125,53.25016403198242
2021-12-10,175.2858123779297,234.22303771972656,172.21200561523438,187.72496032714844,147.37562561035156,144.8656005859375,141.8760223388672,79.27789306640625,137.56753540039062,53.59036636352539
2021-12-13,171.6619110107422,237.1876678466797,169.5675048828125,185.68585205078125,145.42234802246094,147.4567108154297,140.18934631347656,80.55998992919922,139.52316284179688,52.41667556762695
2021-12-14,170.28465270996094,234.9449005126953,169.0915069580078,186.0457000732422,143.70352172851562,149.06741333007812,141.2635040283203,79.05838775634766,140.0364227294922,52.34012985229492
2021-12-15,175.13926696777344,235.75259399414062,173.31500244140625,186.88531494140625,146.08053588867188,149.81146240234375,140.2070770263672,80.78829193115234,140.57623291015625,52.11048889160156
2021-12-16,168.26263427734375,240.15234375,168.87100219726562,190.225341796875,143.57266235351562,151.44839477539062,142.39974975585938,80.9902572631836,142.56724548339844,52.19552993774414
2021-12-17,167.1686248779297,239.62815856933594,170.0175018310547,185.79653930664062,141.55496215820312,147.2641143798828,139.1595458984375,79.85747528076172,139.3373565673828,51.05585861206055
2021-12-20,165.81088256835938,239.28436279296875,167.07899475097656,180.34364318847656,141.156982421875,146.84393310546875,136.65618896484375,78.97933959960938,139.69131469726562,50.31592559814453
2021-12-21,168.97569274902344,238.76026916503906,170.41700744628906,182.9732666015625,142.96006774902344,146.3712615966797,138.5647735595703,79.42719268798828,139.60279846191406,51.45559310913086
2021-12-22,171.56419372558594,241.68190002441406,171.03700256347656,186.51626586914062,145.6647186279297,147.00149536132812,139.10630798339844,79.73454284667969,140.98326110839844,51.87234115600586
2021-12-23,172.18936157226562,240.71466064453125,171.06849670410156,190.2530059814453,145.85653686523438,147.28163146972656,139.60342407226562,79.646728515625,141.67347717285156,51.89785385131836
2021-12-27,176.1453857421875,246.77699279785156,169.66949462890625,190.41912841796875,146.77000427246094,148.52467346191406,140.40237426757812,80.191162109375,143.3282928466797,52.63779830932617
2021-12-28,175.1294708251953,249.1345977783203,170.66099548339844,190.6405487060547,145.16807556152344,149.11988830566406,140.82850646972656,80.68292236328125,144.09815979003906,52.46769332885742
2021-12-29,175.21746826171875,249.47140502929688,169.2010040283203,191.295654296875,145.22409057617188,150.1703643798828,140.7574462890625,80.77950286865234,145.2927703857422,52.008419036865234
2021-12-30,174.06480407714844,251.42306518554688,168.64450073242188,190.142333984375,144.72647094726562,150.83563232421875,140.68646240234375,81.46444702148438,144.0362091064453,51.702239990234375
2021-12-31,173.44947814941406,252.59754943847656,166.7169952392578,190.7512969970703,143.41506958007812,149.7501678466797,140.57106018066406,81.98255920410156,144.75294494628906,52.04243850708008
2022-01-03,177.78639221191406,247.31246948242188,170.4044952392578,190.99118041992188,143.80662536621094,150.16160583496094,143.544921875,80.48973083496094,144.15121459960938,54.041133880615234
2022-01-04,175.53001403808594,244.19493103027344,167.52200317382812,201.21426391601562,143.1543426513672,149.7589569091797,148.98666381835938,79.62915802001953,144.65565490722656,56.0738525390625
2022-01-05,170.86090087890625,228.4777374267578,164.35699462890625,202.75511169433594,136.45046997070312,150.75685119628906,146.26287841796875,78.79492950439453,145.31044006347656,56.77125930786133
2022-01-06,168.0087127685547,228.75411987304688,163.25399780273438,204.82186889648438,136.34884643554688,150.24041748046875,147.81680297851562,75.31752014160156,144.0892791748047,58.1065559387207
2022-01-07,168.1747589111328,230.21347045898438,162.5540008544922,206.85174560546875,135.80714416503906,152.27127075195312,149.28135681152344,75.8795394897461,144.0096435546875,58.58283615112305
2022-01-10,168.19427490234375,228.33956909179688,161.48599243164062,204.49896240234375,137.3629150390625,151.51841735839844,149.4242706298828,74.01789093017578,142.04515075683594,58.23411178588867
2022-01-11,171.0172119140625,224.95431518554688,165.36199951171875,202.9396209716797,138.79380798339844,149.9077606201172,149.57608032226562,74.45696258544922,140.3992462158203,60.68357849121094
2022-01-12,171.4567413330078,224.00442504882812,165.20700073242188,205.2001495361328,140.41004943847656,148.62973022460938,150.42446899414062,74.72038269042969,140.70892333984375,60.50498962402344
2022-01-13,168.19427490234375,220.59320068359375,161.21400451660156,209.44442749023438,137.91505432128906,147.72805786132812,150.23695373535156,74.55353546142578,140.07180786132812,60.07121276855469
2022-01-14,169.05389404296875,216.43080139160156,162.13800048828125,211.2344207763672,138.5648193359375,146.92269897460938,141.0028533935547,73.06070709228516,141.41685485839844,61.125858306884766
2022-01-18,165.85972595214844,216.093994140625,158.91749572753906,212.09243774414062,135.0994110107422,146.27496337890625,135.09088134765625,71.3483657836914,138.69139099121094,62.15494918823242
2022-01-19,162.37257385253906,215.03175354003906,156.2989959716797,205.50978088378906,134.46646118164062,145.8197479248047,133.00115966796875,72.52505493164062,143.3548126220703,62.180484771728516
2022-01-20,160.69248962402344,212.3892059326172,151.66749572753906,200.84625244140625,132.33970642089844,144.655517578125,131.86697387695312,73.33293914794922,144.1288604736328,62.3165397644043
2022-01-21,158.6412353515625,211.37020874023438,142.64300537109375,198.4913330078125,128.95504760742188,144.32289123535156,129.56292724609375,72.53382873535156,144.680419921875,61.3809928894043
2022-01-24,157.86953735351562,214.5135955810547,144.54400634765625,198.7138214111328,129.23257446289062,142.65965270996094,129.44683837890625,71.93671417236328,143.50607299804688,61.9083137512207
2022-01-25,156.072265625,216.35304260253906,139.98599243164062,198.69529724121094,125.62788391113281,146.73892211914062,130.85787963867188,65.94783782958984,141.94020080566406,63.728389739990234
2022-01-26,155.984375,209.50486755371094,138.87249755859375,198.6767120361328,128.1104736328125,147.3954315185547,132.09921264648438,63.78763198852539,140.70358276367188,63.08202362060547
2022-01-27,155.52523803710938,204.17652893066406,139.6374969482422,196.71119689941406,127.9925308227539,149.32998657226562,129.76834106445312,63.67346954345703,141.57546997070312,63.889991760253906
2022-01-28,166.37742614746094,213.1060028076172,143.97799682617188,186.50340270996094,132.12460327148438,150.3804473876953,130.92929077148438,63.66468048095703,142.79432678222656,64.02607727050781
2022-01-31,170.72415161132812,217.1907501220703,149.57350158691406,186.87425231933594,134.51254272460938,150.818115234375,132.7064971923828,68.59980773925781,142.7498321533203,64.60440826416016
2022-02-01,170.55810546875,216.02488708496094,151.19349670410156,190.38812255859375,136.67349243164062,149.5838623046875,134.9837188720703,67.8182601928711,142.11819458007812,68.74638366699219
2022-02-02,171.75958251953125,217.9160919189453,150.6125030517578,190.00799560546875,146.7427215576172,151.23828125,133.90310668945312,68.25732421875,144.6626739501953,68.56776428222656
2022-02-03,168.8877716064453,216.49986267089844,138.8455047607422,185.9749298095703,141.40377807617188,151.22955322265625,132.79574584960938,66.53617858886719,146.0327606201172,67.7682876586914
2022-02-04,168.60418701171875,212.81236267089844,157.63949584960938,183.95379638671875,141.76608276367188,150.24041748046875,136.242919921875,66.7469482421875,143.71070861816406,69.23968505859375
2022-02-07,167.8902130126953,212.66554260253906,157.9355010986328,185.2610321044922,137.72372436523438,149.74143981933594,136.69837951660156,66.4571533203125,142.63418579101562,70.07318115234375
2022-02-08,170.9906005859375,211.85377502441406,161.4134979248047,186.81861877441406,137.99630737304688,150.13534545898438,139.27032470703125,66.26396179199219,142.3138885498047,68.26158142089844
2022-02-09,172.40875244140625,215.80035400390625,161.1894989013672,188.76560974121094,140.2167510986328,150.1178436279297,139.85084533691406,67.3177261352539,141.99359130859375,67.934814453125
2022-02-10,168.34007263183594,209.42713928222656,159.0034942626953,188.27420043945312,137.39117431640625,148.30581665039062,139.27032470703125,66.25518798828125,139.8316650390625,67.28126525878906
2022-02-11,164.9365234375,204.5823974609375,153.2935028076172,186.57757568359375,132.95773315429688,146.80892944335938,137.4574737548828,65.82490539550781,139.04872131347656,68.975341796875
2022-02-14,165.17124938964844,202.32847595214844,155.16700744628906,185.32595825195312,134.1175537109375,144.96189880371094,136.18043518066406,65.78976440429688,139.44911193847656,67.9176025390625
2022-02-15,168.99534606933594,201.55125427246094,156.510498046875,188.58949279785156,135.2332000732422,146.45877075195312,138.17189025878906,65.93904876708984,139.52029418945312,67.06629180908203
2022-02-16,168.7606658935547,200.6358642578125,158.10049438476562,188.80271911621094,136.28591918945312,146.3712615966797,138.4219207763672,66.06197357177734,140.57899475097656,67.37586212158203
2022-02-17,165.17124938964844,197.47511291503906,154.65249633789062,180.5511474609375,131.15216064453125,145.47836303710938,135.23377990722656,66.19371795654297,142.18934631347656,67.27265930175781
2022-02-18,163.62594604492188,197.27651977539062,152.60150146484375,177.9644317626953,129.32725524902344,143.91900634765625,135.8678436279297,65.11361694335938,142.26051330566406,66.5245132446289
2022-02-22,160.71142578125,197.21609497070312,150.19749450683594,177.2783660888672,128.2715606689453,141.96316528320312,135.62672424316406,64.78870391845703,140.5078125,65.75059509277344
2022-02-23,156.5547637939453,196.4215850830078,144.82699584960938,173.06915283203125,126.46995544433594,142.03366088867188,132.78684997558594,63.506629943847656,138.75518798828125,66.01715850830078
2022-02-24,159.16607666015625,200.135009765625,151.35800170898438,171.2333984375,131.51394653320312,139.32020568847656,129.08961486816406,66.24641418457031,135.01844787597656,65.18302917480469
2022-02-25,161.229736328125,201.78443908691406,153.7884979248047,173.43075561523438,133.34385681152344,146.24484252929688,132.14385986328125,67.75680541992188,140.7836456298828,66.93729400634766
2022-02-28,161.49383544921875,195.92068481445312,153.56300354003906,173.91287231445312,133.71212768554688,144.9849853515625,126.63375854492188,69.11219787597656,138.69287109375,67.43604278564453
2022-03-01,159.61598205566406,197.3715362548828,151.14199829101562,169.50889587402344,132.99542236328125,144.48281860351562,121.85596466064453,68.3792953491211,136.39747619628906,68.08100891113281
2022-03-02,162.90216064453125,199.4873046875,152.05250549316406,178.57635498046875,133.57382202148438,146.280029296875,124.3832778930664,68.4764404296875,136.82452392578125,69.25051879882812
2022-03-03,162.57943725585938,203.1488800048828,147.89849853515625,180.6531524658203,133.13418579101562,148.42967224121094,123.49916076660156,69.57135009765625,137.33169555664062,69.6890640258789
2022-03-04,159.586669921875,205.77418518066406,145.64100646972656,181.40415954589844,130.96728515625,149.3106689453125,120.02523040771484,70.82520294189453,138.025634765625,72.31188201904297
2022-03-07,155.8016357421875,200.3681640625,137.4530029296875,182.36834716796875,125.3592529296875,151.7158203125,115.39033508300781,74.33072662353516,135.97935485839844,74.91747283935547
2022-03-08,153.98248291015625,196.87066650390625,136.01449584960938,194.6993408203125,126.16613006591797,148.64111328125,114.57765197753906,72.36162567138672,130.59674072265625,75.48503112792969
2022-03-09,159.37147521972656,201.30946350097656,139.2790069580078,194.495361328125,132.69607543945312,149.20497131347656,119.16790008544922,70.9223403930664,132.35833740234375,71.19397735595703
2022-03-10,155.03875732421875,201.04176330566406,146.8175048828125,196.35888671875,131.52243041992188,149.46926879882812,117.75687408447266,70.78107452392578,128.95083618164062,73.40399932861328
2022-03-11,151.3319854736328,202.80343627929688,145.52450561523438,199.17739868164062,129.335205078125,149.1961669921875,115.10454559326172,70.02167510986328,127.42057800292969,73.0256118774414
2022-03-14,147.31222534179688,202.88116455078125,141.85299682617188,199.7429656982422,125.63331604003906,151.2576446533203,116.24764251708984,70.00401306152344,129.04867553710938,70.41142272949219
2022-03-15,151.68406677246094,203.98658752441406,147.3665008544922,200.68865966796875,128.52732849121094,155.17807006835938,118.31057739257812,72.38813018798828,133.69285583496094,66.40412902832031
2022-03-16,156.08526611328125,206.94003295898438,153.10400390625,200.33636474609375,132.52210998535156,153.7509002685547,123.5973892211914,72.8560791015625,133.23910522460938,66.15474700927734
2022-03-17,157.09262084960938,211.69834899902344,157.23899841308594,205.54685974121094,133.42413330078125,155.75955200195312,125.16022491455078,73.01502990722656,133.65725708007812,67.9176025390625
2022-03-18,160.3788604736328,209.4444122314453,161.25050354003906,204.8144073486328,135.6059112548828,154.03280639648438,125.11559295654297,72.73247528076172,133.58607482910156,67.65105438232422
2022-03-21,161.7481231689453,208.6758270263672,161.4915008544922,207.41038513183594,135.28575134277344,154.9049530029297,124.71369934082031,72.22917938232422,134.09320068359375,70.6866226196289
2022-03-22,165.11256408691406,206.9745635986328,164.88900756835938,206.48326110839844,139.05149841308594,154.17373657226562,127.36607360839844,73.15631866455078,135.12527465820312,70.37702941894531
2022-03-23,166.47203063964844,202.0780029296875,163.4080047607422,205.98257446289062,137.2930145263672,153.59228515625,124.82979583740234,72.90906524658203,134.1821746826172,71.48634338378906
2022-03-24,170.24729919433594,203.36477661132812,163.64950561523438,206.0197296142578,140.0769805908203,154.3851776123047,125.64247131347656,73.90686798095703,134.4134979248047,71.70130920410156
2022-03-25,170.88302612304688,207.85543823242188,164.77349853515625,207.08592224121094,140.28465270996094,155.865234375,126.74090576171875,74.1187744140625,135.97042846679688,73.26641845703125
2022-03-28,171.7436981201172,211.6033172607422,168.99049377441406,205.68592834472656,140.70941162109375,156.66700744628906,125.80325317382812,74.55142974853516,136.90460205078125,71.21116638183594
2022-03-29,175.02989196777344,216.37034606933594,169.31500244140625,204.93492126464844,141.998046875,156.587646484375,126.0800552368164,74.7192153930664,138.3103485107422,70.8327865600586
2022-03-30,173.86602783203125,216.6466522216797,166.30099487304688,206.82632446289062,141.39785766601562,158.21751403808594,125.50849151611328,75.49624633789062,137.35836791992188,72.04529571533203
2022-03-31,170.77542114257812,216.9489288330078,162.99749755859375,206.5852508544922,138.42901611328125,156.13836669921875,121.73987579345703,74.7986831665039,135.9437713623047,71.02198791503906
2022-04-01,170.48199462890625,221.89723205566406,163.55999755859375,203.75746154785156,139.47032165527344,156.984130859375,120.83789825439453,75.68168640136719,137.98109436035156,71.47774505615234
2022-04-04,174.5212860107422,222.65719604492188,168.34649658203125,204.72169494628906,142.3871307373047,155.46881103515625,121.37374877929688,75.60222625732422,137.08255004882812,71.51213836669922
2022-04-05,171.21551513671875,227.05284118652344,164.05499267578125,200.28070068359375,139.83018493652344,156.47315979003906,119.96124267578125,76.22915649414062,137.56297302246094,71.14237213134766
2022-04-06,168.05645751953125,231.9752197265625,158.75599670410156,200.45684814453125,135.9771270751953,160.54331970214844,118.29686737060547,76.37042236328125,139.5291748046875,71.93350982666016
2022-04-07,168.35963439941406,229.4794921875,157.7845001220703,200.16944885253906,135.27236938476562,160.12928771972656,117.9369888305664,76.89140319824219,141.3352508544922,73.13742065429688
2022-04-08,166.35470581054688,230.0667266845703,154.4604949951172,201.2171630859375,132.8392791748047,160.44642639160156,120.09617614746094,76.0172119140625,142.43844604492188,74.67670440673828
2022-04-11,162.10997009277344,227.38958740234375,151.1219940185547,200.3085174560547,128.66212463378906,158.43772888183594,119.65538024902344,74.68389129638672,141.895751953125,72.10550689697266
2022-04-12,163.97802734375,223.28306579589844,150.78750610351562,200.91114807128906,127.25254821777344,158.4906463623047,118.34185028076172,74.07463073730469,141.4686737060547,73.6103744506836
2022-04-13,166.65785217285156,223.2656707763672,155.54100036621094,202.36679077148438,129.1473388671875,159.16018676757812,114.52725982666016,73.77442169189453,141.8690948486328,74.6509017944336
2022-04-14,161.66006469726562,221.85919189453125,151.7064971923828,211.2116241455078,126.14083862304688,158.4906463623047,113.46568298339844,73.1209945678711,141.07723999023438,75.52803802490234
2022-04-18,161.44493103027344,220.4440460205078,152.78500366210938,213.16795349121094,126.8426742553711,156.5171661376953,115.57089233398438,72.14969635009766,139.7338104248047,76.1471939086914
2022-04-19,163.72377014160156,224.66348266601562,158.11549377441406,215.2447052001953,129.39019775390625,161.2921905517578,117.9639892578125,72.25566864013672,141.8245391845703,75.46783447265625
2022-04-20,163.55751037597656,232.32098388671875,153.9980010986328,217.95196533203125,127.12468719482422,162.00575256347656,118.37782287597656,71.97311401367188,145.5968475341797,75.63982391357422
2022-04-21,162.76528930664062,231.59164428710938,148.29600524902344,215.62486267089844,123.8455810546875,161.53883361816406,117.4601821899414,67.26671600341797,145.48321533203125,74.84009552001953
2022-04-22,158.23690795898438,227.38092041015625,144.35000610351562,201.50201416015625,118.5686264038086,159.9354248046875,114.08645629882812,65.29764556884766,144.26644897460938,73.20621490478516
2022-04-25,159.30300903320312,225.3146209716797,146.07400512695312,201.87466430664062,122.17284393310547,163.8734893798828,114.05046844482422,65.37711334228516,145.42950439453125,70.73818969726562
2022-04-26,153.35650634765625,221.23406982421875,139.39100646972656,195.9125213623047,118.46155548095703,162.7017822265625,110.67670440673828,64.96209716796875,142.96018981933594,70.76399993896484
2022-04-27,153.13160705566406,219.5237579345703,138.16700744628906,199.32212829589844,114.0152587890625,160.42881774902344,109.23725891113281,64.69718933105469,142.5755157470703,72.78484344482422
2022-04-28,160.04632568359375,218.9420928955078,144.59649658203125,197.9060821533203,118.36788177490234,161.62696838378906,110.964599609375,64.89144134521484,146.19895935058594,74.98628234863281
2022-04-29,154.1878662109375,209.25294494628906,124.28150177001953,196.1360626220703,113.96173858642578,158.98402404785156,107.38394165039062,62.710445404052734,143.64019775390625,73.30941009521484
2022-05-02,154.49105834960938,205.7194061279297,124.5,197.56141662597656,116.13307189941406,157.3805694580078,108.36458587646484,61.69502639770508,141.69873046875,74.30693054199219
2022-05-03,155.97764587402344,209.24429321289062,124.25350189208984,199.00538635253906,117.09708404541016,157.07220458984375,110.68569946289062,62.48087692260742,139.75729370117188,75.83761596679688
2022-05-04,162.37405395507812,213.26405334472656,125.92849731445312,207.3616943359375,121.50372314453125,158.7549285888672,114.34734344482422,64.51177978515625,140.78619384765625,78.8559799194336
2022-05-05,153.3271942138672,209.65235900878906,116.40699768066406,201.15733337402344,115.72616577148438,155.72430419921875,111.48641204833984,63.434532165527344,138.1916046142578,77.66067504882812
2022-05-06,154.052001953125,211.90097045898438,114.77249908447266,199.96487426757812,114.64917755126953,155.3807373046875,111.30648040771484,63.990806579589844,139.5694122314453,78.8473892211914
2022-05-09,148.93914794921875,200.6317901611328,108.78900146484375,192.1768798828125,112.09568786621094,156.22647094726562,109.63310241699219,62.436737060546875,139.22048950195312,72.63005065917969
2022-05-10,151.3388671875,195.12741088867188,108.85900115966797,189.1026153564453,113.58307647705078,156.01502990722656,106.96109008789062,61.80098342895508,138.48684692382812,73.11161804199219
2022-05-11,143.49327087402344,195.1013641357422,105.37200164794922,191.1707305908203,112.96501922607422,155.16929626464844,106.28633880615234,61.98639678955078,136.53648376464844,74.63369750976562
2022-05-12,139.63412475585938,195.77854919433594,106.93049621582031,189.13987731933594,112.1720199584961,156.7021942138672,106.19637298583984,60.49413299560547,135.9817657470703,74.9725112915039
2022-05-13,144.09072875976562,201.99484252929688,113.05500030517578,190.3509063720703,115.4971923828125,155.8035888671875,107.14102172851562,61.63319396972656,137.44009399414062,77.19649505615234
2022-05-16,142.55296325683594,199.8764190673828,110.81050109863281,193.01527404785156,113.78925323486328,156.88722229003906,106.39432525634766,61.91577911376953,138.7820587158203,79.0121841430664
2022-05-17,146.177001953125,202.29000854492188,115.36849975585938,198.51161193847656,115.68156433105469,157.53916931152344,109.92098999023438,63.59346008300781,138.388427734375,80.01991271972656
2022-05-18,137.92984008789062,200.23240661621094,107.11250305175781,193.71395874023438,111.41866302490234,154.6142578125,108.04069519042969,62.69279479980469,129.7637481689453,78.75154876708984
2022-05-19,134.53106689453125,202.507080078125,107.31900024414062,192.61473083496094,109.77762603759766,153.2399139404297,106.43929290771484,62.21598815917969,126.77555847167969,79.17721557617188
2022-05-20,134.76611328125,212.0832977294922,107.59100341796875,184.28634643554688,108.3576431274414,155.91810607910156,105.56661987304688,62.887062072753906,126.8560562133789,79.80271911621094
2022-05-23,140.1728057861328,216.54583740234375,107.55699920654297,190.1832733154297,110.6905746459961,159.1011962890625,112.09819030761719,64.06144714355469,129.77268981933594,81.56626892089844
2022-05-24,137.47930908203125,224.44638061523438,104.0999984741211,191.5806427001953,105.000244140625,160.83905029296875,113.68160247802734,65.93341064453125,132.08099365234375,82.00933074951172
2022-05-25,137.63595581054688,225.983154296875,106.7750015258789,194.99024963378906,104.91450500488281,159.2608184814453,114.47329711914062,66.03937530517578,129.9158477783203,83.65995025634766
2022-05-26,140.8290557861328,221.12124633789062,111.07749938964844,198.41848754882812,107.34953308105469,159.1189422607422,116.45255279541016,66.26010131835938,131.05210876464844,83.955322265625
2022-05-27,146.56878662109375,226.56478881835938,115.14649963378906,202.28451538085938,111.81317901611328,160.564208984375,118.09893798828125,68.75989532470703,133.05613708496094,84.7806167602539
2022-05-31,145.7852020263672,222.37142944335938,120.20950317382812,201.08282470703125,113.0423355102539,159.18101501464844,118.96263885498047,67.2147445678711,132.3046417236328,83.39933013916016
2022-06-01,145.6579132080078,219.27197265625,121.68399810791016,202.68511962890625,113.13948822021484,157.5673065185547,116.87541961669922,67.64098358154297,130.30055236816406,84.99781036376953
2022-06-02,148.1066131591797,227.78030395507812,125.51100158691406,204.94891357421875,116.7169418334961,157.07078552246094,118.7557144165039,69.72784423828125,131.7052001953125,84.85011291503906
2022-06-03,142.396240234375,231.5743865966797,122.3499984741211,207.65045166015625,113.56275177001953,156.4235076904297,117.1003189086914,69.87879943847656,130.52420043945312,86.08373260498047
2022-06-06,143.140625,232.12127685546875,124.79000091552734,208.33055114746094,115.98787689208984,156.40577697753906,116.71343231201172,71.21086120605469,130.01426696777344,85.86653900146484
2022-06-07,145.6579132080078,231.07078552246094,123.0,211.56312561035156,116.20494842529297,158.1259002685547,117.01936340332031,70.84676361083984,131.46360778808594,89.80197143554688
2022-06-08,144.92330932617188,229.60350036621094,121.18000030517578,214.0784454345703,116.21337890625,157.18600463867188,115.15704345703125,69.70121002197266,129.8263702392578,90.86181640625
2022-06-09,139.7124481201172,225.90501403808594,116.1500015258789,208.3677978515625,113.91365051269531,154.02066040039062,112.73694610595703,68.67996978759766,127.48236846923828,88.89846801757812
2022-06-10,134.3155517578125,217.92626953125,109.6500015258789,200.45860290527344,110.45365905761719,152.99217224121094,107.55487823486328,67.41010284423828,126.99920654296875,87.27391815185547
2022-06-13,129.17330932617188,208.39346313476562,103.66999816894531,192.7264862060547,105.94242858886719,151.4493865966797,104.3520736694336,64.302001953125,123.59941101074219,83.26902770996094
2022-06-14,130.03524780273438,203.58364868164062,102.30999755859375,192.54946899414062,106.25714874267578,149.12640380859375,102.61571502685547,63.476139068603516,119.74337768554688,83.4862060546875
2022-06-15,132.65045166015625,209.58287048339844,107.66999816894531,191.90667724609375,109.42573547363281,150.7223358154297,103.83027648925781,65.88270568847656,118.553466796875,82.43502807617188
2022-06-16,127.39067077636719,204.5260467529297,103.66000366210938,181.46359252929688,105.70404052734375,150.80215454101562,102.04894256591797,62.934452056884766,119.27819061279297,79.39442443847656
2022-06-17,128.8599090576172,206.26405334472656,106.22000122070312,179.460693359375,106.92280578613281,150.25241088867188,101.68907165527344,62.88115692138672,118.41927337646484,74.81614685058594
2022-06-21,133.08143615722656,215.5916748046875,108.68000030517578,182.93551635742188,111.03602600097656,153.40000915527344,104.20814514160156,64.58617401123047,122.00691223144531,79.47259521484375
2022-06-22,132.5720977783203,220.09823608398438,108.94999694824219,174.97976684570312,111.05485534667969,155.82057189941406,103.62334442138672,66.32672119140625,123.91259002685547,76.32775115966797
2022-06-23,135.43218994140625,225.60049438476562,112.44000244140625,166.44644165039062,111.6996841430664,159.29624938964844,102.48977661132812,68.5556411743164,127.31232452392578,74.02558898925781
2022-06-24,138.75257873535156,228.51754760742188,116.45999908447266,172.79986572265625,117.50202178955078,161.62815856933594,105.54862976074219,69.28384399414062,129.14642333984375,75.49378204345703
2022-06-27,138.75257873535156,226.4913330078125,113.22000122070312,174.75619506835938,115.60326385498047,161.47744750976562,104.70293426513672,69.16839599609375,128.1622772216797,77.34418487548828
2022-06-28,134.61917114257812,220.90174865722656,107.4000015258789,174.61647033691406,111.5876693725586,156.88458251953125,104.1991195678711,67.88078308105469,126.07767486572266,79.48997497558594
2022-06-29,136.37246704101562,221.10263061523438,108.91999816894531,170.92738342285156,111.27542114257812,156.92892456054688,103.7313003540039,67.49002075195312,127.22284698486328,76.55364227294922
2022-06-30,133.9139862060547,223.2248992919922,106.20999908447266,166.53030395507812,108.41661834716797,157.38995361328125,101.31120300292969,68.78653717041016,128.64540100097656,74.3991470336914
2022-07-01,136.07859802246094,225.6790771484375,109.55999755859375,166.09243774414062,108.12767028808594,159.17214965820312,102.60672760009766,71.53941345214844,130.72105407714844,76.05845642089844
2022-07-05,138.65463256835938,223.53060913085938,113.5,161.87237548828125,112.89167785644531,157.9485626220703,102.2164535522461,70.25179290771484,129.4595489501953,73.67809295654297
2022-07-06,139.98670959472656,225.53065490722656,114.33000183105469,160.52159118652344,114.20657348632812,158.09039306640625,101.55387115478516,70.66029357910156,130.66738891601562,72.34889221191406
2022-07-07,143.3463134765625,224.61361694335938,116.33000183105469,167.94631958007812,118.26331329345703,158.26773071289062,104.12244415283203,71.37957763671875,130.6226348876953,74.6597671508789
2022-07-08,144.02215576171875,222.7183837890625,115.54000091552734,166.84703063964844,119.1182861328125,158.07266235351562,103.79572296142578,71.26412963867188,129.74583435058594,74.78138732910156
2022-07-11,141.89669799804688,225.32102966308594,111.75,163.04617309570312,115.50411987304688,158.13473510742188,102.43426513671875,71.64599609375,130.658447265625,74.3991470336914
2022-07-12,142.86639404296875,223.13758850097656,109.22000122070312,162.55239868164062,113.84574890136719,155.91810607910156,102.53411865234375,70.99771881103516,129.5042724609375,73.40877532958984
2022-07-13,142.5039825439453,223.5131378173828,110.4000015258789,161.97482299804688,111.20652770996094,155.5546112060547,101.57202911376953,71.27302551269531,130.354248046875,73.70414733886719
2022-07-14,145.4228057861328,224.02845764160156,110.62999725341797,158.31370544433594,110.46605682373047,155.76739501953125,98.0232162475586,71.15757751464844,129.9695587158203,72.22728729248047
2022-07-15,147.0879364013672,224.6310577392578,113.55000305175781,161.5183563232422,111.78145599365234,158.02833557128906,102.51597595214844,69.89659118652344,129.7906036376953,73.44353485107422
2022-07-18,144.0515899658203,217.68777465820312,113.76000213623047,161.62081909179688,108.94942474365234,154.4817352294922,101.46311950683594,68.83096313476562,128.2159881591797,74.79875946044922
2022-07-19,147.90089416503906,224.59613037109375,118.20999908447266,168.37496948242188,113.61825561523438,152.22964477539062,103.97723388671875,70.0919418334961,128.8690643310547,76.6839370727539
2022-07-20,149.89903259277344,218.11573791503906,122.7699966430664,168.8252716064453,113.69756317138672,151.36074829101562,103.95907592773438,69.55023956298828,126.64136505126953,77.52661895751953
2022-07-21,152.16165161132812,223.0590057373047,124.62999725341797,169.78207397460938,114.03458404541016,151.8927001953125,104.66703796386719,70.03865051269531,126.76111602783203,76.23219299316406
2022-07-22,150.92747497558594,226.7271270751953,122.41999816894531,167.55880737304688,107.41297149658203,152.6109161376953,104.15875244140625,71.26412963867188,128.7871856689453,75.6501235961914
2022-07-25,149.8108673095703,224.7533416748047,121.13999938964844,170.5513153076172,107.2642822265625,152.912353515625,104.5762710571289,71.91239166259766,129.66062927246094,78.16949462890625
2022-07-26,148.48858642578125,226.18565368652344,114.80999755859375,170.00718688964844,104.51849365234375,153.99411010742188,102.94254302978516,70.96221160888672,129.91281127929688,77.86541748046875
2022-07-27,153.57205200195312,225.5742950439453,120.97000122070312,173.7782745361328,112.60716247558594,153.56849670410156,104.59442138671875,71.37957763671875,131.14645385742188,79.55078887939453
2022-07-28,154.1205596923828,234.84954833984375,122.27999877929688,176.20787048339844,113.5885238647461,154.45510864257812,104.20414733886719,75.07376098632812,133.32566833496094,80.48036193847656
2022-07-29,159.17466735839844,236.5351104736328,134.9499969482422,185.97323608398438,115.62061309814453,154.7388458251953,104.70333862304688,75.02935791015625,125.0862045288086,84.2072525024414
2022-08-01,158.19520568847656,234.60499572753906,135.38999938964844,182.79315185546875,114.47074127197266,154.197998046875,103.65956115722656,75.75753784179688,128.6791229248047,82.07882690429688
2022-08-02,156.72596740722656,232.8669891357422,134.16000366210938,172.1460418701172,114.88707733154297,153.32025146484375,102.04399871826172,76.0772476196289,127.82366943359375,81.72264099121094
2022-08-03,162.7203826904297,234.788330078125,139.52000427246094,171.545654296875,117.74190521240234,154.8009490966797,103.11499786376953,76.7787857055664,130.46209716796875,79.0729751586914
2022-08-04,162.40692138671875,236.91940307617188,142.57000732421875,172.26797485351562,117.83113861083984,152.31832885742188,101.98046112060547,78.12858581542969,130.25497436523438,75.7457046508789
2022-08-05,162.1813507080078,237.72293090820312,140.8000030517578,173.9096221923828,117.18679809570312,151.7153778076172,105.06639099121094,78.12858581542969,130.31802368164062,76.8403091430664
2022-08-08,161.71054077148438,238.4302978515625,139.41000366210938,174.30357360839844,117.10749816894531,150.9085235595703,103.7866439819336,77.7200927734375,130.8133087158203,77.27468872070312
2022-08-09,161.75961303710938,241.2076416015625,137.8300018310547,174.5099334716797,116.47309112548828,150.8908233642578,104.72148132324219,78.96332550048828,130.50709533691406,78.69941711425781
2022-08-10,165.996826171875,242.61380004882812,142.69000244140625,178.90953063964844,119.59556579589844,151.3252716064453,107.45340728759766,79.72702026367188,131.7407684326172,79.446533203125
2022-08-11,165.26116943359375,239.260009765625,140.63999938964844,181.98641967773438,118.7728042602539,148.1953582763672,109.04176330566406,79.41620635986328,130.8042755126953,81.74478149414062
2022-08-12,168.80197143554688,242.55271911621094,143.5500030517578,184.65054321289062,121.57808685302734,146.5638885498047,110.84794616699219,80.33977508544922,132.07394409179688,82.45529174804688
2022-08-15,169.8711395263672,245.87142944335938,143.17999267578125,183.815673828125,121.80606842041016,147.26438903808594,111.14745330810547,80.8104248046875,133.77586364746094,80.98161315917969
2022-08-16,169.71417236328125,243.1902313232422,144.77999877929688,185.28843688964844,121.4393081665039,148.57662963867188,112.2093734741211,80.39305877685547,135.009521484375,80.22724914550781
2022-08-17,171.20504760742188,242.3255157470703,142.10000610351562,183.79690551757812,119.26844787597656,148.5854949951172,111.26544189453125,80.09999084472656,134.38819885253906,80.87635040283203
2022-08-18,170.8126983642578,240.6050567626953,142.3000030517578,185.12896728515625,119.8037338256836,147.86729431152344,110.40321350097656,80.13550567626953,134.86544799804688,82.78861236572266
2022-08-19,168.23313903808594,239.6618194580078,138.22999572753906,183.48731994628906,117.0876693725586,150.11941528320312,107.67125701904297,79.66487884521484,134.8294219970703,82.52545928955078
2022-08-22,164.35882568359375,235.5918731689453,133.22000122070312,179.88511657714844,114.06432342529297,149.59278869628906,105.89232635498047,78.62586975097656,134.46925354003906,82.46405792236328
2022-08-23,164.0253448486328,231.64422607421875,133.6199951171875,184.99765014648438,113.76695251464844,148.28955078125,104.84854125976562,78.12858581542969,131.87582397460938,85.96401977539062
2022-08-24,164.31954956054688,230.98924255371094,133.8000030517578,182.13650512695312,113.69756317138672,147.7986297607422,105.10266876220703,78.77684020996094,131.30853271484375,86.47279357910156
2022-08-25,166.7716522216797,234.27305603027344,137.27999877929688,186.56422424316406,116.67133331298828,149.18218994140625,107.5986557006836,79.3807144165039,131.2004852294922,86.9201431274414
2022-08-26,160.4844970703125,228.11581420898438,130.75,180.0352325439453,110.32728576660156,146.62930297851562,104.07706451416016,78.19962310791016,128.1298370361328,85.84998321533203
2022-08-29,158.28744506835938,226.8319854736328,129.7899932861328,179.90390014648438,109.37565612792969,145.49569702148438,103.82294464111328,77.65084075927734,127.58955383300781,87.82365417480469
2022-08-30,155.86477661132812,221.31227111816406,128.72999572753906,175.36363220214844,108.94942474365234,144.98687744140625,103.84109497070312,76.47296905517578,126.22977447509766,84.4815673828125
2022-08-31,154.20713806152344,221.8799591064453,126.7699966430664,173.27171325683594,108.19606018066406,144.01394653320312,103.22390747070312,75.90187072753906,124.2127685546875,83.8499755859375
2022-09-01,154.93295288085938,225.015380859375,127.81999969482422,171.1422882080078,109.58382415771484,147.58436584472656,103.93187713623047,76.97267150878906,125.74354553222656,82.34126281738281
2022-09-02,152.8241424560547,219.08517456054688,127.51000213623047,169.6320037841797,107.73017120361328,145.26358032226562,103.20576477050781,75.94647216796875,123.5103530883789,83.8499755859375
2022-09-06,151.56866455078125,221.99349975585938,126.11000061035156,169.4724884033203,106.54066467285156,145.65634155273438,103.23299407958984,77.96315002441406,122.13260650634766,83.28861236572266
2022-09-07,152.97129821777344,226.63983154296875,129.47999572753906,169.66012573242188,109.51444244384766,146.45079040527344,105.1934585571289,80.5241470336914,123.97858428955078,82.57808685302734
2022-09-08,151.5000457763672,228.53504943847656,129.82000732421875,171.8083038330078,108.46369934082031,147.62901306152344,107.64403533935547,80.55091094970703,124.14070129394531,83.2535171508789
2022-09-09,154.354248046875,228.4651641845703,133.27000427246094,177.75572204589844,110.80309295654297,147.91468811035156,108.16138458251953,80.22077178955078,126.03173065185547,84.64823150634766
2022-09-12,160.2981414794922,231.52195739746094,136.4499969482422,180.4854736328125,110.89229583740234,147.85220336914062,109.44113159179688,81.03278350830078,127.05827331542969,85.62191772460938
2022-09-13,150.8919219970703,222.38653564453125,126.81999969482422,172.89645385742188,104.38961791992188,144.0050506591797,105.63819885253906,79.292724609375,124.4288558959961,83.62194061279297
2022-09-14,152.33375549316406,219.9323272705078,128.5500030517578,173.21542358398438,104.94473266601562,146.97743225097656,105.39311218261719,79.3105697631836,124.72602081298828,85.67454528808594
2022-09-15,149.45005798339844,214.02835083007812,126.27999877929688,171.18919372558594,102.99195098876953,147.35227966308594,106.9814682006836,76.74958038330078,123.76248931884766,83.18334197998047
2022-09-16,147.8120880126953,214.7532196044922,123.52999877929688,168.35621643066406,102.72430419921875,149.6016845703125,106.2644271850586,75.66094207763672,124.51889038085938,81.76231384277344
2022-09-19,151.51963806152344,216.15936279296875,124.66000366210938,170.8327178955078,102.9423828125,148.4234161376953,107.24468231201172,77.49022674560547,124.25778198242188,81.7535171508789
2022-09-20,153.8932647705078,207.77500915527344,122.19000244140625,166.96783447265625,100.94003295898438,147.25411987304688,105.12992095947266,76.46401977539062,123.81652069091797,81.08686828613281
2022-09-21,150.77423095703125,204.49986267089844,118.54000091552734,161.30191040039062,99.13594818115234,145.74562072753906,102.09844970703125,74.92923736572266,122.22264862060547,79.7798843383789
2022-09-22,149.81300354003906,203.30332946777344,117.30999755859375,159.98858642578125,99.69105529785156,148.3341827392578,100.93669891357422,74.54553985595703,122.65492248535156,79.446533203125
2022-09-23,147.5472412109375,199.8360595703125,113.77999877929688,154.0693359375,98.30328369140625,148.81617736816406,99.05792236328125,73.63534545898438,122.08757781982422,75.21852111816406
2022-09-26,147.8807373046875,193.33816528320312,115.1500015258789,152.54965209960938,97.94644165039062,147.90573120117188,96.92501068115234,72.412841796875,122.20465850830078,73.6659164428711
2022-09-27,148.8517608642578,192.66571044921875,114.41000366210938,152.38079833984375,97.23273468017578,147.22735595703125,96.07184600830078,72.35037994384766,118.8458480834961,75.20974731445312
2022-09-28,146.96856689453125,193.06744384765625,118.01000213623047,157.37136840820312,99.85955810546875,148.4948272705078,98.01414489746094,73.50150299072266,118.8458480834961,77.9465560913086
2022-09-29,139.7496337890625,186.65689086914062,114.80000305175781,155.62655639648438,97.23273468017578,146.86138916015625,96.35320281982422,71.35987854003906,115.89224243164062,77.78865814208984
2022-09-30,135.55165100097656,187.5127716064453,113.0,153.9192657470703,95.3096694946289,145.81698608398438,94.8465576171875,69.96785736083984,113.68608856201172,76.58692169189453
2022-10-03,139.72019958496094,189.6700439453125,115.87999725341797,160.62649536132812,98.43215942382812,145.6741943359375,97.77816009521484,72.44854736328125,115.7211685180664,80.63074493408203
2022-10-04,143.30023193359375,192.2115020751953,121.08999633789062,168.5063018798828,101.51497650146484,147.8343048095703,102.35259246826172,73.90304565429688,117.15292358398438,83.56929779052734
2022-10-05,143.59449768066406,187.0237274169922,120.94999694824219,167.3336944580078,101.32664489746094,147.37908935546875,101.0888671875,72.9660873413086,116.34247589111328,86.94647216796875
2022-10-06,142.64308166503906,177.3555145263672,120.30000305175781,167.73709106445312,101.3464584350586,144.52272033691406,99.0284423828125,70.41401672363281,113.8931884765625,89.525390625
2022-10-07,137.40542602539062,171.2237091064453,114.55999755859375,166.5550994873047,98.69979095458984,142.996337890625,97.05046081542969,68.4687271118164,111.90312194824219,88.62187194824219
2022-10-10,137.72906494140625,166.78103637695312,113.66999816894531,167.60569763183594,97.84729766845703,143.18380737304688,96.14385223388672,68.47765350341797,111.44388580322266,86.70084381103516
2022-10-11,136.316650390625,166.50828552246094,112.20999908447266,168.6188507080078,97.19307708740234,145.25466918945312,93.36914825439453,67.84410858154297,111.86709594726562,85.96401977539062
2022-10-12,135.68893432617188,161.68731689453125,112.9000015258789,168.38433837890625,97.4408950805664,145.2189483642578,94.880126953125,64.91724395751953,112.04718017578125,86.3412094116211
2022-10-13,140.24984741210938,167.0185546875,112.52999877929688,171.79891967773438,98.83855438232422,147.414794921875,100.15481567382812,65.22063446044922,113.7400894165039,89.35871887207031
2022-10-14,135.72817993164062,163.43798828125,106.9000015258789,167.1554718017578,96.3306884765625,146.79891967773438,101.82147216796875,64.04276275634766,112.63249969482422,87.00788116455078
2022-10-17,139.6809539794922,169.34107971191406,113.79000091552734,169.6038818359375,99.89920043945312,148.7001495361328,106.09797668457031,65.7203369140625,114.6676025390625,88.26225280761719
2022-10-18,140.99526977539062,173.50222778320312,116.36000061035156,172.18353271484375,100.50389099121094,148.18240356445312,108.82688903808594,66.97854614257812,115.5950927734375,88.42013549804688
2022-10-19,141.10317993164062,168.02146911621094,115.06999969482422,172.9902801513672,99.41349792480469,147.00421142578125,106.6932144165039,65.71141815185547,116.66667175292969,91.04291534423828
2022-10-20,140.6421356201172,165.3909912109375,115.25,169.3599395751953,99.6513900756836,147.37908935546875,106.3452377319336,63.034420013427734,115.16397094726562,91.16571044921875
2022-10-21,144.4478302001953,165.0039520263672,119.31999969482422,179.63446044921875,100.59310150146484,150.5924835205078,111.93125915527344,63.93567657470703,116.60592651367188,92.85870361328125
2022-10-24,146.58604431152344,163.1037139892578,119.81999969482422,180.65440368652344,102.07008361816406,152.6187286376953,112.0686264038086,65.39017486572266,117.32235717773438,93.50778198242188
2022-10-25,149.42068481445312,172.01548767089844,120.5999984741211,183.99737548828125,104.01295471191406,152.37774658203125,112.36166381835938,67.6924057006836,118.67359161376953,92.87622833251953
2022-10-26,146.4879608154297,173.23829650878906,115.66000366210938,185.99940490722656,93.99129486083984,153.7166290283203,113.6528549194336,67.46040344238281,119.50789642333984,93.9814682006836
2022-10-27,142.02517700195312,174.78660583496094,110.95999908447266,200.33468627929688,91.79069519042969,153.8058624267578,114.10157775878906,67.34439849853516,119.5986099243164,94.34114837646484
2022-10-28,152.7554931640625,180.09146118164062,103.41000366210938,207.13401794433594,95.7359390258789,156.0909423828125,115.4568862915039,70.52108764648438,122.62757110595703,97.10425567626953
2022-10-31,150.40150451660156,182.27320861816406,102.44000244140625,204.41424560546875,93.83271789550781,155.28762817382812,115.27372741699219,69.15581512451172,122.12876892089844,97.20075225830078
2022-11-01,147.76304626464844,182.8802490234375,96.79000091552734,206.3407440185547,89.70905303955078,154.50213623046875,117.3524398803711,69.34321594238281,122.31920623779297,98.16564178466797
2022-11-02,142.25074768066406,180.51376342773438,92.12000274658203,202.60113525390625,86.30904388427734,152.12777709960938,116.27189636230469,68.95951080322266,120.55987548828125,96.14813995361328
2022-11-03,136.21859741210938,177.117919921875,89.30000305175781,207.05845642089844,82.76033782958984,152.38662719726562,116.48250579833984,69.76261138916016,119.7346420288086,97.45513916015625
2022-11-04,135.95335388183594,179.39649963378906,90.9800033569336,215.17044067382812,85.94226837158203,153.06504821777344,119.6692886352539,70.31586456298828,121.92021179199219,98.51651000976562
2022-11-07,136.48387145996094,177.72499084472656,90.52999877929688,215.8881378173828,87.87522888183594,154.4039306640625,120.30115509033203,68.96845245361328,123.78834533691406,99.68317413330078
2022-11-08,137.05369567871094,178.604736328125,89.9800033569336,217.02133178710938,88.1329574584961,155.17160034179688,120.3744125366211,69.84290313720703,124.0694808959961,99.99896240234375
2022-11-09,132.50489807128906,176.86282348632812,86.13999938964844,212.98895263671875,86.63616180419922,153.93084716796875,118.80850219726562,69.78047943115234,123.7702407836914,95.52532196044922
2022-11-10,144.29444885253906,194.33444213867188,96.62999725341797,219.51443481445312,93.34699249267578,155.7339324951172,123.69856262207031,74.24213409423828,128.0325164794922,96.9288101196289
2022-11-11,147.07481384277344,196.41062927246094,100.79000091552734,223.32962036132812,95.88460540771484,151.07452392578125,123.9000244140625,74.34027099609375,127.84209442138672,99.955078125
2022-11-14,145.6797332763672,189.4783172607422,98.48999786376953,223.3390655517578,95.19072723388672,153.44886779785156,122.62713623046875,72.8679428100586,127.85115814208984,100.24690246582031
2022-11-15,147.4088592529297,193.17318725585938,98.94000244140625,221.5353546142578,97.85722351074219,153.87734985351562,121.73888397216797,73.98336791992188,127.40680694580078,100.9189224243164
2022-11-16,146.1807403564453,192.794921875,97.12000274658203,219.486083984375,98.12484741210938,154.8323974609375,121.90370178222656,75.2415542602539,128.5404052734375,99.84016418457031
2022-11-17,148.07691955566406,190.3228302001953,94.8499984741211,217.61630249023438,97.6391372680664,156.08203125,121.37254333496094,73.483642578125,127.75140380859375,99.9727783203125
2022-11-18,148.636962890625,189.96214294433594,94.13999938964844,218.55120849609375,96.94525909423828,157.27813720703125,122.56302642822266,74.24213409423828,129.2930908203125,99.10621643066406
2022-11-21,145.41441345214844,193.4635009765625,92.45999908447266,219.25003051757812,94.99249267578125,158.08668518066406,121.8396224975586,74.59905242919922,130.93455505371094,98.12470245361328
2022-11-22,147.54637145996094,191.89759826660156,93.19999694824219,224.0567626953125,96.4793701171875,158.85032653808594,123.66190338134766,75.05414581298828,132.0590362548828,100.963134765625
2022-11-23,148.42080688476562,192.0031280517578,94.12999725341797,223.7356719970703,97.95634460449219,159.02098083496094,124.98059844970703,76.16178131103516,132.81173706054688,100.45912170410156
2022-11-25,145.5126953125,193.61305236816406,93.41000366210938,222.58358764648438,96.74700927734375,159.22763061523438,125.21866607666016,76.53846740722656,133.05665588378906,100.10542297363281
2022-11-28,141.69093322753906,188.17625427246094,93.94999694824219,219.372802734375,95.40880584716797,159.3084716796875,123.03007507324219,75.09451293945312,132.9477996826172,97.09899139404297
2022-11-29,138.6944122314453,191.09703063964844,92.41999816894531,222.03582763671875,94.60588836669922,158.19447326660156,125.0538558959961,73.9823989868164,131.93211364746094,97.74449157714844
2022-11-30,145.43411254882812,194.64236450195312,96.54000091552734,223.2540740966797,100.56336212158203,159.91038513183594,126.53736877441406,75.9644775390625,135.2694091796875,98.4518814086914
2022-12-01,145.7091827392578,194.68630981445312,95.5,222.5741424560547,100.39484405517578,160.57518005371094,124.7608413696289,76.08106231689453,135.3510284423828,97.97440338134766
2022-12-02,145.2179412841797,192.9884490966797,94.12999725341797,222.9896240234375,99.94878387451172,160.70095825195312,123.77183532714844,76.41289520263672,136.58436584472656,97.14320373535156
2022-12-05,144.05865478515625,189.68063354492188,91.01000213623047,219.6277618408203,98.99717712402344,160.61111450195312,120.30115509033203,76.36807250976562,135.20591735839844,94.48162841796875
2022-12-06,140.40391540527344,186.9622344970703,88.25,215.58595275878906,96.45953369140625,158.20346069335938,120.50260925292969,76.39495849609375,135.37818908691406,91.85540008544922
2022-12-07,138.46847534179688,185.72181701660156,88.45999908447266,216.23751831054688,94.31842041015625,159.16473388671875,120.42020416259766,76.49363708496094,136.2488250732422,91.65203857421875
2022-12-08,140.14840698242188,186.7247314453125,90.3499984741211,218.06959533691406,93.12889862060547,159.19168090820312,121.68394470214844,76.91515350341797,137.228271484375,92.33289337158203
2022-12-09,139.6670684814453,188.12350463867188,89.08999633789062,214.64157104492188,92.25658416748047,157.8800506591797,121.02459716796875,75.79407501220703,136.8655242919922,91.55475616455078
2022-12-12,141.9561767578125,189.9093475341797,90.55000305175781,220.09046936035156,92.74230194091797,159.76663208007812,122.90186309814453,77.62367248535156,138.27113342285156,93.8095932006836
2022-12-13,142.9189910888672,196.5249786376953,92.48999786376953,222.38528442382812,95.01231384277344,160.99742126464844,122.78282165527344,78.16177368164062,138.06259155273438,94.83531188964844
2022-12-14,140.69863891601562,193.41070556640625,91.58000183105469,221.4314422607422,94.47701263427734,161.49151611328125,122.16926574707031,78.07210540771484,138.606689453125,94.13676452636719
2022-12-15,134.1063232421875,191.9767303466797,88.44999694824219,217.8240509033203,90.40293884277344,159.45223999023438,119.13817596435547,76.95999908447266,137.03778076171875,93.23482513427734
2022-12-16,132.1511993408203,187.78041076660156,87.86000061035156,219.7694091796875,90.06591033935547,157.8171844482422,118.39639282226562,75.46222686767578,136.43017578125,92.58049774169922
2022-12-19,130.04872131347656,184.4110107421875,84.91999816894531,219.36331176757812,88.37085723876953,157.646484375,119.10153198242188,74.90617370605469,136.39393615722656,92.99609375
2022-12-20,129.97994995117188,183.5928192138672,85.19000244140625,222.0547332763672,88.8466567993164,157.8171844482422,119.67845153808594,74.90617370605469,136.44833374023438,94.34014129638672
2022-12-21,133.07467651367188,185.2731170654297,86.7699966430664,228.2779998779297,89.46124267578125,159.6228790283203,121.02459716796875,75.91961669921875,137.69981384277344,95.55156707763672
2022-12-22,129.9111785888672,185.2731170654297,83.79000091552734,224.32118225097656,87.48863220214844,159.0389404296875,119.65099334716797,74.7447280883789,138.01724243164062,93.6239013671875
2022-12-23,129.5476531982422,186.90065002441406,85.25,226.52151489257812,89.02508544921875,159.44320678710938,120.21874237060547,75.48912048339844,138.4071807861328,96.09979248046875
2022-12-27,127.74976348876953,186.90951538085938,83.04000091552734,229.6095428466797,87.1615219116211,159.39830017089844,120.63998413085938,75.33666229248047,139.61331176757812,97.43500518798828
2022-12-28,123.82974243164062,186.2005157470703,81.81999969482422,226.05880737304688,85.7043685913086,158.7065887451172,121.29932403564453,74.58329010009766,137.8086395263672,95.83451843261719
2022-12-29,127.337158203125,191.19894409179688,84.18000030517578,226.83314514160156,88.172607421875,159.51507568359375,121.99529266357422,75.40840148925781,138.37997436523438,96.55960083007812
2022-12-30,127.65152740478516,187.76031494140625,84.0,226.22879028320312,87.95452117919922,158.6975860595703,122.80113220214844,74.97792053222656,137.4458770751953,97.53227233886719
2023-01-03,122.8767318725586,190.2506561279297,85.81999969482422,225.5866241455078,88.91605377197266,160.08108520507812,123.73519897460938,75.18419647216797,137.4549560546875,94.18097686767578
2023-01-04,124.14412689208984,194.0880889892578,85.13999938964844,227.92861938476562,87.93470764160156,161.82391357421875,124.8890380859375,75.77611541748047,138.05349731445312,94.45510864257812
2023-01-05,122.8276138305664,187.99957275390625,83.12000274658203,226.90870666503906,86.01166534423828,160.62908935546875,124.8613510131836,74.10796356201172,136.33950805664062,96.56845092773438
2023-01-06,127.34696197509766,193.64500427246094,86.08000183105469,235.01124572753906,87.38951873779297,161.93173217773438,127.25064849853516,75.02275085449219,139.5861053466797,97.73564910888672
2023-01-09,127.86767578125,194.35397338867188,87.36000061035156,232.89588928222656,88.02392578125,157.73629760742188,126.7248306274414,75.39944458007812,137.8811492919922,95.91410064697266
2023-01-10,128.43746948242188,196.70252990722656,89.87000274658203,236.5694122314453,88.46007537841797,157.35897827148438,127.85951232910156,75.8209457397461,137.74517822265625,97.34658813476562
2023-01-11,131.1490936279297,202.17066955566406,95.08999633789062,236.7772216796875,91.45367431640625,157.1074676513672,128.80967712402344,76.23352813720703,136.6296844482422,98.47840881347656
2023-01-12,131.07049560546875,205.79542541503906,95.2699966430664,240.8756866455078,91.10673522949219,156.31690979003906,128.68052673339844,76.29631805419922,135.85887145996094,100.11426544189453
2023-01-13,132.39682006835938,206.32717895507812,98.12000274658203,244.07699584960938,91.98896789550781,155.80479431152344,131.92776489257812,75.94651794433594,136.8292236328125,100.05237579345703
2023-01-17,133.55613708496094,204.76739501953125,96.05000305175781,241.99945068359375,91.35454559326172,154.84353637695312,129.88900756835938,76.8971939086914,136.43017578125,99.85784149169922
2023-01-18,132.83892822265625,199.573974609375,95.45999908447266,238.7509002685547,90.9778823852539,152.50779724121094,125.98682403564453,75.15730285644531,132.77548217773438,97.806396484375
2023-01-19,132.89788818359375,197.9433135986328,93.68000030517578,233.1811065673828,93.0892562866211,152.3011474609375,124.30783081054688,74.07208251953125,129.96754455566406,98.43418884277344
2023-01-20,135.4522705078125,196.22396850585938,97.25,236.93858337402344,98.41233825683594,151.59144592285156,124.61227416992188,73.3814926147461,130.4694366455078,100.22920227050781
2023-01-23,138.63546752929688,191.1368865966797,97.5199966430664,239.775634765625,100.32546997070312,151.20518493652344,126.6325454711914,74.1438217163086,128.71731567382812,99.70751953125
2023-01-24,140.03054809570312,190.6938018798828,96.31999969482422,244.43453979492188,98.34294891357422,151.20518493652344,127.72113037109375,75.24698638916016,129.4199981689453,100.63597106933594
2023-01-25,139.37229919433594,193.7867889404297,97.18000030517578,245.2220458984375,95.88460540771484,152.28318786621094,128.33917236328125,68.69090270996094,129.3287353515625,100.10542297363281
2023-01-26,141.4354705810547,195.88719177246094,99.22000122070312,248.7137908935547,98.29338836669922,151.7261962890625,129.1325225830078,68.5205078125,128.80856323242188,104.12873840332031
2023-01-27,143.37094116210938,195.67446899414062,102.23999786376953,251.0100860595703,99.829833984375,151.1332550048828,129.4462127685547,67.78506469726562,128.27926635742188,102.22761535644531
2023-01-30,140.49232482910156,193.25503540039062,100.55000305175781,248.1255645751953,97.09395599365234,145.5364227294922,128.34840393066406,67.3097152709961,128.68081665039062,100.4148941040039
2023-01-31,141.7596893310547,197.97872924804688,103.12999725341797,239.38661193847656,98.99717712402344,146.81210327148438,129.11410522460938,66.93303680419922,129.93099975585938,102.58131408691406
2023-02-01,142.8797149658203,201.3021697998047,105.1500015258789,236.77725219726562,100.54354095458984,148.15965270996094,128.7727508544922,66.58324432373047,130.67018127441406,101.45832061767578
2023-02-02,148.17518615722656,201.52371215820312,112.91000366210938,232.37457275390625,107.84912109375,148.71665954589844,128.17315673828125,67.8030014038086,129.7393798828125,98.28387451171875
2023-02-03,151.79067993164062,196.8000030517578,103.38999938964844,235.08824157714844,104.30040740966797,147.8811492919922,130.1565704345703,66.96891021728516,130.1409149169922,98.9647445678711
2023-02-06,149.06924438476562,195.47952270507812,102.18000030517578,238.56109619140625,102.56570434570312,146.7581787109375,130.9221954345703,67.72229766845703,129.0366973876953,98.79674530029297
2023-02-07,151.9380340576172,194.504638671875,102.11000061035156,236.89111328125,107.09577178955078,146.79412841796875,132.5181427001953,68.23348999023438,127.77735900878906,101.61749267578125
2023-02-08,149.2559051513672,193.61839294433594,100.05000305175781,236.1415252685547,99.12602996826172,146.98277282714844,131.58641052246094,67.29179382324219,126.45415496826172,100.73321533203125
2023-02-09,148.22430419921875,190.7115020751953,98.23999786376953,233.68397521972656,94.6257095336914,144.9973602294922,129.53843688964844,65.71331024169922,125.06703186035156,101.11347198486328
2023-02-10,148.58837890625,192.06744384765625,97.61000061035156,235.00289916992188,94.03094482421875,145.67117309570312,130.11041259765625,67.03170776367188,126.17125701904297,105.37551879882812
2023-02-13,151.38282775878906,192.5460205078125,99.54000091552734,235.45834350585938,94.16973114013672,146.21018981933594,131.52183532714844,67.82095336914062,127.8229751586914,104.96565246582031
2023-02-14,150.7432403564453,190.67605590820312,99.69999694824219,231.8621826171875,94.12016296386719,145.57235717773438,132.10301208496094,68.18866729736328,127.10205078125,103.7359848022461
2023-02-15,152.83909606933594,191.9611358642578,101.16000366210938,235.98019409179688,96.25137329101562,143.17369079589844,132.65655517578125,69.0047836303711,126.81005096435547,103.42413330078125
2023-02-16,151.2450714111328,187.88438415527344,98.1500015258789,233.9116973876953,94.94291687011719,142.15855407714844,130.8299560546875,67.88372039794922,125.14918518066406,103.12117004394531
2023-02-17,150.1036834716797,186.34228515625,97.19999694824219,235.1167449951172,93.76332092285156,145.12640380859375,131.21739196777344,68.22454071044922,127.76823425292969,99.15599822998047
2023-02-21,146.0989227294922,181.3704376220703,94.58000183105469,228.39886474609375,91.24553680419922,142.96383666992188,128.80967712402344,66.06307220458984,127.6769790649414,99.05797576904297
2023-02-22,146.52206420898438,176.61131286621094,95.79000091552734,225.72308349609375,90.9977035522461,142.7647705078125,127.82260131835938,66.08102416992188,128.21539306640625,97.77488708496094
2023-02-23,147.0041961669922,178.98646545410156,95.81999969482422,225.78001403808594,90.27408599853516,142.7195281982422,128.84658813476562,65.35455322265625,127.80474853515625,98.6748275756836
2023-02-24,144.3573455810547,173.4651336669922,93.5,224.09109497070312,88.56910705566406,141.1269989013672,130.0089111328125,65.3993911743164,127.08380889892578,98.6837387084961
2023-02-27,145.5479278564453,172.8890838623047,93.76000213623047,227.70619201660156,89.31254577636719,140.8193817138672,131.14361572265625,64.86502075195312,126.97431182861328,98.50553131103516
2023-02-28,145.04612731933594,175.48577880859375,94.2300033569336,227.29820251464844,89.51081848144531,138.6749267578125,132.24143981933594,64.11581420898438,125.53245544433594,97.93526458740234
2023-03-01,142.97976684570312,172.720703125,92.16999816894531,235.9517364501953,89.7189712524414,138.05059814453125,131.5033721923828,63.068748474121094,125.62370300292969,98.8084945678711
2023-03-02,143.5701446533203,175.0603790283203,92.12999725341797,239.28221130371094,91.50324249267578,137.94198608398438,130.13809204101562,65.18096923828125,127.69523620605469,99.26293182373047
2023-03-03,148.60804748535156,179.4650421142578,94.9000015258789,242.25213623046875,93.19828033447266,139.3625946044922,132.52737426757812,66.64324951171875,128.62608337402344,100.51930236816406
2023-03-06,151.36318969726562,175.98208618164062,93.75,240.99017333984375,94.74467468261719,140.7560272216797,131.75250244140625,67.15778350830078,128.07852172851562,101.41034698486328
2023-03-07,149.16893005371094,170.48733520507812,93.55000305175781,233.5511474609375,93.34699249267578,139.4259490966797,127.8779067993164,66.571044921875,125.53245544433594,99.4500503540039
2023-03-08,150.41854858398438,173.50059509277344,93.91999816894531,235.99920654296875,93.82279205322266,138.40350341796875,127.12149810791016,67.02237701416016,125.55071258544922,97.99762725830078
2023-03-09,148.17507934570312,169.450439453125,92.25,228.6360626220703,91.8501968383789,136.84716796875,120.2396011352539,66.58009338378906,124.6290283203125,97.24024200439453
2023-03-10,146.11863708496094,169.5124969482422,90.7300033569336,215.3995819091797,90.2146224975586,137.1819305419922,123.29308319091797,65.90309143066406,125.1948013305664,96.03731536865234
2023-03-13,148.05703735351562,173.9969024658203,92.43000030517578,213.20767211914062,90.85891723632812,138.49395751953125,121.07906341552734,66.15582275390625,126.06173706054688,94.93242645263672
2023-03-14,150.14305114746094,177.0987548828125,94.87999725341797,214.12811279296875,93.42628479003906,139.27207946777344,124.18791198730469,67.29318237304688,127.62224578857422,95.2888412475586
2023-03-15,150.53663635253906,179.3054962158203,96.19999694824219,206.148193359375,95.70619201660156,139.6612091064453,118.32077026367188,68.16876220703125,129.4291229248047,90.5484619140625
2023-03-16,153.3507843017578,181.72496032714844,100.04000091552734,207.5240936279297,100.18667602539062,139.37168884277344,120.6178207397461,68.80964660644531,130.3964385986328,90.02274322509766
2023-03-17,152.51438903808594,178.4458465576172,98.94999694824219,204.0133056640625,101.56453704833984,137.87864685058594,116.06062316894531,68.30414581298828,130.4329071044922,88.96239471435547
2023-03-20,154.87591552734375,178.9776153564453,97.70999908447266,209.042236328125,101.0391616821289,139.24496459960938,117.28756713867188,68.57494354248047,132.4405975341797,91.28801727294922
2023-03-21,156.7257537841797,175.64532470703125,100.61000061035156,213.4164581298828,104.91498565673828,139.24496459960938,120.43330383300781,68.02432250976562,131.4823760986328,95.37794494628906
2023-03-22,155.2990264892578,170.26580810546875,98.69999694824219,208.7006378173828,103.30915832519531,136.6752166748047,117.324462890625,66.91404724121094,131.4002227783203,93.19486999511719
2023-03-23,156.38134765625,169.82266235351562,98.70999908447266,208.2167510986328,105.33132934570312,136.74757385253906,117.01081848144531,66.62520599365234,131.2177276611328,92.1434326171875
2023-03-24,157.6802215576172,176.9126739501953,98.12999725341797,205.91098022460938,105.13306427001953,138.1229705810547,115.23036193847656,68.32221984863281,133.89157104492188,92.25035858154297
2023-03-27,155.7417755126953,171.17861938476562,98.04000091552734,206.8503875732422,102.15929412841797,138.71112060546875,118.532958984375,68.09654235839844,133.18885803222656,94.27306365966797
2023-03-28,155.1219024658203,170.93045043945312,97.23999786376953,208.89988708496094,100.47413635253906,137.3719940185547,118.8927230834961,67.91602325439453,133.5630645751953,95.44923400878906
2023-03-29,158.1918487548828,175.9112091064453,100.25,211.59466552734375,101.0094223022461,138.72018432617188,119.13258361816406,68.70132446289062,133.97369384765625,97.08876037597656
2023-03-30,159.75633239746094,178.295166015625,102.0,213.05589294433594,100.43448638916016,138.82875061035156,118.77279663085938,69.13459777832031,134.5577392578125,97.56101989746094
2023-03-31,162.2556610107422,181.0957489013672,103.29000091552734,217.13597106933594,103.09107208251953,140.2493438720703,120.2119140625,69.57689666748047,135.68930053710938,97.7125015258789
2023-04-03,163.5052490234375,178.22427368164062,102.41000366210938,218.11326599121094,103.99312591552734,141.9232940673828,120.07353973388672,69.20682525634766,136.43760681152344,103.47759246826172
2023-04-04,162.97393798828125,180.30697631835938,103.94999694824219,206.3284912109375,104.20128631591797,143.40721130371094,118.4683837890625,69.64912414550781,137.0946502685547,102.48851013183594
2023-04-05,161.13388061523438,181.40591430664062,101.0999984741211,202.60897827148438,104.03277587890625,149.849609375,118.64501953125,70.7052230834961,138.03460693359375,104.24388122558594
2023-04-06,162.01947021484375,183.17840576171875,102.05999755859375,198.47195434570312,107.94825744628906,149.4333953857422,118.5148696899414,71.2829360961914,138.91065979003906,102.5152587890625
2023-04-10,159.43165588378906,184.64959716796875,102.16999816894531,204.5066680908203,106.01529693603516,148.68240356445312,118.90534973144531,70.79548645019531,137.7608642578125,102.0608139038086
2023-04-11,158.22137451171875,186.44866943359375,99.91999816894531,209.3173828125,105.19255065917969,148.6371307373047,119.49109649658203,70.71424865722656,137.48703002929688,102.78257751464844
2023-04-12,157.53260803222656,187.2285614013672,97.83000183105469,209.22251892089844,104.30040740966797,148.3204803466797,119.47250366210938,70.93991088867188,137.8612518310547,102.67565155029297
2023-04-13,162.90504455566406,188.21961975097656,102.4000015258789,210.33267211914062,107.24446105957031,150.30206298828125,119.92808532714844,71.17461395263672,138.50001525878906,103.15679931640625
2023-04-14,162.56065368652344,184.7196807861328,102.51000213623047,212.23985290527344,108.50335693359375,150.0577392578125,128.98379516601562,70.42540740966797,137.79730224609375,103.40631866455078
2023-04-17,162.580322265625,186.45179748535156,102.73999786376953,213.7200927734375,105.48992156982422,149.90390014648438,130.0065460205078,70.8947982788086,137.8429412841797,102.20338439941406
2023-04-18,163.8004608154297,185.87142944335938,102.30000305175781,213.68214416503906,104.20128631591797,145.68736267089844,131.46621704101562,70.67813873291016,137.98898315429688,104.19932556152344
2023-04-19,164.94187927246094,185.81790161132812,104.30000305175781,213.16026306152344,104.1021499633789,147.06272888183594,131.29888916015625,71.25585174560547,138.01632690429688,103.86966705322266
2023-04-20,163.9775848388672,183.55897521972656,103.80999755859375,210.9019775390625,104.9744873046875,148.01280212402344,130.91769409179688,71.08434295654297,138.52235412597656,103.04097747802734
2023-04-21,162.3737030029297,182.26434326171875,106.95999908447266,210.13877868652344,104.98439025878906,147.20751953125,130.66665649414062,71.30099487304688,143.31573486328125,103.37065887451172
2023-04-24,162.67872619628906,182.0857696533203,106.20999908447266,213.15342712402344,105.8467788696289,148.10330200195312,130.84329223632812,71.34610748291016,143.57286071777344,105.32206726074219
2023-04-25,161.1437530517578,180.12156677246094,102.56999969482422,208.57421875,103.69573974609375,149.4605255126953,127.99827575683594,70.24488830566406,143.60958862304688,103.82508850097656
2023-04-26,161.13388061523438,178.87158203125,104.9800033569336,206.2464141845703,103.53713989257812,147.1441650390625,125.72970581054688,66.85990905761719,141.94752502441406,102.87166595458984
2023-04-27,165.70933532714844,183.60362243652344,109.81999969482422,204.47198486328125,107.42288970947266,147.488037109375,127.42183685302734,68.46663665771484,143.68307495117188,104.10133361816406
2023-04-28,166.95895385742188,182.48757934570312,105.44999694824219,208.7363739013672,107.27418518066406,148.12136840820312,128.52822875976562,69.17070770263672,143.60040283203125,105.44680786132812
2023-05-01,166.87042236328125,178.12156677246094,102.05000305175781,207.27674865722656,106.7686538696289,148.0309295654297,131.2802734375,69.32417297363281,143.77487182617188,102.1766586303711
2023-05-02,165.83726501464844,175.11270141601562,103.62999725341797,205.25424194335938,105.05377197265625,149.32479858398438,129.16046142578125,68.5478744506836,143.6463165283203,98.10456848144531
2023-05-03,164.76473999023438,171.39849853515625,103.6500015258789,205.7217254638672,105.19255065917969,147.37037658691406,126.42700958251953,68.0514144897461,143.462646484375,96.17098236083984
2023-05-04,163.13137817382812,173.56809997558594,104.0,200.7036590576172,104.29049682617188,146.70082092285156,124.69766998291016,68.15973663330078,142.80148315429688,94.48689270019531
2023-05-05,170.78659057617188,175.66627502441406,105.66000366210938,205.19705200195312,105.2867202758789,147.1984100341797,127.13361358642578,68.15973663330078,143.27902221679688,96.83927154541016
2023-05-08,170.7176971435547,172.50563049316406,105.83000183105469,204.9108123779297,107.29401397705078,146.86366271972656,127.44044494628906,68.65618896484375,142.6086883544922,97.2224349975586
2023-05-09,169.0155029296875,172.78240966796875,106.62000274658203,203.6706085205078,106.99665069580078,145.72360229492188,126.82681274414062,68.22290802001953,141.1486053466797,97.24916076660156
2023-05-10,170.77674865722656,175.3180694580078,110.19000244140625,203.36534118652344,111.29872131347656,146.26646423339844,126.89189147949219,69.40538024902344,141.44244384765625,96.00169372558594
2023-05-11,170.9636993408203,174.7198486328125,112.18000030517578,200.3697509765625,115.87832641601562,145.66932678222656,126.49209594726562,68.69229888916016,141.7730255126953,94.2641372680664
2023-05-12,170.0374755859375,178.82691955566406,110.26000213623047,199.9022979736328,116.8894271850586,145.47927856445312,124.67909240722656,70.37124633789062,143.21473693847656,94.2552261352539
2023-05-15,169.54483032226562,174.51451110839844,111.19999694824219,201.57179260253906,115.93780517578125,144.36631774902344,125.72970581054688,69.99211120605469,143.26063537597656,94.43498229980469
2023-05-16,169.54483032226562,170.56813049316406,113.4000015258789,197.66989135742188,119.04045104980469,144.17630004882812,124.88363647460938,68.45761108398438,143.01271057128906,92.1430892944336
2023-05-17,170.15577697753906,173.88949584960938,115.5,202.34457397460938,120.4183120727539,143.859619140625,128.72349548339844,68.00626373291016,142.40664672851562,94.21028137207031
2023-05-18,172.4811248779297,170.55923461914062,118.1500015258789,204.8440704345703,122.44047546386719,143.39816284179688,129.69972229003906,67.78963470458984,140.06503295898438,95.06413269042969
2023-05-19,172.58949279785156,170.2913818359375,116.25,204.90126037597656,122.17284393310547,143.7872314453125,129.40219116210938,67.23001098632812,140.65272521972656,95.5045394897461
2023-05-22,171.6436004638672,172.73776245117188,115.01000213623047,204.4051971435547,124.76994323730469,143.0122833251953,128.33299255371094,67.32025146484375,136.97044372558594,94.34508514404297
2023-05-23,169.04234313964844,167.9878692626953,114.98999786376953,202.92649841308594,122.21249389648438,142.9575958251953,126.99412536621094,66.94114685058594,135.4919891357422,95.63035583496094
2023-05-24,169.3182373046875,163.73793029785156,116.75,200.05494689941406,120.576904296875,142.82086181640625,125.83197784423828,67.01334381103516,134.37171936035156,96.69990539550781
2023-05-25,170.45135498046875,162.99685668945312,115.0,200.32203674316406,123.26322937011719,140.76963806152344,126.13878631591797,66.24608612060547,133.5084991455078,94.96526336669922
2023-05-26,172.85552978515625,162.65760803222656,120.11000061035156,202.05833435058594,124.33378601074219,140.7149200439453,127.31956481933594,67.1527328491211,133.51771545410156,94.34508514404297
2023-05-30,174.69810485839844,162.49688720703125,121.66000366210938,200.24569702148438,123.55068969726562,140.733154296875,127.80304718017578,66.03533935546875,131.47909545898438,93.50923156738281
2023-05-31,174.64883422851562,164.67543029785156,120.58000183105469,196.28659057617188,122.29180145263672,141.3621826171875,126.1760025024414,66.73484802246094,130.85470581054688,91.83749389648438
2023-06-01,177.44715881347656,166.97000122070312,122.7699966430664,199.45391845703125,123.28305053710938,140.8881378173828,127.91460418701172,66.2806167602539,132.19540405273438,92.8980712890625
2023-06-02,178.29452514648438,170.66636657714844,124.25,216.2062225341797,124.13554382324219,143.10348510742188,130.6015625,67.08912658691406,134.5461883544922,95.05513000488281
2023-06-05,176.9446258544922,168.4253387451172,125.30000305175781,212.23756408691406,125.5232925415039,144.334228515625,129.3185272216797,66.85295104980469,134.01356506347656,94.63272094726562
2023-06-06,176.58004760742188,168.84500122070312,126.61000061035156,216.2539520263672,126.7921142578125,144.2065887451172,129.5509490966797,66.66216278076172,132.68206787109375,95.40567016601562
2023-06-07,175.21047973632812,170.469970703125,121.2300033569336,224.71597290039062,121.86554718017578,144.5166015625,130.8061065673828,67.37984466552734,132.96670532226562,97.54475402832031
2023-06-08,177.9200897216797,169.65748596191406,124.25,223.6665802001953,121.59790802001953,146.1028289794922,130.84329223632812,68.04301452636719,134.4727325439453,97.23918914794922
2023-06-09,178.3043975830078,167.22894287109375,123.43000030517578,224.2198944091797,121.79615783691406,145.87493896484375,131.1036376953125,67.28899383544922,134.5828857421875,96.52014923095703
2023-06-12,181.09286499023438,168.3539276123047,126.56999969482422,226.9578857421875,123.26322937011719,145.774658203125,131.0943603515625,67.20722198486328,133.52687072753906,95.64832305908203
2023-06-13,180.619873046875,170.55030822753906,126.66000366210938,234.15109252929688,123.34252166748047,146.54046630859375,132.0426788330078,67.54336547851562,133.20547485351562,95.66630554199219
2023-06-14,181.25050354003906,172.33596801757812,126.41999816894531,232.1285858154297,123.29295349121094,147.28799438476562,131.54989624023438,66.68032836914062,134.45433044433594,94.51587677001953
2023-06-15,183.28024291992188,174.8744659423828,127.11000061035156,236.2785186767578,124.69063568115234,149.2663116455078,133.0375213623047,67.55244445800781,136.31845092773438,95.1719741821289
2023-06-16,182.20626831054688,173.63223266601562,125.48999786376953,233.98892211914062,122.97575378417969,149.72215270996094,133.19557189941406,68.6698226928711,137.31939697265625,94.48889923095703
2023-06-20,182.294921875,171.07577514648438,125.77999877929688,230.05838012695312,122.7676010131836,149.63099670410156,132.51686096191406,67.91582489013672,136.0521240234375,92.32284545898438
2023-06-21,181.26039123535156,170.4366455078125,124.83000183105469,230.37322998046875,120.20023345947266,149.403076171875,132.3216552734375,68.8424301147461,137.22755432128906,93.35643768310547
2023-06-22,184.2557373046875,167.81715393066406,130.14999389648438,226.42361450195312,122.78741455078125,150.9893798828125,129.7740936279297,68.251953125,137.69586181640625,92.84413146972656
2023-06-23,183.94046020507812,167.4570770263672,129.3300018310547,223.65704345703125,121.9448471069336,150.86167907714844,129.09536743164062,67.37984466552734,136.32765197753906,92.03524017333984
2023-06-26,182.55111694335938,169.34747314453125,127.33000183105469,226.05157470703125,118.0491943359375,149.17515563964844,129.41151428222656,67.48886108398438,136.46533203125,93.73394012451172
2023-06-27,185.30020141601562,168.97836303710938,129.17999267578125,229.61953735351562,117.96990203857422,148.8651885986328,129.42079162597656,67.14363861083984,137.76014709472656,93.96761322021484
2023-06-28,186.4727325439453,172.47999572753906,129.0399932861328,230.7452850341797,120.02179718017578,148.56434631347656,128.8536376953125,66.71666717529297,137.73260498046875,94.7315673828125
2023-06-29,186.8077392578125,173.48817443847656,127.9000015258789,233.0062713623047,118.96115112304688,149.60362243652344,133.3535919189453,66.14434051513672,137.17245483398438,95.89999389648438
2023-06-30,191.12344360351562,174.57740783691406,130.36000061035156,234.7330322265625,119.91278076171875,150.898193359375,135.22242736816406,67.40707397460938,139.33961486816406,96.3943099975586
2023-07-03,189.63560485839844,175.5675506591797,130.22000122070312,235.95413208007812,119.50634002685547,148.91986083984375,136.3102264404297,67.57061004638672,140.03750610351562,96.58306121826172
2023-07-05,188.522216796875,178.5561065673828,130.3800048828125,233.56915283203125,121.55825805664062,148.42758178710938,135.40216064453125,68.08843231201172,139.79873657226562,96.08873748779297
2023-07-06,188.99517822265625,176.44070434570312,128.36000061035156,229.5146026611328,119.87311553955078,147.32447814941406,134.06350708007812,66.3351058959961,139.5691375732422,92.50260925292969
2023-07-07,187.8817596435547,176.0266571044922,129.77999877929688,233.9030303955078,119.09001922607422,145.1820526123047,135.121337890625,65.45392608642578,136.6398468017578,92.71829986572266
2023-07-10,185.84213256835938,174.22634887695312,127.12999725341797,237.3660888671875,115.84861755371094,145.41908264160156,135.8795623779297,65.14505767822266,136.69493103027344,94.09344482421875
2023-07-11,185.31991577148438,175.17152404785156,128.77999877929688,241.2202606201172,116.6812515258789,144.61683654785156,138.00462341308594,65.58110809326172,135.97869873046875,95.24388885498047
2023-07-12,186.98512268066406,175.91864013671875,130.8000030517578,241.93577575683594,118.57456970214844,144.11541748046875,138.68800354003906,66.7439193725586,136.68576049804688,95.71125030517578
2023-07-13,187.74380493164062,177.1878662109375,134.3000030517578,244.09181213378906,123.7390365600586,144.78094482421875,139.36203002929688,66.96195220947266,136.777587890625,93.95862579345703
2023-07-14,187.89158630371094,174.60440063476562,134.67999267578125,243.86282348632812,124.6014175415039,145.74728393554688,140.2045440673828,66.4986343383789,137.78768920898438,90.72301483154297
2023-07-17,191.1431884765625,167.6641387939453,133.55999755859375,245.61822509765625,123.9670181274414,145.01795959472656,143.58396911621094,66.0080795288086,136.81434631347656,91.11847686767578
2023-07-18,190.88697814941406,167.24105834960938,132.8300018310547,251.6761932373047,122.9955825805664,145.0088348388672,143.84609985351562,65.45392608642578,137.0714111328125,90.70503234863281
2023-07-19,192.23687744140625,170.22962951660156,135.36000061035156,251.90631103515625,121.70693969726562,144.71714782714844,144.39842224121094,65.49932861328125,138.00808715820312,91.33419799804688
2023-07-20,190.2957763671875,166.21487426757812,129.9600067138672,250.31475830078125,118.4853515625,153.50555419921875,146.1770477294922,67.31624603271484,139.1271514892578,92.94300079345703
2023-07-21,189.12326049804688,166.43092346191406,130.0,247.0167236328125,119.25853729248047,155.15565490722656,145.05369567871094,68.95146179199219,141.31715393066406,93.37439727783203
2023-07-24,189.9213409423828,171.7778778076172,128.8000030517578,248.665771484375,120.81480407714844,155.96701049804688,147.9088897705078,68.58807373046875,141.76995849609375,94.83942413330078
2023-07-25,190.77857971191406,168.14122009277344,129.1300048828125,251.2447052001953,121.71686553955078,157.1613311767578,146.80426025390625,68.5335693359375,142.10263061523438,94.98324584960938
2023-07-26,191.6456756591797,171.01272583007812,128.14999389648438,247.65911865234375,128.52682495117188,157.462158203125,147.6842041015625,67.56153106689453,142.25047302246094,94.45294952392578
2023-07-27,190.38446044921875,173.93826293945312,128.25,247.63987731933594,128.73497009277344,158.34649658203125,146.0553741455078,66.5622329711914,140.55941772460938,94.74956512451172
2023-07-28,192.95614624023438,170.1035614013672,132.2100067138672,249.6820068359375,131.8475341796875,159.06666564941406,146.88851928710938,66.18069458007812,144.5329132080078,93.61708068847656
2023-07-31,193.56707763671875,171.30978393554688,133.67999267578125,254.22642517089844,131.94668579101562,152.7306365966797,147.8714599609375,66.58949279785156,144.4312286376953,96.38533782958984
2023-08-01,192.73941040039062,172.14694213867188,131.69000244140625,276.7374267578125,130.7373046875,153.970458984375,147.1412353515625,65.56292724609375,144.3850555419922,95.82808685302734
2023-08-02,189.7538604736328,171.58883666992188,128.2100067138672,275.7019958496094,127.51573944091797,154.900390625,145.4749298095703,65.32674407958984,144.69921875,94.63272094726562
2023-08-03,188.36456298828125,167.20504760742188,128.91000366210938,269.83453369140625,127.64460754394531,155.56588745117188,146.3643035888672,63.68244934082031,145.07810974121094,96.27748107910156
2023-08-04,179.3192596435547,166.32290649414062,139.57000732421875,265.0312805175781,127.41661834716797,154.1072235107422,146.0553741455078,62.83757781982422,143.4886932373047,96.547119140625
2023-08-07,176.225341796875,165.1977081298828,142.22000122070312,270.0262451171875,130.78689575195312,157.80859375,146.7480926513672,62.356101989746094,145.00416564941406,96.34937286376953
2023-08-08,177.16140747070312,166.1788330078125,139.94000244140625,271.21514892578125,130.687744140625,157.88150024414062,145.92430114746094,62.41969680786133,145.1612548828125,96.82573699951172
2023-08-09,175.57504272460938,168.42030334472656,137.85000610351562,272.7874450683594,129.01251220703125,157.78123474121094,143.9677734375,62.61046600341797,144.97645568847656,98.47050476074219
2023-08-10,175.3582305908203,168.27621459960938,138.55999755859375,272.106689453125,129.07200622558594,156.96072387695312,143.75245666503906,62.03815460205078,144.25567626953125,98.97383117675781
2023-08-11,175.4174346923828,168.4292755126953,138.41000366210938,273.4488830566406,129.03237915039062,158.49234008789062,144.58563232421875,62.61046600341797,145.09658813476562,100.51072692871094
2023-08-14,177.06517028808594,168.46527099609375,140.57000732421875,272.7969665527344,130.6778564453125,158.1185302734375,144.88519287109375,62.2834358215332,143.95997619628906,100.59163665771484
2023-08-15,175.0819854736328,167.1150360107422,137.6699981689453,265.9228820800781,129.13148498535156,157.66268920898438,141.1968536376953,61.1842041015625,143.03590393066406,98.00910949707031
2023-08-16,174.21372985839844,160.2198028564453,135.07000732421875,263.1809997558594,127.98162841796875,157.1613311767578,140.59771728515625,61.37498092651367,141.57589721679688,96.35990905761719
2023-08-17,171.6780242919922,158.7075653076172,133.97999572753906,263.8137512207031,129.31982421875,158.63818359375,139.1373291015625,61.329551696777344,140.55941772460938,98.22657775878906
2023-08-18,172.16148376464844,158.83355712890625,133.22000122070312,262.50018310546875,126.99036407470703,157.25247192382812,139.45559692382812,61.62025451660156,140.9567413330078,99.7126693725586
2023-08-21,173.4934539794922,157.54632568359375,134.67999267578125,261.49359130859375,127.80318450927734,152.56655883789062,139.93304443359375,60.93891906738281,140.24525451660156,98.50748443603516
2023-08-22,174.8649444580078,158.18545532226562,134.25,259.04876708984375,128.55654907226562,151.35401916503906,137.03103637695312,61.3386344909668,140.3007049560547,97.9547348022461
2023-08-23,178.70301818847656,160.08474731445312,135.52000427246094,261.761962890625,132.04580688476562,149.99563598632812,137.95779418945312,61.67475509643555,141.6128692626953,97.09390258789062
2023-08-24,174.0262908935547,159.4636688232422,131.83999633789062,258.1859130859375,129.28016662597656,150.50616455078125,137.8267364501953,61.066104888916016,140.9567413330078,96.36897277832031
2023-08-25,176.22653198242188,159.8057403564453,133.25999450683594,261.3113708496094,129.54783630371094,152.66412353515625,137.65823364257812,61.73836135864258,141.8808135986328,98.09066009521484
2023-08-28,177.78546142578125,160.38182067871094,133.13999938964844,263.44940185546875,130.63821411132812,150.86428833007812,138.13568115234375,61.7928581237793,142.10263061523438,98.91525268554688
2023-08-29,181.66299438476562,163.37937927246094,134.91000366210938,268.47308349609375,134.30589294433594,150.88265991210938,139.25904846191406,61.75444412231445,142.185791015625,99.50425720214844
2023-08-30,185.1458740234375,164.0814971923828,135.07000732421875,270.6781921386719,135.73324584960938,150.35006713867188,138.69737243652344,61.3702507019043,142.3428497314453,100.47383117675781
2023-08-31,185.36293029785156,163.21737670898438,138.00999450683594,269.5277404785156,136.1496124267578,148.46759033203125,136.9842529296875,61.10498809814453,142.62008666992188,100.75472259521484
2023-09-01,186.93173217773438,162.74024963378906,138.1199951171875,274.43646240234375,135.6044158935547,147.36566162109375,137.4429168701172,61.169010162353516,142.7771759033203,102.8660659790039
2023-09-05,187.1685333251953,162.40719604492188,137.27000427246094,270.0071105957031,135.51519775390625,147.54928588867188,135.92640686035156,60.556129455566406,140.8643798828125,102.87512969970703
2023-09-06,180.4691619873047,160.23779296875,135.36000061035156,271.22467041015625,134.1869354248047,145.0974884033203,135.7017364501953,60.08961868286133,140.58714294433594,103.7631607055664
2023-09-07,175.19053649902344,164.3245391845703,137.85000610351562,269.81536865234375,135.00965881347656,146.95240783691406,134.54092407226562,60.60186004638672,141.92701721191406,103.25569152832031
2023-09-08,175.80224609375,162.83026123046875,138.22999572753906,270.6302795410156,136.00091552734375,147.4391326904297,134.6438751220703,61.132415771484375,141.31715393066406,104.7599105834961
2023-09-11,176.9665069580078,162.2811737060547,143.10000610351562,270.4097595214844,136.53619384765625,149.3675079345703,135.23367309570312,61.772743225097656,142.99893188476562,103.44600677490234
2023-09-12,173.94735717773438,161.3000030517578,141.22999572753906,270.1796569824219,134.8808135986328,150.2123260498047,136.9935760498047,61.95569610595703,140.4855194091797,106.46347045898438
2023-09-13,171.88522338867188,159.28363037109375,144.85000610351562,264.53271484375,136.2982940673828,150.5888214111328,137.05909729003906,62.59599685668945,141.46499633789062,105.51200866699219
2023-09-14,173.39480590820312,163.0012969970703,144.72000122070312,270.898681640625,137.77528381347656,150.3592529296875,139.71774291992188,63.373531341552734,143.01742553710938,107.39680480957031
2023-09-15,172.67454528808594,162.1551513671875,140.38999938964844,267.6294860839844,137.09130859375,148.2563934326172,139.3058319091797,62.78810501098633,141.81614685058594,105.74760437011719
2023-09-18,175.59503173828125,161.60606384277344,139.97999572753906,269.34552001953125,137.7455291748047,149.1930389404297,139.5960235595703,62.422210693359375,142.3521270751953,106.59939575195312
2023-09-19,176.680419921875,159.6527099609375,137.6300048828125,268.12799072265625,137.6166534423828,148.94508361816406,139.41815185546875,61.827613830566406,141.936279296875,106.31848907470703
2023-09-20,173.1481475830078,159.6977081298828,135.2899932861328,267.1116943359375,133.41371154785156,149.5970916748047,138.82839965820312,61.608089447021484,141.81614685058594,105.47578430175781
2023-09-21,171.60894775390625,152.4154052734375,129.3300018310547,260.80328369140625,130.2119598388672,148.44923400878906,137.74249267578125,61.20560073852539,140.58714294433594,103.98969268798828
2023-09-22,172.45748901367188,149.61590576171875,129.1199951171875,261.79071044921875,130.10292053222656,147.38401794433594,136.4225311279297,61.92824935913086,140.06967163085938,104.15279388427734
2023-09-25,173.73025512695312,149.17483520507812,131.27000427246094,262.95086669921875,131.01487731933594,147.16360473632812,137.09652709960938,61.71784973144531,139.21951293945312,105.32173156738281
2023-09-26,169.665283203125,146.64537048339844,125.9800033569336,258.3968200683594,128.3186492919922,146.02493286132812,135.6736602783203,59.76944351196289,137.9812774658203,105.48483276367188
2023-09-27,168.1556854248047,143.746826171875,125.9800033569336,261.4551696777344,130.31109619140625,144.2710418701172,136.4693603515625,54.84811782836914,136.15162658691406,108.91913604736328
2023-09-28,168.41221618652344,146.1142578125,125.9800033569336,264.8394775390625,131.96649169921875,144.0598602294922,138.16375732421875,52.21365737915039,135.22755432128906,108.25764465332031
2023-09-29,168.92529296875,148.0316162109375,127.12000274658203,261.7332458496094,130.6976776123047,143.02218627929688,135.75791931152344,52.405757904052734,134.78399658203125,106.5450210571289
2023-10-02,171.43136596679688,145.56515502929688,129.4600067138672,260.5061340332031,133.98866271972656,142.47122192382812,134.58773803710938,47.70395278930664,134.16490173339844,104.77803039550781
2023-10-03,170.09938049316406,142.31561279296875,124.72000122070312,257.86956787109375,132.135009765625,142.6456756591797,133.59542846679688,48.28024673461914,134.442138671875,104.95926666259766
2023-10-04,171.34255981445312,141.93753051757812,127.0,254.0922088623047,135.0790557861328,142.81100463867188,134.19459533691406,46.30439758300781,134.8856964111328,101.03564453125
2023-10-05,172.57591247558594,142.8647003173828,125.95999908447266,250.03672790527344,134.80148315429688,144.29861450195312,134.76036071777344,45.23414993286133,132.8804473876953,98.76119995117188
2023-10-06,175.1214599609375,143.6388397216797,127.95999908447266,255.06044006347656,137.5175323486328,144.7577667236328,136.83506774902344,45.95679473876953,133.14845275878906,97.11201477050781
2023-10-09,176.60147094726562,145.84422302246094,128.25999450683594,260.1033935546875,138.28082275390625,145.58419799804688,136.5238800048828,45.115230560302734,132.47384643554688,100.51006317138672
2023-10-10,176.00942993164062,144.1711883544922,129.47999572753906,261.9345703125,137.98341369628906,145.4188995361328,137.35372924804688,47.18255615234375,133.7860107421875,100.08418273925781
2023-10-11,177.400634765625,150.59051513671875,131.8300018310547,261.5702209472656,140.46157836914062,143.41705322265625,137.82525634765625,48.97545623779297,132.1411895751953,96.49584197998047
2023-10-12,178.2985076904297,149.33575439453125,132.3300018310547,258.483154296875,139.0639190673828,143.55479431152344,137.50462341308594,48.48149490356445,132.43690490722656,96.47772216796875
2023-10-13,176.46331787109375,151.80892944335938,129.7899932861328,256.882080078125,137.36886596679688,144.0322723388672,139.56991577148438,49.84446334838867,133.702880859375,99.55863952636719
2023-10-16,176.3350372314453,153.82745361328125,132.5500030517578,259.6144714355469,139.26217651367188,144.65673828125,139.42845153808594,49.74384307861328,134.97805786132812,99.63111877441406
2023-10-17,174.78599548339844,151.7634735107422,131.47000122070312,261.39764404296875,139.75778198242188,143.3343963623047,139.12667846679688,49.55173873901367,135.15367126464844,100.93596649169922
2023-10-18,173.4934539794922,148.0082244873047,128.1300048828125,248.52195739746094,138.062744140625,140.2489776611328,137.59893798828125,48.70103073120117,138.6373748779297,102.34956359863281
2023-10-19,173.1185760498047,144.96224975585938,128.39999389648438,242.4532012939453,137.76535034179688,139.8724822998047,137.0142364501953,47.92350387573242,137.85716247558594,102.4129867553711
2023-10-20,170.572998046875,145.56234741210938,125.16999816894531,240.14999389648438,135.54493713378906,140.49693298339844,134.80752563476562,47.5301513671875,137.67120361328125,100.65506744384766
2023-10-23,170.69137573242188,144.83494567871094,126.55999755859375,238.33827209472656,136.69479370117188,139.0184783935547,132.9686279296875,47.12766647338867,137.76419067382812,99.17802429199219
2023-10-24,171.12550354003906,148.4174041748047,128.55999755859375,240.48728942871094,138.89540100097656,138.8715362548828,133.12892150878906,50.420753479003906,139.39149475097656,98.21751403808594
2023-10-25,168.81675720214844,147.23538208007812,121.38999938964844,236.04470825195312,125.56295013427734,139.18377685546875,132.40280151367188,51.646514892578125,140.04244995117188,98.39873504638672
2023-10-26,164.6629180908203,159.17384338378906,119.56999969482422,233.6258544921875,122.3611831665039,136.82382202148438,132.7422637939453,52.6618766784668,139.298583984375,97.50165557861328
2023-10-27,165.97518920898438,156.3824462890625,127.73999786376953,229.89639282226562,122.32151794433594,133.70164489746094,127.96107482910156,51.44526672363281,136.84359741210938,95.64405059814453
2023-10-30,168.0175323486328,156.97348022460938,132.7100067138672,233.36566162109375,124.65098571777344,135.01478576660156,129.59251403808594,52.323421478271484,138.79637145996094,95.94307708740234
2023-10-31,168.4911346435547,162.0198516845703,133.08999633789062,217.84072875976562,124.20491790771484,136.2177276611328,131.13909912109375,53.32964324951172,139.5124053955078,95.91590118408203
2023-11-01,171.64842224121094,162.19261169433594,137.0,223.4108123779297,126.455078125,136.53912353515625,131.02593994140625,53.44855499267578,139.12185668945312,95.7256088256836
2023-11-02,175.2003936767578,167.43898010253906,138.07000732421875,230.43606567382812,127.45625305175781,137.9624481201172,133.3647003173828,54.8023796081543,140.82354736328125,98.86994934082031
2023-11-03,174.2926788330078,173.2764129638672,138.60000610351562,232.00685119628906,129.23060607910156,138.9726104736328,134.8546905517578,54.31755828857422,139.5496063232422,97.66476440429688
2023-11-06,176.83824157714844,169.75758361816406,139.74000549316406,229.62657165527344,130.30116271972656,139.30316162109375,135.8731689453125,54.006553649902344,140.3585968017578,95.93402862548828
2023-11-07,179.39369201660156,168.62100219726562,142.7100067138672,226.3885955810547,131.24285888671875,138.56854248046875,135.80715942382812,53.47600173950195,140.03314208984375,94.42981719970703
2023-11-08,180.4493865966797,167.68446350097656,142.0800018310547,226.29222106933594,132.09535217285156,138.06346130371094,136.47671508789062,52.59784698486328,139.4937744140625,93.26994323730469
2023-11-09,179.97581481933594,165.338623046875,140.60000610351562,225.64654541015625,130.5390625,135.37289428710938,136.07119750976562,50.05485916137695,139.80995178222656,93.29712677001953
2023-11-10,184.15484619140625,167.1116485595703,143.55999755859375,230.9757080078125,132.8883514404297,135.216796875,138.0893096923828,50.43904495239258,140.79566955566406,94.01298522949219
2023-11-13,182.5741424560547,166.9570770263672,142.58999633789062,232.89344787597656,132.47203063964844,135.5657501220703,137.47633361816406,49.85361099243164,141.7720489501953,95.00068664550781
2023-11-14,185.1823272705078,176.57696533203125,145.8000030517578,238.8586883544922,134.24635314941406,135.5933074951172,139.98483276367188,52.64357376098633,141.45590209960938,95.3664779663086
2023-11-15,185.74546813964844,178.10452270507812,143.1999969482422,241.97132873535156,135.18809509277344,136.64013671875,141.21078491210938,52.14046859741211,140.80496215820312,94.79036712646484
2023-11-16,187.4250030517578,181.04139709472656,142.8300018310547,239.19593811035156,137.48779296875,137.8339080810547,142.82337951660156,51.77457046508789,142.11610412597656,93.69305419921875
2023-11-17,187.40524291992188,179.7957305908203,145.17999267578125,243.87945556640625,135.74319458007812,137.5492401123047,144.11537170410156,52.47892761230469,140.47952270507812,95.97914123535156
2023-11-20,189.14405822753906,181.52333068847656,146.1300048828125,241.35459899902344,136.71463012695312,138.76181030273438,144.55857849121094,52.45148468017578,139.735595703125,95.55848693847656
2023-11-21,188.34378051757812,179.61387634277344,143.89999389648438,240.3523712158203,137.40850830078125,139.88182067871094,144.25682067871094,53.03692626953125,139.12185668945312,95.52192687988281
2023-11-22,189.00572204589844,180.75042724609375,146.7100067138672,237.07583618164062,138.79627990722656,139.6041717529297,144.5963134765625,52.99818420410156,140.4329833984375,95.11042785644531
2023-11-24,187.681884765625,181.2323455810547,146.74000549316406,238.37680053710938,137.01202392578125,141.15919494628906,144.79432678222656,53.071956634521484,140.7677764892578,95.62250518798828
2023-11-27,187.50401306152344,182.9508514404297,147.72999572753906,238.40573120117188,136.84347534179688,140.02993774414062,144.4642791748047,53.09963607788086,140.63758850097656,95.06470489501953
2023-11-28,188.106689453125,184.7784423828125,147.02999877929688,238.51173400878906,137.40850830078125,140.35389709472656,144.79432678222656,53.63449478149414,141.61395263671875,95.00984191894531
2023-11-29,187.08908081054688,187.46983337402344,146.32000732421875,240.3909149169922,135.20790100097656,140.79820251464844,145.5299072265625,53.81894302368164,140.53529357910156,93.58331298828125
2023-11-30,187.66207885742188,189.8339080810547,146.08999633789062,241.61477661132812,132.7495880126953,143.1585693359375,147.18966674804688,53.957271575927734,142.75775146484375,93.94908905029297
2023-12-01,188.93655395507812,191.37054443359375,147.02999877929688,247.4354705810547,132.15484619140625,146.60195922851562,147.90635681152344,54.5659065246582,141.95803833007812,94.17768096923828
2023-12-04,187.14834594726562,189.78843688964844,144.83999633789062,245.4984588623047,129.4883270263672,147.06475830078125,148.99085998535156,54.104820251464844,141.4001007080078,93.66561889648438
2023-12-05,191.09027099609375,191.31597900390625,146.8800048828125,245.92247009277344,131.23292541503906,146.75930786132812,148.97198486328125,53.69904708862305,136.4716339111328,91.84588623046875
2023-12-06,190.00355529785156,191.63418579101562,144.52000427246094,246.6741180419922,130.28135681152344,144.97280883789062,147.4065704345703,55.51576614379883,136.36935424804688,90.62969207763672
2023-12-07,191.93006896972656,191.59783935546875,146.8800048828125,248.06187438964844,137.239990234375,143.84353637695312,147.85919189453125,55.19300079345703,136.2298583984375,89.99872589111328
2023-12-08,193.3527374267578,187.71530151367188,147.4199981689453,250.07591247558594,135.44583129882812,142.93643188476562,149.4906768798828,55.05467224121094,134.97450256347656,91.03205108642578
2023-12-11,190.85316467285156,186.9424591064453,145.88999938964844,251.44436645507812,133.5227508544922,143.52882385253906,150.0376434326172,55.06389236450195,135.5975341796875,91.09605407714844
2023-12-12,192.3647918701172,186.4423828125,147.47999572753906,251.93588256835938,132.47203063964844,143.53807067871094,151.37677001953125,54.888668060302734,135.7091064453125,89.66039276123047
2023-12-13,195.57559204101562,191.8887939453125,148.83999633789062,258.23834228515625,132.7991485595703,144.2045440673828,151.88597106933594,57.646026611328125,138.16404724121094,90.45594024658203
2023-12-14,195.72381591796875,192.91627502441406,147.4199981689453,274.81365966796875,132.03587341308594,145.2042236328125,154.64910888671875,57.8950080871582,134.5188446044922,92.88835144042969
2023-12-15,195.19027709960938,192.89805603027344,149.97000122070312,275.3630065917969,132.6702880859375,143.6214141845703,155.81846618652344,56.714603424072266,133.86793518066406,92.26653289794922
2023-12-18,193.5305633544922,191.57054138183594,154.07000732421875,275.3341064453125,135.9910125732422,143.88055419921875,156.76148986816406,56.253517150878906,135.9230194091797,92.95236206054688
2023-12-19,194.5679168701172,191.8524169921875,153.7899932861328,282.32080078125,136.89308166503906,144.82473754882812,158.85507202148438,56.7791633605957,135.9230194091797,94.17768096923828
2023-12-20,192.4833221435547,191.95245361328125,152.1199951171875,279.1888427734375,138.43942260742188,141.8719482421875,157.0632781982422,55.183773040771484,133.8214569091797,92.60486602783203
2023-12-21,192.33511352539062,194.8347930908203,153.83999633789062,279.5357971191406,140.5607147216797,143.32518005371094,157.9591827392578,54.96245193481445,134.14688110351562,93.02550506591797
2023-12-22,191.2681121826172,195.6621856689453,153.4199981689453,279.8151550292969,141.47268676757812,143.89910888671875,157.8648681640625,55.10077667236328,135.09539794921875,93.19011688232422
2023-12-26,190.72476196289062,196.61692810058594,153.41000366210938,284.8938903808594,141.57180786132812,144.5285186767578,158.79844665527344,55.52499008178711,135.7091064453125,93.40042877197266
2023-12-27,190.8235626220703,198.6147918701172,153.33999633789062,287.2933654785156,140.203857421875,144.72291564941406,159.7509307861328,55.86619186401367,135.82070922851562,92.96150207519531
2023-12-28,191.24839782714844,199.01805114746094,153.3800048828125,286.0984802246094,140.04525756835938,144.935791015625,160.59967041015625,56.2719612121582,135.5138397216797,91.61727905273438
2023-12-29,190.2110137939453,197.844970703125,151.94000244140625,284.9323425292969,139.69830322265625,145.08392333984375,160.41107177734375,56.01374053955078,136.2670440673828,91.42523956298828
2024-01-02,183.40402221679688,200.53018188476562,149.92999267578125,282.0798645019531,138.34030151367188,148.07369995117188,162.27828979492188,56.7791633605957,138.3128662109375,93.60161590576172
2024-01-03,182.03074645996094,196.75437927246094,148.47000122070312,273.97528076171875,139.13330078125,148.99932861328125,161.57102966308594,57.166481018066406,137.47592163085938,94.38802337646484
2024-01-04,179.71896362304688,197.46005249023438,144.57000732421875,275.7099914550781,136.8335723876953,148.68463134765625,162.64321899414062,56.99126052856445,138.22915649414062,93.56501770019531
2024-01-05,178.99774169921875,196.37863159179688,145.24000549316406,278.4371643066406,136.18923950195312,149.14744567871094,163.459228515625,57.24947738647461,137.0854034423828,93.84850311279297
2024-01-08,183.32496643066406,198.0282440185547,149.10000610351562,281.63665771484375,139.30184936523438,149.5177001953125,163.22203063964844,58.02411651611328,138.26634216308594,92.28482055664062
2024-01-09,182.91004943847656,194.16079711914062,151.3699951171875,281.6751708984375,141.3140869140625,149.61026000976562,161.9315643310547,57.18492889404297,138.83358764648438,91.14177703857422
2024-01-10,183.94737243652344,191.51223754882812,153.72999572753906,282.69659423828125,142.54324340820312,149.8323974609375,162.27316284179688,57.43391799926758,139.4287109375,90.24562072753906
2024-01-11,183.3546142578125,190.30250549316406,155.17999267578125,281.4534606933594,142.41436767578125,149.1659393310547,161.5900115966797,55.995304107666016,139.95872497558594,90.22732543945312
2024-01-12,183.68064880371094,191.93380737304688,154.6199951171875,279.8634338378906,142.97940063476562,150.313720703125,160.40391540527344,56.29039764404297,140.04244995117188,91.3978042602539
2024-01-16,181.41819763183594,190.6691131591797,153.16000366210938,276.7989501953125,142.82080078125,148.58279418945312,159.3981475830078,55.65409469604492,139.2892303466797,89.33119201660156
2024-01-17,180.47967529296875,187.82806396484375,151.7100067138672,268.5112609863281,141.6411895751953,148.49948120117188,158.54415893554688,53.73594284057617,139.4287109375,88.68194580078125
2024-01-18,186.35800170898438,186.87496948242188,153.5,271.66241455078125,143.7228240966797,149.22149658203125,158.85728454589844,53.16417694091797,138.62489318847656,88.5173568725586
2024-01-19,189.25271606445312,186.83831787109375,155.33999633789062,276.1933898925781,146.67681884765625,149.65650939941406,161.59945678710938,52.804527282714844,138.09152221679688,88.65449523925781
2024-01-22,191.5546417236328,186.9757843017578,154.77999877929688,279.4753723144531,146.41909790039062,150.38778686523438,161.40972900390625,52.42643737792969,138.36288452148438,88.53564453125
2024-01-23,192.82907104492188,185.36282348632812,156.02000427246094,279.6303405761719,147.38059997558594,147.92559814453125,160.3470001220703,52.915199279785156,144.0897674560547,89.5323715209961
2024-01-24,192.1572723388672,180.32228088378906,156.8699951171875,281.42138671875,149.0360107421875,147.13880920410156,161.77975463867188,52.573978424072266,142.34925842285156,91.07775115966797
2024-01-25,191.83126831054688,183.48406982421875,157.75,291.18994140625,152.29725646972656,147.6941680908203,164.09495544433594,53.468509674072266,145.6244354248047,93.39128112792969
2024-01-26,190.10232543945312,180.80799865722656,159.1199951171875,289.8927001953125,152.4459228515625,147.63865661621094,163.46871948242188,53.92959976196289,146.1110382080078,94.18682861328125
2024-01-29,189.420654296875,182.47596740722656,161.25999450683594,293.5910339355469,153.4867401123047,147.50906372070312,163.89572143554688,54.93478775024414,146.1297607421875,94.30572509765625
2024-01-30,185.77511596679688,179.22254943847656,159.0,295.05291748046875,151.71238708496094,146.9629364013672,167.254638671875,54.66735076904297,147.3743133544922,95.8785400390625
2024-01-31,182.17892456054688,179.30502319335938,155.1999969482422,290.74462890625,140.5607147216797,147.08326721191406,165.4423370361328,54.06793212890625,147.04681396484375,94.01310729980469
2024-02-01,184.60931396484375,181.81613159179688,159.27999877929688,297.8896179199219,141.46278381347656,146.5834197998047,164.8445281982422,55.10077667236328,148.95578002929688,93.62903594970703
2024-02-02,183.6114959716797,177.34381103515625,171.80999755859375,305.0538635253906,142.28550720214844,144.96356201171875,165.7934112548828,53.625282287597656,147.935791015625,93.2449722290039
2024-02-05,185.41944885253906,173.64129638671875,170.30999755859375,311.1628723144531,143.66334533691406,144.21380615234375,165.57518005371094,51.614906311035156,148.048095703125,92.86092376708984
2024-02-06,187.01992797851562,175.65750122070312,169.14999389648438,312.4408264160156,144.13914489746094,146.3057403564453,166.1444854736328,51.85467529296875,148.7499237060547,93.50101470947266
2024-02-07,187.1286163330078,177.44461059570312,170.52999877929688,313.28314208984375,145.3980712890625,146.23167419433594,166.4575958251953,51.993003845214844,148.89962768554688,93.47359466552734
2024-02-08,186.0517578125,177.46295166015625,169.83999633789062,311.74383544921875,145.933349609375,144.76914978027344,165.85984802246094,51.91000747680664,148.45046997070312,95.0738525390625
2024-02-09,186.81344604492188,178.1960906982422,174.4499969482422,307.0579528808594,148.90713500976562,145.1024169921875,166.05908203125,52.17744445800781,147.30882263183594,93.06208801269531
2024-02-12,185.13172912597656,175.74917602539062,172.33999633789062,311.3855895996094,147.4301300048828,146.11134338378906,166.79922485351562,53.071956634521484,147.0187530517578,94.34229278564453
2024-02-13,183.0445098876953,172.6790313720703,168.63999938964844,302.8755187988281,145.09078979492188,144.833984375,165.34742736816406,50.950931549072266,146.23268127441406,93.53009796142578
2024-02-14,182.16409301757812,172.74319458007812,170.97999572753906,306.62225341796875,145.8540496826172,144.15829467773438,167.02694702148438,51.651790618896484,145.63380432128906,93.06863403320312
2024-02-15,181.8772430419922,173.6321563720703,169.8000030517578,312.7796936035156,142.6820068359375,146.1761474609375,170.67050170898438,52.813751220703125,146.92515563964844,95.73593139648438
2024-02-16,180.3439483642578,171.49679565429688,169.50999450683594,311.6566467285156,140.5210418701172,146.00827026367188,169.8734893798828,52.5924186706543,147.3930206298828,95.73593139648438
2024-02-20,179.60203552246094,172.6606903076172,167.0800018310547,303.74688720703125,140.95721435546875,147.2300567626953,170.53768920898438,52.205108642578125,148.32879638671875,94.83145141601562
2024-02-21,180.3538360595703,172.49574279785156,168.58999633789062,307.03863525390625,142.5828857421875,147.99481201171875,171.64788818359375,52.656978607177734,150.097412109375,96.76960754394531
2024-02-22,182.38172912597656,172.30325317382812,174.5800018310547,311.83087158203125,144.04995727539062,149.64564514160156,173.70687866210938,52.260433197021484,150.24713134765625,96.68655395507812
2024-02-23,180.55169677734375,174.06289672851562,174.99000549316406,313.56396484375,144.0202178955078,150.9420623779297,174.57980346679688,52.361881256103516,150.6869659423828,95.83744812011719
2024-02-26,179.20635986328125,172.0375213623047,174.72999572753906,315.0161437988281,137.53738403320312,149.9627685546875,173.98204040527344,51.32422637939453,149.92897033691406,96.21585083007812
2024-02-27,180.66049194335938,171.08438110351562,173.5399932861328,317.1944885253906,138.8755645751953,150.1399383544922,174.06741333007812,51.705787658691406,149.0680694580078,96.01280975341797
2024-02-28,179.46353149414062,177.57290649414062,173.16000366210938,319.0629577636719,136.2288818359375,150.6715850830078,174.9498748779297,51.221858978271484,149.76988220214844,96.28045654296875
2024-02-29,178.80076599121094,182.24684143066406,176.75999450683594,323.3228454589844,138.55838012695312,150.51304626464844,176.54393005371094,51.3614501953125,148.73117065429688,96.46503448486328
2024-03-01,177.72251892089844,184.90460205078125,178.22000122070312,325.9755554199219,136.8732452392578,151.2032012939453,175.8133087158203,51.380062103271484,148.64698791503906,97.68331146240234
2024-03-04,173.2117156982422,188.92779541015625,177.5800018310547,327.86346435546875,133.02711486816406,149.07672119140625,177.13221740722656,51.156715393066406,149.3113555908203,96.31736755371094
2024-03-05,168.28541564941406,188.25880432128906,174.1199951171875,322.9065246582031,132.61077880859375,149.19796752929688,178.90660095214844,51.556884765625,149.08677673339844,97.49873352050781
2024-03-06,167.2961883544922,188.7995147705078,173.50999450683594,324.93963623046875,131.40147399902344,148.61041259765625,179.83648681640625,51.6778678894043,149.3207550048828,98.54164123535156
2024-03-07,167.177490234375,187.62646484375,176.82000732421875,329.3834533691406,134.05804443359375,148.1720428466797,178.2613525390625,52.34791946411133,150.3032989501953,99.09541320800781
2024-03-08,168.8888397216797,189.9909210205078,175.35000610351562,328.38629150390625,135.09890747070312,148.77828979492188,178.59349060058594,53.79970169067383,150.0506134033203,100.02758026123047
2024-03-11,170.8870391845703,189.47772216796875,171.9600067138672,324.30072021484375,137.72572326660156,150.3730926513672,178.6598663330078,53.85553741455078,151.1735382080078,100.61824035644531
2024-03-12,171.3618621826172,187.1223907470703,175.38999938964844,326.4983825683594,138.3997344970703,151.7814483642578,180.130615234375,53.185489654541016,151.52915954589844,99.97220611572266
2024-03-13,169.28456115722656,185.4453125,176.55999755859375,330.6420593261719,139.5397491455078,150.25186157226562,181.59185791015625,55.40969467163086,151.87539672851562,101.08892822265625
2024-03-14,171.1343536376953,182.54928588867188,178.75,331.0293273925781,143.07850646972656,148.48915100097656,178.35626220703125,55.40969467163086,151.1267547607422,102.87942504882812
2024-03-15,170.75845336914062,180.85382080078125,174.4199981689453,335.91845703125,140.927490234375,147.52850341796875,180.56707763671875,55.91223907470703,151.01451110839844,102.6948471069336
2024-03-18,171.8466033935547,179.54330444335938,174.47999572753906,340.6914367675781,147.1823272705078,146.20413208007812,182.80638122558594,55.9959831237793,150.8553924560547,103.64547729492188
2024-03-19,174.18112182617188,180.20315551757812,175.89999389648438,342.627685546875,146.62722778320312,145.69114685058594,183.8785858154297,57.019676208496094,151.43556213378906,104.37459564208984
2024-03-20,176.74319458007812,178.37022399902344,178.14999389648438,345.09649658203125,148.37184143066406,145.27146911621094,186.28868103027344,57.885169982910156,151.58529663085938,104.28230285644531
2024-03-21,169.5219268798828,177.7378692626953,178.14999389648438,352.9481506347656,147.44007873535156,145.2621307373047,188.87904357910156,57.10343933105469,151.46365356445312,104.7437515258789
2024-03-22,170.42210388183594,176.6839599609375,178.8699951171875,346.7036437988281,150.44358825683594,144.77716064453125,186.5638427734375,57.49430465698242,151.27650451660156,104.7437515258789
2024-03-25,169.00755310058594,179.22254943847656,179.7100067138672,344.6124572753906,149.82899475097656,144.767822265625,184.85589599609375,58.266727447509766,149.90089416503906,105.81436157226562
2024-03-26,167.8798370361328,177.884521484375,178.3000030517578,345.0384521484375,150.3741912841797,145.2808074951172,185.71939086914062,57.1685791015625,150.23779296875,105.02063751220703
2024-03-27,171.44100952148438,180.89048767089844,179.8300018310547,353.0353088378906,150.61207580566406,147.32333374023438,189.31552124023438,59.3648681640625,152.16546630859375,106.10969543457031
2024-03-28,169.63075256347656,181.0829620361328,180.3800048828125,354.7586364746094,150.92930603027344,147.53781127929688,190.05563354492188,59.47654342651367,151.82861328125,107.28181457519531
2024-04-01,168.19639587402344,176.8855743408203,180.97000122070312,352.154296875,155.13226318359375,147.1554412841797,188.7651824951172,58.98331069946289,150.265869140625,107.9740219116211
2024-04-02,167.0192108154297,176.1249237060547,180.69000244140625,353.2095642089844,154.50772094726562,147.10879516601562,188.68930053710938,58.51799392700195,150.25650024414062,110.0875473022461
2024-04-03,167.8204803466797,176.24404907226562,182.41000366210938,363.82049560546875,155.00338745117188,143.8724822998047,188.15794372558594,58.21088790893555,146.12039184570312,110.10600280761719
2024-04-04,166.99945068359375,174.4019775390625,180.0,358.0115966796875,150.61207580566406,142.23097229003906,186.72634887695312,59.30902862548828,145.46536254882812,110.4936294555664
2024-04-05,167.75125122070312,174.2828369140625,185.07000732421875,367.2186584472656,152.5946044921875,142.12838745117188,188.4442596435547,59.72781753540039,146.07363891601562,112.01648712158203
2024-04-08,166.63343811035156,172.48658752441406,185.19000244140625,361.5743713378906,154.77537536621094,141.38229370117188,189.42726135253906,60.36064147949219,146.0174560546875,111.25968170166016
2024-04-09,167.8402862548828,176.7022705078125,185.6699981689453,360.0544128417969,156.75790405273438,142.03514099121094,188.1579132080078,60.844566345214844,146.59765625,111.84112548828125
2024-04-10,165.9706573486328,166.75872802734375,185.9499969482422,360.218994140625,156.28211975097656,140.0858612060547,186.5545196533203,59.569602966308594,147.14039611816406,112.78251647949219
2024-04-11,173.15234375,165.1867218017578,189.0500030517578,360.1318359375,159.38473510742188,138.77081298828125,186.51637268066406,59.504459381103516,145.83029174804688,112.40411376953125
2024-04-12,174.6460723876953,165.7045440673828,186.1300048828125,353.984130859375,157.7987518310547,137.58633422851562,174.45286560058594,58.704124450683594,145.3530731201172,111.09355163574219
2024-04-15,170.8277130126953,164.70590209960938,183.6199951171875,352.3188781738281,154.96371459960938,137.65162658691406,174.54832458496094,58.39701461791992,145.46536254882812,110.45671081542969
2024-04-16,167.5533905029297,159.240966796875,183.32000732421875,348.4172668457031,154.63661193847656,134.7230682373047,172.55364990234375,57.41984939575195,145.9332275390625,109.54300689697266
2024-04-17,166.18824768066406,159.06529235839844,181.27999877929688,346.906982421875,155.50892639160156,135.02151489257812,171.8665008544922,59.3648681640625,146.87838745117188,109.4876480102539
2024-04-18,165.23861694335938,158.12210083007812,179.22000122070312,346.5294189453125,156.08389282226562,135.9261932373047,172.98313903808594,59.569602966308594,148.1375732421875,109.3861083984375
2024-04-19,163.2206268310547,158.39950561523438,174.6300048828125,344.6152038574219,154.35903930664062,137.9500732421875,177.3256072998047,59.8394889831543,148.9381103515625,110.64131164550781
2024-04-22,164.0515594482422,159.32420349121094,177.22999572753906,347.48162841796875,156.5695343017578,139.0785675048828,180.77093505859375,60.779422760009766,151.19847106933594,111.2688980102539
2024-04-23,165.10012817382812,161.06260681152344,179.5399932861328,352.9618835449219,158.5223388671875,139.48895263671875,183.37644958496094,61.60768127441406,152.10260009765625,111.70269012451172
2024-04-24,167.19729614257812,160.29510498046875,176.58999633789062,353.22418212890625,159.69203186035156,138.5283203125,184.2735595703125,61.942710876464844,153.1385955810547,111.72114562988281
2024-04-25,168.05789184570312,159.8790283203125,173.6699981689453,328.427001953125,156.5695343017578,136.93348693847656,184.5503387451172,62.259117126464844,153.0915069580078,111.97956085205078
2024-04-26,167.4742431640625,158.7601318359375,179.6199951171875,333.6546936035156,172.1720428466797,136.29925537109375,184.6648712158203,61.41225051879883,151.90481567382812,108.86927032470703
2024-04-29,171.62896728515625,161.81158447265625,180.9600067138672,339.8927917480469,166.43258666992188,136.93348693847656,184.4644317626953,62.74305725097656,152.2532958984375,110.4197998046875
2024-04-30,168.49313354492188,158.63992309570312,175.0,325.09417724609375,163.20111083984375,134.85365295410156,182.99468994140625,62.324275970458984,153.7036895751953,109.1553726196289
2024-05-01,167.4742431640625,163.52227783203125,179.0,321.6932678222656,164.1229705810547,140.99986267089844,183.10919189453125,63.850502014160156,153.8920440673828,107.08802032470703
2024-05-02,171.16403198242188,166.11143493652344,184.72000122070312,325.93951416015625,166.98773193359375,139.82472229003906,182.91831970214844,64.0738525390625,154.3064422607422,107.28181457519531
2024-05-03,181.40240478515625,168.0532989501953,186.2100067138672,327.2124328613281,167.5131072998047,139.21847534179688,181.82077026367188,65.27436828613281,154.89039611816406,107.06033325195312
2024-05-06,179.75042724609375,165.23297119140625,188.6999969482422,332.4109191894531,168.34576416015625,138.57496643066406,183.24282836914062,66.30736541748047,154.8715362548828,107.75252532958984
2024-05-07,180.4329833984375,167.62791442871094,188.75999450683594,335.228759765625,171.4682159423828,138.70550537109375,183.00421142578125,66.95879364013672,156.11471557617188,107.21723175048828
2024-05-08,180.76931762695312,167.6741485595703,188.0,334.7428894042969,169.66412353515625,138.92002868652344,186.72634887695312,67.79637145996094,155.4648895263672,107.19876098632812
2024-05-09,182.57960510253906,172.33457946777344,189.5,341.8167419433594,170.08047485351562,139.7594451904297,188.49195861816406,69.40635681152344,156.37843322753906,109.31228637695312
2024-05-10,181.32156372070312,170.59617614746094,187.47999572753906,344.74151611328125,168.80172729492188,139.8153839111328,189.70404052734375,68.67115783691406,157.1413116455078,108.86927032470703
2024-05-13,184.52110290527344,171.06776428222656,186.57000732421875,346.5779724121094,169.4063720703125,141.0371856689453,189.66583251953125,69.40635681152344,156.2183074951172,108.82312774658203
2024-05-14,185.66018676757812,172.88014221191406,187.07000732421875,348.03546142578125,170.42739868164062,141.1864013671875,192.3190460205078,70.18807983398438,156.11471557617188,109.48372650146484
2024-05-15,187.9285888671875,177.55911254882812,185.99000549316406,349.8428649902344,172.3603515625,142.3895721435547,192.89169311523438,71.70502471923828,156.8210906982422,110.33041381835938
2024-05-16,188.0474395751953,180.2592010498047,183.6300048828125,340.7867736816406,173.8968048095703,143.89111328125,193.2353057861328,71.10943603515625,158.092529296875,109.6698226928711
2024-05-17,188.0771484375,179.861572265625,184.6999969482422,346.1795654296875,175.7405548095703,144.22686767578125,195.449462890625,70.81160736083984,157.8853302001953,111.31668853759766
2024-05-20,189.23614501953125,177.3186798095703,183.5399932861328,352.47607421875,176.9003448486328,142.22427368164062,186.65951538085938,70.60688018798828,157.57452392578125,110.41415405273438
2024-05-21,190.53378295898438,179.51019287109375,183.14999389648438,348.9002685546875,177.97085571289062,142.19606018066406,190.4197998046875,71.6119613647461,158.5540313720703,109.65121459960938
2024-05-22,189.09744262695312,176.9302978515625,183.1300048828125,345.85888671875,176.44435119628906,144.32089233398438,189.26499938964844,71.02565002441406,158.04542541503906,107.44609069824219
2024-05-23,185.11544799804688,172.54727172851562,181.0500030517578,340.7673645019531,173.530029296875,140.7481231689453,187.9384002685547,70.09503173828125,155.86041259765625,105.61314392089844
2024-05-24,188.18612670898438,171.927734375,180.75,339.018310546875,174.78895568847656,138.18138122558594,191.55555725097656,71.2955322265625,155.70974731445312,105.5293960571289
2024-05-28,188.19606018066406,171.09552001953125,182.14999389648438,336.6571350097656,176.46417236328125,135.7462615966797,190.40077209472656,72.15171813964844,153.61892700195312,106.86922454833984
2024-05-29,188.49322509765625,171.36366271972656,182.02000427246094,328.53387451171875,175.8495635986328,135.8026580810547,189.07412719726562,71.36068725585938,152.24388122558594,105.72479248046875
2024-05-30,189.4837646484375,176.41246032714844,179.32000732421875,329.6415710449219,172.0431671142578,136.59243774414062,190.23849487304688,72.76593017578125,153.1197509765625,106.05973815917969
2024-05-31,190.43472290039062,180.99893188476562,176.44000244140625,328.93231201171875,172.43966674804688,137.89930725097656,193.38800048828125,74.46898651123047,154.9656982421875,109.10226440429688
2024-06-03,192.19789123535156,182.1363067626953,178.33999633789062,321.97509765625,172.8956298828125,138.90536499023438,192.6149444580078,72.78768157958984,155.0692901611328,106.48773193359375
2024-06-04,192.514892578125,185.31723022460938,179.33999633789062,318.2924499511719,173.5994110107422,138.96176147460938,190.0762481689453,72.26315307617188,157.29196166992188,104.83158111572266
2024-06-05,194.02052307128906,183.26441955566406,181.27999877929688,320.119140625,175.5224609375,137.24119567871094,188.26290893554688,72.16950225830078,156.38784790039062,105.25027465820312
2024-06-06,192.6436767578125,184.46652221679688,185.0,318.9920349121094,176.79127502441406,137.66427612304688,187.92889404296875,71.84165954589844,158.66700744628906,106.04114532470703
2024-06-07,195.03086853027344,179.63038635253906,184.3000030517578,319.6236267089844,174.4122772216797,138.28482055664062,190.8302001953125,70.6146469116211,157.3390655517578,104.90602111816406
2024-06-10,191.29647827148438,180.0557861328125,187.05999755859375,320.2746276855469,175.28558349609375,138.33181762695312,190.50572204589844,72.09455871582031,157.61221313476562,105.21305084228516
2024-06-11,205.19403076171875,178.71498107910156,187.22999572753906,318.039794921875,176.8336944580078,137.9839630126953,185.49517822265625,68.13249969482422,157.734619140625,104.36637878417969
2024-06-12,211.05812072753906,179.2235565185547,186.88999938964844,319.4195556640625,178.1932373046875,136.71469116210938,182.7942352294922,67.68290710449219,155.56846618652344,103.21263122558594
2024-06-13,212.2170867919922,181.9606170654297,183.8300018310547,317.1166687011719,175.39471435546875,136.7522735595703,184.8271026611328,68.54463195800781,156.72689819335938,102.38455200195312
2024-06-14,210.48362731933594,183.70416259765625,183.66000366210938,312.3652038574219,177.0122833251953,136.83688354492188,184.94163513183594,68.43221282958984,157.0847930908203,101.51924896240234
2024-06-17,214.6240997314453,179.27540588378906,184.05999755859375,313.2688903808594,177.41920471191406,137.2223663330078,186.08689880371094,67.729736328125,157.75347900390625,100.8214340209961
2024-06-18,212.2666015625,179.74156188964844,182.80999755859375,315.9312438964844,175.10691833496094,136.9403076171875,188.0147705078125,65.97818756103516,158.75180053710938,101.77047729492188
2024-06-20,207.7001190185547,181.03756713867188,186.10000610351562,319.8082580566406,176.3573455810547,138.9429473876953,189.60861206054688,67.87023162841797,157.91357421875,103.96627807617188
2024-06-21,205.53079223632812,181.6715850830078,189.0800018310547,318.5547790527344,178.88792419433594,139.85494995117188,187.34669494628906,68.19806671142578,158.46925354003906,103.05445098876953
2024-06-24,206.17465209960938,183.107421875,185.57000732421875,320.653564453125,179.41390991210938,140.2028045654297,189.8090057373047,69.17217254638672,158.648193359375,106.11558532714844
2024-06-25,207.09588623046875,179.64834594726562,186.33999633789062,318.1272277832031,184.16741943359375,138.3882293701172,189.03598022460938,68.35728454589844,157.1413116455078,106.41332244873047
2024-06-26,211.2364044189453,179.6390380859375,193.61000061035156,317.4762268066406,183.9590301513672,138.0403594970703,188.42514038085938,68.72260284423828,157.7063751220703,106.45053100585938
2024-06-27,212.07838439941406,182.10980224609375,197.85000610351562,318.1855163574219,185.43768310546875,137.08135986328125,190.08578491210938,69.05043029785156,156.9246826171875,106.90644073486328
2024-06-28,208.63125610351562,181.23338317871094,193.25,323.6657409667969,182.02386474609375,137.41983032226562,193.0348358154297,66.3247299194336,155.32359313964844,107.11114501953125
2024-07-01,214.70333862304688,180.897705078125,197.1999969482422,319.7596740722656,183.0857391357422,137.68309020996094,196.07936096191406,65.47239685058594,153.2516326904297,106.96226501464844
2024-07-02,218.19012451171875,179.26611328125,200.0,318.47705078125,185.18960571289062,137.297607421875,199.30519104003906,66.00628662109375,154.36294555664062,106.23653411865234
2024-07-03,219.45802307128906,181.6156463623047,197.58999633789062,321.24627685546875,185.96363830566406,136.97793579101562,199.1715850830078,67.28013610839844,154.29702758789062,106.77618408203125
2024-07-05,224.20281982421875,182.40814208984375,200.0,319.05029296875,190.49887084960938,137.72067260742188,196.532470703125,67.52367401123047,155.5967254638672,105.4828872680664
2024-07-08,225.6688690185547,182.90228271484375,199.2899932861328,319.7402038574219,189.03012084960938,136.7804718017578,196.89710998535156,67.54240417480469,156.83050537109375,104.37567138671875
2024-07-09,226.52072143554688,182.70652770996094,199.33999633789062,316.8251953125,188.99044799804688,138.25657653808594,199.2579345703125,67.5517807006836,156.02052307128906,103.2219467163086
2024-07-10,230.78012084960938,183.4617462158203,199.7899932861328,319.1766052246094,191.1935577392578,140.49427795410156,199.42111206054688,68.28235626220703,157.09422302246094,104.1337661743164
2024-07-11,225.4211883544922,193.18630981445312,195.0500030517578,321.75164794921875,185.87435913085938,140.7481231689453,199.08522033691406,69.96833801269531,155.90753173828125,105.37124633789062
2024-07-12,228.36314392089844,196.3656768798828,194.49000549316406,326.08526611328125,185.35829162597656,140.91738891601562,196.6764373779297,71.18600463867188,156.91526794433594,105.38984680175781
2024-07-15,232.1867218017578,194.71536254882812,192.72000122070312,335.97698974609375,186.75758361816406,140.31564331054688,201.58035278320312,66.474609375,155.00338745117188,107.19487762451172
2024-07-16,232.60275268554688,195.93678283691406,193.02000427246094,350.3674621582031,184.08804321289062,141.97979736328125,205.00640869140625,67.34571075439453,157.2354736328125,107.96712493896484
2024-07-17,226.7188262939453,198.70591735839844,187.92999267578125,347.6661682128906,181.22994995117188,147.2167205810547,208.12539672851562,66.40904998779297,159.58058166503906,109.455810546875
2024-07-18,222.0631866455078,196.4029541015625,183.75,345.9463195800781,177.85585021972656,146.12606811523438,201.51319885253906,67.1302719116211,158.63876342773438,110.53512573242188
2024-07-19,222.19198608398438,195.92745971679688,183.1300048828125,337.78424072265625,178.02455139160156,145.4397430419922,201.3212890625,67.43936157226562,159.1381072998047,107.99504852294922
2024-07-22,221.8452911376953,195.20953369140625,182.5500030517578,339.39410400390625,181.95440673828125,145.0166473388672,201.80111694335938,68.28235626220703,159.4128875732422,107.25069427490234
2024-07-23,222.88539123535156,195.3494110107422,186.41000366210938,335.7842102050781,182.2025146484375,143.2396697998047,201.84909057617188,67.54240417480469,157.8684844970703,105.52010345458984
2024-07-24,216.47647094726562,195.2281951904297,180.8300018310547,327.85235595703125,173.04275512695312,146.93466186523438,200.17922973632812,70.63338470458984,159.17599487304688,107.0087890625
2024-07-25,215.43638610839844,195.7223358154297,179.85000610351562,335.91107177734375,167.87240600585938,150.09371948242188,200.2560272216797,68.78814697265625,158.13375854492188,109.26042175292969
2024-07-26,215.90191650390625,199.26531982421875,182.5,341.9404602050781,167.3960418701172,151.03395080566406,203.68209838867188,69.55621337890625,160.22769165039062,109.16738891601562
2024-07-29,216.17930603027344,200.39349365234375,183.1999969482422,336.1354064941406,169.82740783691406,149.07830810546875,202.34812927246094,69.63114166259766,161.00465393066406,108.02296447753906
2024-07-30,216.7340087890625,207.9643096923828,181.7100067138672,333.3939514160156,170.55186462402344,151.68267822265625,206.5131072998047,69.574951171875,153.20689392089844,109.94894409179688
2024-07-31,219.98304748535156,205.49354553222656,186.97999572753906,337.7648010253906,171.83206176757812,148.41079711914062,204.219482421875,71.55128479003906,152.31626892089844,110.3397216796875
2024-08-01,216.29815673828125,212.51426696777344,184.07000732421875,323.44244384765625,171.13735961914062,151.14675903320312,199.5746612548828,73.42461395263672,156.98733520507812,108.81381225585938
2024-08-02,217.78399658203125,218.7704315185547,167.89999389648438,313.0518798828125,167.11817932128906,154.3246307373047,191.1102752685547,74.18331146240234,161.14675903320312,108.74869537353516
2024-08-05,207.2939910888672,210.8919677734375,161.02000427246094,309.0810852050781,159.4172821044922,151.6074676513672,187.04124450683594,71.82292938232422,159.23284912109375,106.78548431396484
2024-08-06,205.2732696533203,212.72869873046875,161.92999267578125,318.4862365722656,159.31802368164062,149.46380615234375,192.26190185546875,72.09455871582031,159.26124572753906,106.2179183959961
2024-08-07,207.83883666992188,210.6868133544922,162.77000427246094,317.86181640625,159.5264129638672,149.39797973632812,192.31947326660156,72.64717864990234,161.08990478515625,107.6321792602539
2024-08-08,211.2958526611328,208.48641967773438,165.8000030517578,327.9693603515625,162.59291076660156,150.63906860351562,195.83189392089844,72.62845611572266,161.89524841308594,109.68841552734375
2024-08-09,214.1981964111328,207.53541564941406,166.94000244140625,330.0182189941406,164.131103515625,151.01513671875,197.5017547607422,72.55352783203125,161.58258056640625,110.58163452148438
2024-08-12,215.72540283203125,210.28590393066406,166.8000030517578,327.8425598144531,162.7020721435547,150.3193817138672,197.8760223388672,72.6659164428711,158.0485076904297,110.72120666503906
2024-08-13,219.4343719482422,207.60067749023438,170.22999572753906,330.5450439453125,164.66697692871094,148.91848754882812,199.55545043945312,73.17172241210938,158.5032958984375,109.66051483154297
2024-08-14,219.88067626953125,208.0855255126953,170.10000610351562,329.36456298828125,160.7966766357422,149.00311279296875,201.7626953125,73.06869506835938,159.9339599609375,110.67467498779297
2024-08-15,222.8557586669922,203.31179809570312,177.58999633789062,337.2184143066406,161.9280242919922,149.57664489746094,203.01988220214844,72.50668334960938,159.10020446777344,111.35938262939453
2024-08-16,224.1747283935547,204.9807586669922,177.05999755859375,335.11102294921875,163.48606872558594,149.85865783691406,205.34230041503906,73.59320831298828,159.07176208496094,110.83412170410156
2024-08-19,224.01605224609375,204.8035888671875,178.22000122070312,336.2525329589844,167.11817932128906,150.08433532714844,206.76263427734375,74.32381439208984,159.57394409179688,111.17178344726562
2024-08-20,224.6309051513672,205.4748992919922,178.8800048828125,334.9353942871094,167.67393493652344,150.5826416015625,205.87013244628906,73.97724151611328,161.4594268798828,107.46701049804688
2024-08-21,224.52183532714844,204.64508056640625,180.11000061035156,334.61346435546875,166.35406494140625,151.7766876220703,205.94692993164062,74.5954360961914,161.22254943847656,106.78231048583984
2024-08-22,222.66734313964844,205.21383666992188,176.1300048828125,334.0182800292969,164.23037719726562,152.64169311523438,207.89505004882812,73.92103576660156,161.21307373046875,107.60767364501953
2024-08-23,224.9581756591797,211.64715576171875,177.0399932861328,339.9208984375,166.15554809570312,154.31521606445312,209.50730895996094,74.6141586303711,160.2845458984375,109.09896850585938
2024-08-26,225.29534912109375,210.07147216796875,175.5,342.60394287109375,166.65174865722656,154.76654052734375,210.3326416015625,75.53208923339844,161.40257263183594,111.43440246582031
2024-08-27,226.1383056640625,210.86395263671875,173.1199951171875,342.5648498535156,165.1135711669922,154.36863708496094,211.30191040039062,74.56732940673828,160.3603515625,110.37454986572266
2024-08-28,224.61106872558594,210.01551818847656,170.8000030517578,339.716064453125,163.24790954589844,155.28756713867188,212.36715698242188,74.3800048828125,160.18032836914062,109.28656005859375
2024-08-29,227.8837127685547,208.4025115966797,172.1199951171875,343.0722351074219,162.15626525878906,155.58123779296875,213.2500457763672,74.96073150634766,161.099365234375,110.79661560058594
2024-08-30,227.1002655029297,208.906005859375,178.5,347.4235534667969,163.85324096679688,157.12542724609375,215.73562622070312,75.89875030517578,162.53004455566406,110.61842346191406
2024-09-03,220.92196655273438,214.7892303466797,176.25,331.949951171875,157.40269470214844,158.35694885253906,211.41708374023438,75.35196685791016,165.35354614257812,108.30175018310547
2024-09-04,219.01788330078125,216.7938232421875,173.3300018310547,328.54498291015625,156.60879516601562,158.54641723632812,210.48619079589844,76.43610382080078,166.66104125976562,106.9792709350586
2024-09-05,220.53518676757812,217.83807373046875,177.88999938964844,325.4327392578125,157.3927764892578,156.3012237548828,208.854736328125,75.72904968261719,166.2536163330078,106.14451599121094
2024-09-06,218.9881134033203,220.18765258789062,171.38999938964844,321.3350830078125,150.9720458984375,155.7233428955078,203.89321899414062,75.39909362792969,166.3673553466797,105.64742279052734
2024-09-09,219.07737731933594,222.3973388671875,175.39999389648438,325.90106201171875,148.5970916748047,157.83590698242188,208.06777954101562,76.53980255126953,166.81268310546875,107.87030029296875
2024-09-10,218.2840118408203,226.4065399169922,179.5500030517578,326.01812744140625,149.0641326904297,158.5653839111328,197.2714080810547,77.58622741699219,168.45179748535156,103.94039916992188
2024-09-11,220.81285095214844,222.80758666992188,184.52000427246094,326.8376159667969,151.19065856933594,156.14016723632812,198.87405395507812,78.6514892578125,164.78506469726562,102.90869903564453
2024-09-12,220.92196655273438,221.10137939453125,187.0,331.3060607910156,154.5592498779297,155.9696502685547,198.26947021484375,78.67977142333984,164.3587188720703,104.32495880126953
2024-09-13,220.6541748046875,222.36936950683594,186.49000549316406,336.89642333984375,157.3714141845703,156.80331420898438,196.08143615722656,79.80162048339844,164.9366455078125,104.24993133544922
2024-09-16,214.52545166015625,224.06626892089844,184.88999938964844,339.4818420410156,157.98751831054688,158.19589233398438,199.4786834716797,79.79219818115234,167.93067932128906,105.71308135986328
2024-09-17,214.9915771484375,223.255126953125,186.8800048828125,345.0722351074219,159.26939392089844,158.27169799804688,200.81263732910156,80.10330200195312,166.64212036132812,107.09182739257812
2024-09-18,218.85922241210938,219.99185180664062,186.42999267578125,346.4674072265625,159.79605102539062,157.40013122558594,199.16197204589844,79.45281219482422,164.78506469726562,107.46701049804688
2024-09-19,226.97132873535156,216.59800720214844,189.8699951171875,364.2142028808594,162.2107391357422,156.14016723632812,201.99302673339844,77.57679748535156,162.53004455566406,108.7988510131836
2024-09-20,226.30686950683594,219.1620635986328,191.60000610351562,359.8336486816406,163.60191345214844,155.5149383544922,202.57846069335938,78.01988220214844,165.0692901611328,108.1141586303711
2024-09-23,224.5912628173828,220.29022216796875,193.8800048828125,362.1263427734375,162.04180908203125,154.6244354248047,202.91433715820312,79.96188354492188,164.64292907714844,110.07440948486328
2024-09-24,225.48377990722656,220.47666931152344,193.9600067138672,376.5267333984375,162.6082000732422,154.20762634277344,203.0582733154297,79.46224975585938,164.14076232910156,109.78366088867188
2024-09-25,224.49208068847656,219.69349670410156,192.52999877929688,369.0338439941406,161.96229553222656,152.14244079589844,201.71473693847656,79.7733383178711,163.2122344970703,107.64518737792969
2024-09-26,225.6325225830078,216.0945587158203,191.16000366210938,381.43414306640625,162.79701232910156,152.8908233642578,201.3212890625,78.67977142333984,164.1123504638672,105.79750061035156
2024-09-27,225.90028381347656,214.74261474609375,187.97000122070312,381.55126953125,164.24778747558594,152.90025329589844,202.01222229003906,79.69792175292969,164.43450927734375,108.63002014160156
2024-09-30,231.06707763671875,216.83111572265625,186.3300018310547,381.5902404785156,166.1358184814453,153.52554321289062,202.35769653320312,79.68849182128906,164.10287475585938,109.94310760498047
2024-10-01,224.33340454101562,216.374267578125,185.1300048828125,382.8293762207031,167.35806274414062,153.459228515625,198.69174194335938,80.3861083984375,163.95127868652344,112.48486328125
2024-10-02,224.898681640625,216.19711303710938,184.75999450683594,384.4488525390625,166.2550506591797,152.68238830566406,198.931640625,80.53694915771484,162.89007568359375,113.97615814208984
2024-10-03,223.79788208007812,213.77294921875,181.9600067138672,381.56103515625,166.1556854248047,152.0476837158203,196.9547119140625,80.17872619628906,161.1846466064453,114.9703598022461
2024-10-04,224.91851806640625,208.53305053710938,186.50999450683594,387.4148254394531,167.49717712402344,151.84872436523438,203.9453582763672,79.04743957519531,160.00978088378906,117.08068084716797
2024-10-07,219.85092163085938,208.26268005371094,180.8000030517578,388.5465393066406,163.35345458984375,151.12875366210938,203.66534423828125,75.69134521484375,158.3422088623047,117.58716583251953
2024-10-08,223.89707946777344,209.1111297607422,182.72000122070312,378.5072937011719,164.65521240234375,151.28033447265625,203.49154663085938,75.88932037353516,159.3275909423828,114.4638900756836
2024-10-09,227.63577270507812,207.3455047607422,185.1699981689453,386.5367431640625,162.0318603515625,152.1897735595703,206.06961059570312,75.96472930908203,160.37928771972656,114.51077270507812
2024-10-10,227.13992309570312,204.64076232910156,186.64999389648438,386.97576904296875,162.15110778808594,152.05715942382812,205.5095672607422,76.30411529541016,160.07611083984375,115.49559783935547
2024-10-11,225.66232299804688,205.92742919921875,188.82000732421875,392.2246398925781,163.482666015625,152.95712280273438,214.6341094970703,77.1714096069336,162.10369873046875,115.9364242553711
2024-10-14,229.3811798095703,208.20953369140625,187.5399932861328,384.3512878417969,165.30111694335938,153.08975219726562,213.85198974609375,78.16129302978516,163.44912719726562,116.37724304199219
2024-10-15,231.9100341796875,215.4691619873047,187.69000244140625,378.53656005859375,165.84762573242188,155.45809936523438,214.7306671142578,78.04815673828125,164.4534454345703,112.87879180908203
2024-10-16,229.85719299316406,213.67539978027344,186.88999938964844,384.02935791015625,165.6886444091797,155.6286163330078,215.93760681152344,79.55651092529297,163.3259735107422,113.1695556640625
2024-10-17,230.22413635253906,210.51983642578125,187.52999877929688,384.87811279296875,163.4727020263672,155.80859375,216.69073486328125,78.98146057128906,163.23118591308594,112.87879180908203
2024-10-18,233.0504913330078,212.52963256835938,188.99000549316406,384.2635192871094,164.00930786132812,156.4243621826172,217.60800170898438,79.54708862304688,163.23785400390625,112.55990600585938
2024-10-21,234.51820373535156,207.9935302734375,189.07000732421875,382.3346252441406,164.7545623779297,154.25498962402344,215.31964111328125,79.21711730957031,161.57952880859375,112.62557220458984
2024-10-22,233.90335083007812,207.98416137695312,189.6999969482422,380.3567199707031,165.7681427001953,154.84231567382812,216.40106201171875,78.90603637695312,161.7320556640625,113.20706939697266
2024-10-23,228.84567260742188,212.50146484375,184.7100067138672,377.6836853027344,163.44290161132812,157.12542724609375,215.7155303955078,80.09385681152344,161.61770629882812,112.80376434326172
2024-10-24,228.65724182128906,212.18212890625,186.3800048828125,378.9859313964844,163.49258422851562,155.05072021484375,217.2314453125,78.06700134277344,161.6558074951172,112.16597747802734
2024-10-25,229.4902801513672,209.2425994873047,187.8300018310547,377.918701171875,165.9370880126953,152.40765380859375,214.6534423828125,76.76605987548828,160.32154846191406,112.07218170166016
2024-10-28,231.46372985839844,208.6979217529297,188.38999938964844,382.4619140625,167.278564453125,153.08975219726562,217.73355102539062,78.12358093261719,161.35086059570312,111.51880645751953
2024-10-29,231.73150634765625,199.9544219970703,190.8300018310547,379.4265441894531,170.06088256835938,151.6592559814453,215.2230987548828,75.00315856933594,159.3208465576172,109.99938201904297
2024-10-30,228.191162109375,200.48973083496094,192.72999572753906,371.3290710449219,175.02938842773438,152.15187072753906,216.6811065673828,74.56006622314453,158.35826110839844,109.44601440429688
2024-10-31,224.03590393066406,200.5460662841797,186.39999389648438,368.3525085449219,171.60113525390625,151.44137573242188,214.27684020996094,74.7109146118164,157.4242706298828,109.5304183959961
2024-11-01,221.060791015625,198.40481567382812,197.92999267578125,371.7109680175781,171.56138610839844,151.69715881347656,215.26171875,72.91973114013672,157.34803771972656,107.81401062011719
2024-11-04,220.16822814941406,199.20309448242188,195.77999877929688,368.6658020019531,169.6038055419922,149.9066925048828,212.21054077148438,73.88130950927734,157.3289794921875,111.246826171875
2024-11-05,221.5963134765625,200.8372344970703,199.5,375.3729553222656,170.32919311523438,150.0109100341797,213.86166381835938,74.14527893066406,157.97705078125,111.57508850097656
2024-11-06,220.8723602294922,185.4539337158203,207.08999633789062,408.1839294433594,177.20559692382812,149.565673828125,238.55101013183594,70.25182342529297,153.4882049560547,113.48844909667969
2024-11-07,225.59288024902344,185.82960510253906,210.0500030517578,399.6947937011719,181.1306610107422,148.4761962890625,228.2388458251953,70.34610748291016,155.73739624023438,113.62914276123047
2024-11-08,225.32481384277344,189.5204620361328,208.17999267578125,385.1643371582031,178.7259521484375,147.28257751464844,228.8181610107422,72.5615005493164,159.83547973632812,113.59162139892578
2024-11-11,222.61447143554688,184.14852905273438,206.83999633789062,388.26824951171875,180.8226318359375,146.87518310546875,231.04861450195312,71.56221771240234,158.234375,112.99134826660156
2024-11-12,222.61447143554688,181.93212890625,208.91000366210938,384.8118896484375,182.1641082763672,144.6016082763672,231.30931091308594,70.0067138671875,158.0532989501953,112.87879180908203
2024-11-13,223.49806213378906,183.28451538085938,214.10000610351562,378.9957275390625,179.35195922851562,145.17002868652344,232.8542022705078,69.98786163330078,158.75856018066406,113.92926788330078
2024-11-14,226.5757293701172,182.91822814941406,211.47999572753906,379.2796936035156,176.23175048828125,143.87216186523438,233.53976440429688,70.96829223632812,159.23504638671875,114.00492858886719
2024-11-15,223.37893676757812,184.4960174560547,202.61000061035156,376.058349609375,172.79356384277344,145.8900146484375,236.8612823486328,71.97700500488281,161.57952880859375,112.82288360595703
2024-11-18,226.37718200683594,186.74057006835938,201.6999969482422,376.440185546875,175.6852264404297,146.6194305419922,236.5908966064453,72.01470947265625,162.73277282714844,113.76851654052734
2024-11-19,226.63531494140625,188.9099884033203,204.61000061035156,374.3546142578125,178.4476776123047,144.94264221191406,234.71771240234375,72.6651840209961,162.74227905273438,112.17984771728516
2024-11-20,227.35011291503906,188.6564483642578,202.8800048828125,373.54193115234375,176.21188354492188,145.04684448242188,232.4873046875,72.47665405273438,162.86618041992188,113.7779769897461
2024-11-21,226.87356567382812,190.468994140625,198.3800048828125,381.4631652832031,168.1728973388672,147.3109893798828,236.33021545410156,72.92916870117188,164.63885498046875,115.30043029785156
2024-11-22,228.2138214111328,191.87774658203125,197.1199951171875,389.1983642578125,165.51974487304688,146.9983673095703,239.98968505859375,72.1272201538086,168.00311279296875,115.16804504394531
2024-11-25,231.19223022460938,194.9205780029297,201.4499969482422,397.18817138671875,168.36167907714844,147.5762481689453,241.6697540283203,72.73461151123047,169.06097412109375,113.4469985961914
2024-11-26,233.366455078125,195.34320068359375,207.86000061035156,399.3226623535156,169.544189453125,147.55714416503906,241.36077880859375,73.5412826538086,170.89083862304688,111.55574035644531
2024-11-27,233.23736572265625,196.5640869140625,205.74000549316406,395.27886962890625,169.74293518066406,148.39749145507812,241.18698120117188,74.51880645751953,170.93849182128906,111.2625961303711
2024-11-29,235.62008666992188,196.28231811523438,207.88999938964844,397.6385803222656,169.41502380371094,148.02505493164062,241.119384765625,74.66116333007812,170.8431854248047,111.54627990722656
2024-12-02,237.8638153076172,194.7139434814453,210.7100067138672,394.1136474609375,171.88931274414062,147.82452392578125,237.7689208984375,73.14269256591797,171.2624969482422,111.4422607421875
2024-12-03,240.90174865722656,195.14596557617188,213.44000244140625,390.9314880371094,171.92904663085938,145.49447631835938,236.3881378173828,72.4024429321289,167.18348693847656,111.27206420898438
2024-12-04,241.25917053222656,194.8736114501953,218.16000366210938,391.17626953125,174.97970581054688,143.6896514892578,235.01705932617188,71.88046264648438,166.88803100585938,108.06636810302734
2024-12-05,241.28897094726562,196.43260192871094,220.5500030517578,386.74078369140625,173.2109375,142.78245544433594,237.02542114257812,72.31703186035156,167.76483154296875,108.5391845703125
2024-12-06,241.09039306640625,194.4979705810547,227.02999877929688,386.7897033691406,175.37718200683594,142.58192443847656,238.84066772460938,71.40594482421875,165.6586151123047,107.39498138427734
2024-12-09,244.97222900390625,196.31988525390625,226.08999633789062,390.9314880371094,176.1829833984375,142.85885620117188,235.41293334960938,70.89346313476562,162.77085876464844,106.76141357421875
2024-12-10,245.98489379882812,187.3885955810547,225.0399932861328,380.2882385253906,185.5641632080078,142.50552368164062,234.4956512451172,70.36199951171875,164.19090270996094,106.54391479492188
2024-12-11,244.71412658691406,187.4449462890625,230.25999450683594,380.7581481933594,195.6914520263672,140.0322265625,235.142578125,70.21015167236328,162.618408203125,105.83470153808594
2024-12-12,246.17349243164062,185.81080627441406,228.97000122070312,372.83697509765625,192.6273956298828,139.65025329589844,233.21144104003906,69.48887634277344,162.82806396484375,105.74012756347656
2024-12-13,246.34230041503906,185.16281127929688,227.4600067138672,372.5726013183594,190.38906860351562,140.0131378173828,231.6762237548828,69.8685073852539,163.02821350097656,104.81340789794922
2024-12-16,249.2313232421875,181.94151306152344,232.92999267578125,371.0157470703125,197.13392639160156,137.36795043945312,231.32862854003906,69.0807876586914,163.10443115234375,102.57227325439453
2024-12-17,251.65374755859375,181.5001220703125,231.14999389648438,367.9608154296875,196.0993194580078,139.81259155273438,230.15065002441406,68.58728790283203,162.3324737548828,102.13729095458984
2024-12-18,246.2628936767578,173.6018829345703,220.52000427246094,356.2993469238281,189.16539001464844,138.22740173339844,222.435791015625,66.92646026611328,161.1411590576172,100.63374328613281
2024-12-19,247.9903106689453,168.48350524902344,223.2899932861328,352.85272216796875,188.71774291992188,137.11012268066406,224.93663024902344,66.21468353271484,161.24600219726562,99.7732162475586
2024-12-20,252.65646362304688,172.55001831054688,224.9199981689453,358.4044494628906,191.9608612060547,137.9600067138672,229.41680908203125,68.01786804199219,160.16905212402344,100.11363983154297
2024-12-23,253.4308319091797,173.1604766845703,225.05999755859375,357.76800537109375,194.9751739501953,138.72398376464844,230.1796112060547,68.79607391357422,160.21670532226562,100.52025604248047
2024-12-24,256.3397521972656,173.47039794921875,229.0500030517578,359.9024963378906,196.5469970703125,139.27783203125,233.96458435058594,69.19468688964844,161.0077362060547,100.61482238769531
2024-12-26,257.15380859375,172.78482055664062,227.0500030517578,359.4619140625,196.0794219970703,139.02000427246094,234.76602172851562,68.68220520019531,162.1704559326172,100.69993591308594
2024-12-27,253.74855041503906,172.32052612304688,223.75,357.2489929199219,193.03526306152344,138.5138702392578,232.86386108398438,68.4354476928711,161.5700225830078,100.69047546386719
2024-12-30,250.38296508789062,172.36790466308594,221.3000030517578,355.4376525878906,191.6922607421875,136.8809356689453,231.07757568359375,68.10327911376953,159.24459838867188,100.00962829589844
2024-12-31,248.61578369140625,173.7796630859375,219.38999938964844,355.19287109375,189.4539337158203,138.10324096679688,231.45413208007812,68.0368423461914,159.77830505371094,101.7212142944336
2025-01-02,242.0931396484375,171.52464294433594,220.22000122070312,352.2652282714844,189.64291381835938,137.53028869628906,231.7341766357422,67.96092987060547,158.1867218017578,101.47534942626953
2025-01-03,241.60667419433594,172.97430419921875,224.19000244140625,356.2013854980469,192.12998962402344,137.69264221191406,234.9011993408203,68.32156372070312,157.3766326904297,101.99543762207031
2025-01-06,243.2348175048828,170.79505920410156,227.61000061035156,356.60284423828125,196.9349822998047,137.18650817871094,233.75595092773438,67.60978698730469,153.05934143066406,101.88197326660156
2025-01-07,240.46495056152344,167.86732482910156,222.11000061035156,355.4278259277344,195.6914520263672,139.64071655273438,236.0076141357422,66.8410415649414,153.72647094726562,102.83704376220703
2025-01-08,240.951416015625,169.78125,222.1300048828125,353.5380859375,194.37828063964844,135.859130859375,235.96878051757812,67.05933380126953,154.48890686035156,101.11601257324219
2025-01-10,235.1435546875,164.3521270751953,218.94000244140625,343.6781921386719,192.16976928710938,135.6586151123047,232.80479431152344,63.94647216796875,151.1151123046875,100.7472152709961
2025-01-13,232.71121215820312,167.64939880371094,218.4600067138672,354.93829345703125,191.29432678222656,137.9600067138672,237.01698303222656,63.54788589477539,151.38197326660156,103.34768676757812
2025-01-14,231.59927368164062,169.41172790527344,217.75999450683594,363.8190612792969,190.06076049804688,138.22740173339844,240.1809539794922,64.51589965820312,152.2397003173828,103.75431823730469
2025-01-15,236.1562042236328,170.85191345214844,223.35000610351562,367.06982421875,195.9600372314453,138.43748474121094,244.91722106933594,65.75914001464844,152.1539306640625,105.44699096679688
2025-01-16,226.61546325683594,180.0899658203125,220.66000366210938,372.61175537109375,193.4033660888672,141.11131286621094,246.78067016601562,67.733154296875,152.96401977539062,105.26731872558594
2025-01-17,228.32305908203125,180.39317321777344,225.94000244140625,377.9676513671875,196.527099609375,140.40464782714844,251.52664184570312,67.15424346923828,153.56443786621094,106.21294403076172
2025-01-21,221.0359344482422,179.95730590820312,230.7100067138672,391.4801330566406,198.59632873535156,141.47418212890625,255.28265380859375,67.2396469116211,154.1267547607422,105.40916442871094
2025-01-22,222.21737670898438,175.56094360351562,235.00999450683594,390.74310302734375,198.99424743652344,138.72398376464844,255.09820556640625,64.99990844726562,157.0049591064453,103.57463836669922
2025-01-23,222.04859924316406,176.6031951904297,235.4199981689453,399.38134765625,198.5465850830078,140.0322265625,258.11663818359375,65.70220947265625,158.34872436523438,104.16093444824219
2025-01-24,221.1749267578125,175.3619842529297,234.85000610351562,400.590087890625,200.8545684814453,140.20413208007812,257.0392761230469,69.1187515258789,157.36781311035156,102.75194549560547
2025-01-27,228.20391845703125,181.95652770996094,235.4199981689453,388.1585693359375,192.7666778564453,146.0006103515625,258.0196228027344,70.06780242919922,162.67991638183594,104.17984771728516
2025-01-28,236.54339599609375,177.11483764648438,238.14999389648438,383.5495300292969,196.04959106445312,143.60372924804688,259.2715759277344,66.94544982910156,159.3526611328125,102.16565704345703
2025-01-29,237.63546752929688,173.98809814453125,237.07000732421875,386.43878173828125,196.15899658203125,144.33900451660156,258.7280578613281,67.27760314941406,159.39100646972656,102.76140594482422
2025-01-30,235.87820434570312,176.0631103515625,234.63999938964844,368.50396728515625,201.58079528808594,145.9814910888672,260.3294677734375,67.6667251586914,160.52244567871094,103.61247253417969
2025-01-31,234.29966735839844,175.2388153076172,237.67999267578125,365.0251159667969,204.53543090820312,145.2939453125,259.4268798828125,67.91346740722656,159.16087341308594,101.02145385742188
2025-02-03,226.3672332763672,175.63674926757812,237.4199981689453,355.305908203125,201.59072875976562,145.02655029296875,258.9513244628906,67.42947387695312,161.81690979003906,101.2673110961914
2025-02-04,231.1227264404297,174.4618682861328,242.05999755859375,355.69903564453125,206.63449096679688,146.5735626220703,260.04803466796875,66.33806610107422,161.2128448486328,103.98126220703125
2025-02-05,230.79510498046875,177.61703491210938,236.1699981689453,352.6525573730469,192.29910278320312,147.71949768066406,262.46466064453125,65.6737289428711,162.05662536621094,103.90560913085938
2025-02-06,231.53973388671875,179.7867889404297,238.8300018310547,359.1385498046875,192.3090362548828,146.5926513671875,268.7441101074219,65.74016571044922,161.93199157714844,102.5344467163086
2025-02-07,225.98997497558594,178.92454528808594,229.14999389648438,357.5956115722656,186.17100524902344,146.22023010253906,267.6764831542969,64.7911148071289,161.05943298339844,102.96944427490234
2025-02-10,226.25831604003906,179.90994262695312,233.13999938964844,356.9470520019531,187.2255096435547,147.28976440429688,263.05670166015625,66.14825439453125,160.63754272460938,104.93634796142578
2025-02-11,231.1979522705078,183.2640838623047,232.75999450683594,355.9741516113281,186.1013641357422,149.0946044921875,266.8903503417969,66.74615478515625,162.4593505859375,105.59829711914062
2025-02-12,235.42196655273438,179.56884765625,228.92999267578125,345.96014404296875,184.46983337402344,148.2637939453125,267.3368225097656,65.74964904785156,162.6031951904297,102.42117309570312
2025-02-13,240.05345153808594,180.01417541503906,230.3699951171875,347.59149169921875,186.90719604492188,150.16412353515625,268.1811828613281,65.10430908203125,163.98394775390625,103.16536712646484
2025-02-14,243.10475158691406,179.43621826171875,228.67999267578125,347.218017578125,185.90240478515625,149.11370849609375,268.4432678222656,64.59182739257812,156.18841552734375,103.27031707763672
2025-02-18,242.97552490234375,179.59725952148438,226.64999389648438,347.8863220214844,184.8379364013672,149.1907196044922,271.7043151855469,65.0093994140625,158.62393188476562,105.08307647705078
2025-02-19,243.37307739257812,178.65924072265625,226.6300048828125,346.903564453125,186.1610565185547,151.98219299316406,271.0249328613281,65.54086303710938,159.6403350830078,105.23573303222656
2025-02-20,244.32720947265625,182.2786865234375,222.8800048828125,343.12005615234375,185.673583984375,153.7052001953125,258.94158935546875,66.56583404541016,160.33070373535156,106.85768127441406
2025-02-21,244.0489044189453,181.49224853515625,216.5800018310547,334.1673583984375,180.63980102539062,156.2271728515625,256.45703125,67.93246459960938,163.22642517089844,105.60783386230469
2025-02-24,245.58944702148438,181.91864013671875,212.7100067138672,333.0667419433594,180.25180053710938,157.61329650878906,253.64244079589844,67.19219970703125,163.523681640625,106.16120147705078
2025-02-25,245.52981567382812,193.05166625976562,212.8000030517578,336.44732666015625,176.4515838623047,159.87538146972656,249.8184814453125,67.64774322509766,165.546875,104.6919174194336
2025-02-26,238.89065551757812,190.1902313232422,214.35000610351562,336.66351318359375,173.79541015625,156.9779815673828,251.16751098632812,67.39151000976562,164.25241088867188,104.43431091308594
2025-02-27,235.84933471679688,193.2601318359375,208.74000549316406,334.1280822753906,169.32867431640625,157.6036834716797,251.4198455810547,65.84455108642578,164.8948516845703,105.09261322021484
2025-02-28,240.36158752441406,194.823486328125,212.27999877929688,338.0098876953125,171.3282470703125,158.84539794921875,256.8549499511719,67.14301300048828,166.68792724609375,106.21844482421875
2025-03-03,236.5748748779297,198.60398864746094,205.02000427246094,326.3055419921875,167.7866973876953,161.02084350585938,252.94363403320312,68.53047180175781,168.36593627929688,102.81236267089844
2025-03-04,234.48770141601562,196.24473571777344,203.8000030517578,321.10693359375,171.7162322998047,159.23043823242188,242.8790740966797,67.7936782836914,166.0550994873047,102.60245513916016
2025-03-05,234.29888916015625,197.7322998046875,208.36000061035156,332.6441650390625,174.0839080810547,158.941650390625,244.12136840820312,67.43965911865234,167.42626953125,100.59886932373047
2025-03-06,233.8914031982422,196.064697265625,200.6999969482422,335.1206359863281,173.30796813964844,159.62510681152344,239.27835083007812,66.98992156982422,167.4741973876953,102.67878723144531
2025-03-07,237.60853576660156,201.1432342529297,199.25,344.2501525878906,174.83998107910156,160.45291137695312,235.143798828125,69.68827819824219,168.71112060546875,104.0145034790039
2025-03-10,226.08938598632812,201.88230895996094,194.5399932861328,339.24810791015625,167.1312713623047,161.4251251220703,225.38014221191406,72.87464141845703,169.00836181640625,106.6668701171875
2025-03-11,219.48997497558594,198.7650604248047,196.58999633789062,333.90203857421875,165.3086700439453,159.6539764404297,222.39085388183594,70.83650970458984,165.99754333496094,104.14807891845703
2025-03-12,215.65357971191406,195.83731079101562,198.88999938964844,332.2903747558594,168.31646728515625,156.75660705566406,221.1873779296875,69.7743911743164,161.44296264648438,104.11946105957031
2025-03-13,208.39817810058594,196.860595703125,193.88999938964844,327.5535888671875,164.06370544433594,156.891357421875,218.55718994140625,69.59259796142578,161.65391540527344,103.6805648803711
2025-03-14,212.1848907470703,199.85467529296875,197.9499969482422,333.7742614746094,166.94203186035156,156.7180938720703,225.5936737060547,70.37721252441406,161.05943298339844,106.76226806640625
2025-03-17,212.69180297851562,201.52224731445312,195.74000549316406,336.72247314453125,165.8963165283203,156.74697875976562,227.03977966308594,68.99933624267578,162.77578735351562,108.53687286376953
2025-03-18,211.38978576660156,203.58778381347656,192.82000732421875,330.8948669433594,162.01206970214844,158.10423278808594,228.04913330078125,67.65015411376953,160.8101348876953,108.4223861694336
2025-03-19,213.9241943359375,202.53607177734375,195.5399932861328,332.77191162109375,165.6074676513672,156.891357421875,232.06719970703125,67.45879364013672,161.63475036621094,110.11112976074219
2025-03-20,212.79116821289062,203.01931762695312,194.9499969482422,330.4428405761719,164.3824462890625,156.9202423095703,231.9701385498047,68.08074951171875,160.65670776367188,110.57862854003906
2025-03-21,216.93569946289062,204.8763885498047,196.2100067138672,329.98095703125,165.57757568359375,157.50741577148438,234.51296997070312,67.82239532470703,159.83209228515625,110.19698333740234
2025-03-24,219.38064575195312,201.62649536132812,203.25999450683594,335.76922607421875,169.24269104003906,157.1801300048828,240.75360107421875,67.0473403930664,158.83486938476562,110.48320770263672
2025-03-25,222.38218688964844,198.499755859375,205.7100067138672,336.70281982421875,172.09112548828125,154.9950714111328,243.733154296875,65.63117218017578,156.15008544921875,111.23693084716797
2025-03-26,220.1757354736328,198.9924774169922,201.1300048828125,335.2188720703125,166.46397399902344,155.6688995361328,243.63609313964844,66.72200775146484,159.72662353515625,112.83980560302734
2025-03-27,222.48159790039062,202.80137634277344,201.36000061035156,333.4401550292969,163.41636657714844,157.02613830566406,240.8118133544922,67.0090560913086,161.76898193359375,112.47724914550781
2025-03-28,216.5679168701172,204.24156188964844,192.72000122070312,323.99609375,155.42880249023438,157.5844268798828,235.69703674316406,67.41094970703125,161.11695861816406,112.32459259033203
2025-03-31,220.7720947265625,206.17445373535156,190.25999450683594,324.1042175292969,155.5980987548828,159.6347198486328,238.0748748779297,67.83195495605469,163.4086456298828,113.46949768066406
2025-04-01,221.82559204101562,207.91783142089844,192.1699981689453,324.8609313964844,158.23739624023438,147.5158233642578,236.48318481445312,67.86067199707031,163.54286193847656,113.57444763183594
2025-04-02,222.5213165283203,206.45867919921875,196.00999450683594,328.8802795410156,158.2174835205078,149.54685974121094,238.57957458496094,67.43965911865234,162.5264892578125,113.22142791748047
2025-04-03,201.94789123535156,216.2084197998047,178.41000366210938,300.4793701171875,152.0126953125,153.83998107910156,221.95411682128906,69.02804565429688,165.29757690429688,107.2679443359375
2025-04-04,187.22840881347656,208.60948181152344,171.0,283.1047058105469,147.14247131347656,147.50619506835938,205.3434295654297,64.0236587524414,157.01304626464844,99.54938507080078
2025-04-07,180.35072326660156,202.1855010986328,175.25999450683594,275.2232360839844,148.6363983154297,144.98422241210938,209.40576171875,62.25345993041992,153.63787841796875,98.21365356445312
2025-04-08,171.365966796875,193.9138946533203,170.66000366210938,269.20892333984375,145.9871368408203,144.38742065429688,211.7787322998047,61.34444046020508,151.87356567382812,96.1432876586914
2025-04-09,197.63438415527344,196.5858154296875,191.10000610351562,295.81146240234375,160.4085693359375,145.32113647460938,228.83859252929688,64.66474151611328,155.6418914794922,100.94234466552734
2025-04-10,189.2559356689453,197.38172912597656,181.22000122070312,284.1661071777344,154.74159240722656,143.12643432617188,221.7783203125,63.84185028076172,156.8308563232422,95.34185791015625
2025-04-11,196.93865966796875,203.68661499023438,184.8699951171875,288.38201904296875,158.75526428222656,146.0526885986328,230.6549072265625,62.971099853515625,160.0430450439453,98.40447998046875
2025-04-14,201.28195190429688,208.05227661132812,182.1199951171875,292.9713439941406,160.81692504882812,148.5842742919922,229.2096710205078,64.77001190185547,162.1717071533203,98.64299011230469
2025-04-15,200.90428161621094,208.26246643066406,179.58999633789062,288.36236572265625,158.0382080078125,147.87193298339844,227.65701293945312,64.74129486083984,161.5388641357422,98.3663101196289
2025-04-16,193.08238220214844,208.25291442871094,174.3300018310547,285.1291809082031,154.87107849121094,148.15110778808594,224.21963500976562,62.80843734741211,159.54443359375,99.40626525878906
2025-04-17,195.7758331298828,212.7045440673828,172.61000061035156,289.1681823730469,152.73973083496094,151.57789611816406,226.5144805908203,63.44952392578125,163.61000061035156,102.01092529296875
2025-04-21,191.9791717529297,208.2433624267578,167.32000732421875,281.1697082519531,149.25389099121094,151.04849243164062,223.6142120361328,61.88984680175781,159.92144775390625,100.51300048828125
2025-04-22,198.51898193359375,211.09011840820312,173.17999267578125,287.5191650390625,153.2775115966797,151.847412109375,230.0592498779297,63.76530075073242,161.97653198242188,103.32756042480469
2025-04-23,203.3492431640625,203.09434509277344,180.60000610351562,292.0614013671875,157.0821075439453,149.5661163330078,235.22508239746094,64.36811065673828,159.90213012695312,102.44026184082031
2025-04-24,207.09617614746094,201.4799041748047,186.5399932861328,303.0124206542969,160.81692504882812,149.13291931152344,238.89678955078125,63.48780822753906,153.92015075683594,103.64240264892578
2025-04-25,208.00064086914062,201.39395141601562,188.99000549316406,302.6075744628906,163.1873016357422,148.79603576660156,237.83238220214844,63.23902130126953,155.35775756835938,103.58515930175781
2025-04-28,208.8553924560547,201.85247802734375,187.6999969482422,303.20989990234375,161.76307678222656,149.5372314453125,237.5101318359375,63.334712982177734,156.1585693359375,103.64240264892578
2025-04-29,209.91885375976562,211.43402099609375,187.38999938964844,303.54559326171875,161.404541015625,150.07627868652344,238.87725830078125,64.34898376464844,156.55413818359375,103.38480377197266
2025-04-30,211.20095825195312,215.33160400390625,184.4199981689453,305.39215087890625,160.23927307128906,150.46131896972656,238.87725830078125,63.99494934082031,156.85325622558594,100.78014373779297
2025-05-01,212.0159454345703,214.01329040527344,190.1999969482422,310.02337646484375,162.131591796875,148.6805419921875,241.09397888183594,63.20075225830078,154.35430908203125,100.92326354980469
2025-05-02,204.09466552734375,213.60252380371094,189.97999572753906,319.62152099609375,165.13937377929688,150.27842712402344,246.58203125,64.19589233398438,154.87533569335938,101.33352661132812
2025-05-05,197.67417907714844,213.86045837402344,186.35000610351562,319.05865478515625,165.37840270996094,149.20033264160156,246.630859375,63.248592376708984,153.24476623535156,98.52850341796875
2025-05-06,197.29647827148438,213.8031463623047,185.00999450683594,316.86651611328125,164.53184509277344,148.69015502929688,243.3985595703125,63.669620513916016,153.64999389648438,99.90239715576172
2025-05-07,195.05029296875,209.67628479003906,188.7100067138672,316.27398681640625,152.18199157714844,151.4142608642578,243.53529357910156,64.45423126220703,153.6885986328125,99.8069839477539
2025-05-08,196.28271484375,208.13827514648438,192.0800018310547,320.1843566894531,155.12005615234375,149.8356475830078,247.51951599121094,65.3728256225586,153.07107543945312,101.19994354248047
2025-05-09,197.3163604736328,210.1348419189453,193.05999755859375,321.53717041015625,153.75559997558594,148.44952392578125,247.13865661621094,67.2769775390625,152.11590576171875,102.38301086425781
2025-05-12,209.776123046875,198.62359619140625,208.63999938964844,338.2548828125,158.93455505371094,148.3725128173828,253.9450225830078,66.68372344970703,155.24197387695312,104.14807891845703
2025-05-13,211.9058380126953,194.84063720703125,211.3699951171875,348.11962890625,160.23927307128906,142.8857879638672,256.8355407714844,68.99933624267578,153.14828491210938,104.43431091308594
2025-05-14,211.30873107910156,195.35650634765625,210.25,345.2757873535156,166.1353302001953,140.88363647460938,259.40380859375,69.07588195800781,152.4632568359375,103.49929809570312
2025-05-15,210.4329833984375,202.2154541015625,205.1699981689453,345.4238586425781,164.7310028076172,144.0120086669922,261.2103576660156,71.33409118652344,156.69888305664062,104.54883575439453
2025-05-16,210.24386596679688,203.8394775390625,205.58999633789062,349.1466064453125,166.75279235839844,145.66766357421875,261.2787170410156,71.76466369628906,157.5382843017578,104.1733169555664
2025-05-19,207.7758026123047,205.51124572753906,206.16000366210938,348.1492614746094,167.1910400390625,146.78424072265625,258.66168212890625,70.67384338378906,158.97589111328125,102.51716613769531
2025-05-20,205.8650360107422,205.76913452148438,204.07000732421875,345.1078796386719,164.65135192871094,147.91049194335938,259.4428405761719,71.20012664794922,159.81532287597656,101.05360412597656
2025-05-21,201.11798095703125,204.17381286621094,201.1199951171875,338.2154235839844,169.3721923828125,147.44842529296875,254.91177368164062,68.45392608642578,159.6126708984375,99.81149291992188
2025-05-22,200.39149475097656,200.86851501464844,203.10000610351562,340.8617858886719,171.28440856933594,146.8997802734375,254.55047607421875,64.05236053466797,159.2267303466797,99.1471176147461
2025-05-23,194.33078002929688,202.38743591308594,200.99000549316406,339.0843811035156,168.90408325195312,147.21739196777344,254.58950805664062,64.83699035644531,160.02755737304688,99.20487976074219
2025-05-27,199.24703979492188,204.14517211914062,206.02000427246094,347.10260009765625,173.2763214111328,148.78045654296875,259.06201171875,65.10490417480469,161.86073303222656,99.67668914794922
2025-05-28,199.45602416992188,202.9606170654297,204.72000122070312,345.1078796386719,172.6787567138672,147.98435974121094,257.3042297363281,64.31070709228516,161.47482299804688,98.31904602050781
2025-05-29,198.98826599121094,204.1547088623047,205.6999969482422,347.3790283203125,172.2604522705078,149.100830078125,258.1635437011719,66.013916015625,162.63259887695312,98.87750244140625
2025-05-30,199.88394165039062,205.0526885986328,205.00999450683594,343.66619873046875,172.15090942382812,150.6832733154297,257.80230712890625,67.59274291992188,163.91583251953125,98.50198364257812
2025-06-02,200.72984313964844,204.53683471679688,206.64999389648438,340.34832763671875,169.680908203125,150.86773681640625,258.44677734375,67.66703033447266,161.8800506591797,99.2241439819336
2025-06-03,202.2923126220703,203.84902954101562,205.7100067138672,345.01898193359375,167.03167724609375,149.91632080078125,260.0190124511719,68.4386978149414,160.98275756835938,99.94630432128906
2025-06-04,201.844482421875,204.77566528320312,207.22999572753906,344.9498596191406,168.7048797607422,148.75131225585938,258.01715087890625,67.40657043457031,160.11439514160156,98.50198364257812
2025-06-05,199.6649932861328,206.55247497558594,207.91000366210938,344.58453369140625,169.1231689453125,149.1785125732422,255.80043029785156,68.96923828125,157.0751495361328,98.04944610595703
2025-06-06,202.93917846679688,203.03701782226562,213.57000732421875,348.9194641113281,174.2125244140625,150.50851440429688,259.49169921875,69.60588073730469,158.2522735595703,100.39884185791016
2025-06-09,200.48104858398438,203.31405639648438,216.97999572753906,353.580322265625,177.1241912841797,150.7027130126953,260.47796630859375,69.3550796508789,156.84361267089844,101.0728530883789
2025-06-10,201.6951904296875,205.01446533203125,217.61000061035156,354.07403564453125,179.4974365234375,151.8871307373047,262.2943115234375,70.23285675048828,157.11376953125,103.23932647705078
2025-06-11,197.8238983154297,204.77566528320312,213.1999969482422,358.5867919921875,178.28091430664062,150.7318115234375,261.8548583984375,70.41614532470703,156.409423828125,105.25172424316406
2025-06-12,198.2418670654297,207.96632385253906,213.24000549316406,356.43402099609375,176.46607971191406,152.09100341796875,261.9427795410156,71.22640991210938,157.44180297851562,105.65613555908203
2025-06-13,195.50511169433594,206.8109588623047,212.10000610351562,352.5730895996094,175.3791961669922,152.51817321777344,258.7300109863281,72.13314819335938,154.64378356933594,107.95740509033203
2025-06-16,197.46563720703125,206.9842529296875,216.10000610351562,357.8955078125,177.43331909179688,150.6929931640625,264.012939453125,71.16853332519531,155.22267150878906,108.30404663085938
2025-06-17,194.6990203857422,207.1383056640625,214.82000732421875,353.1951904296875,176.725341796875,147.93585205078125,263.1927185058594,69.31649017333984,152.94566345214844,109.76760864257812
2025-06-18,195.6344757080078,207.46563720703125,212.52000427246094,355.2886047363281,173.48458862304688,146.3339385986328,267.5284423828125,69.03675842285156,152.4632568359375,108.98768615722656
2025-06-20,200.03323364257812,209.3912811279297,209.69000244140625,355.9995422363281,167.2523956298828,145.42137145996094,268.5440368652344,68.9981689453125,153.48599243164062,110.44161224365234
2025-06-23,200.5308074951172,213.3869171142578,208.47000122070312,361.63800048828125,165.53729248046875,146.90675354003906,271.7372741699219,68.22650146484375,155.36741638183594,107.59149932861328
2025-06-24,199.3365936279297,215.58213806152344,212.77000427246094,368.3428039550781,167.2623748779297,147.75137329101562,274.6570739746094,68.8727798461914,154.72097778320312,104.31774139404297
2025-06-25,200.5905303955078,212.0293731689453,211.99000549316406,366.9208679199219,171.00169372558594,147.8387451171875,277.3913269042969,67.85029602050781,153.37985229492188,104.34662628173828
2025-06-26,200.03323364257812,209.42977905273438,217.1199951171875,377.09173583984375,173.93331909179688,147.5766143798828,281.9712829589844,68.47728729248047,153.0518035888672,105.90647888183594
2025-06-27,200.11285400390625,209.68011474609375,223.3000030517578,379.88629150390625,177.76239013671875,147.96495056152344,280.3697509765625,68.38082122802734,154.23855590820312,105.31913757324219
2025-06-30,204.1831512451172,212.79962158203125,219.38999938964844,383.3423767089844,176.8848876953125,148.29502868652344,283.10400390625,66.96285247802734,153.71754455566406,103.79779815673828
2025-07-01,206.8204345703125,216.1212921142578,220.4600067138672,386.0184020996094,176.40626525878906,151.37257385253906,283.59228515625,70.47401428222656,155.5507049560547,105.184326171875
2025-07-02,211.41819763183594,214.54229736328125,219.9199981689453,393.4342346191406,179.24813842773438,151.02308654785156,285.14495849609375,70.43543243408203,155.53143310546875,106.92713165283203
2025-07-03,212.52284240722656,213.50245666503906,223.41000366210938,392.87139892578125,180.03590393066406,151.45994567871094,290.443603515625,71.2649917602539,155.1744384765625,108.03443145751953
2025-07-07,208.940185546875,211.8367919921875,223.47000122070312,386.6010437011719,177.05441284179688,150.74154663085938,286.4892883300781,72.10420989990234,154.8560333251953,106.98490142822266
2025-07-08,208.99989318847656,212.49151611328125,219.36000061035156,389.34613037109375,174.6612548828125,151.24636840820312,277.4717712402344,69.89525604248047,152.33779907226562,109.95054626464844
2025-07-09,210.12445068359375,213.57948303222656,222.5399932861328,397.13720703125,177.1541290283203,151.72207641601562,277.8446044921875,71.04312896728516,151.9808349609375,109.57503509521484
2025-07-10,211.3883514404297,212.7899627685547,222.25999450683594,403.2101135253906,178.19114685058594,153.09097290039062,282.78021240234375,71.99810028076172,152.91673278808594,110.6630859375
2025-07-11,210.1443634033203,211.08583068847656,225.02000427246094,400.830322265625,180.79373168945312,152.32398986816406,281.47515869140625,71.76659393310547,151.52737426757812,111.14451599121094
2025-07-14,207.61656188964844,213.53134155273438,225.69000244140625,400.68218994140625,182.28944396972656,152.24635314941406,283.2806396484375,72.3839340209961,148.35305786132812,109.6905746459961
2025-07-15,208.10421752929688,210.77772521972656,226.35000610351562,399.5663757324219,182.57862854003906,150.6444549560547,281.1709899902344,72.05596923828125,147.31101989746094,108.71807861328125
2025-07-16,209.149169921875,215.05258178710938,223.19000244140625,407.7030944824219,183.24673461914062,159.9741668701172,280.4546813964844,72.12348937988281,148.32411193847656,108.06332397460938
2025-07-17,209.00982666015625,214.74447631835938,223.8800048828125,412.8280029296875,184.174072265625,158.22665405273438,284.4581298828125,72.51897430419922,150.14764404296875,107.51448822021484
2025-07-18,210.1642608642578,216.41014099121094,226.1300048828125,408.5226135253906,185.41055297851562,158.92567443847656,285.8023376464844,73.26172637939453,150.6693115234375,103.76890563964844
2025-07-21,211.4580078125,218.07579040527344,229.3000030517578,406.41168212890625,190.60569763183594,159.56643676757812,285.5080261230469,73.47394561767578,150.60130310058594,104.03851318359375
2025-07-22,213.36874389648438,223.70822143554688,227.47000122070312,413.4681701660156,191.56297302246094,163.0323028564453,285.9593811035156,74.79544067382812,153.79733276367188,104.51031494140625
2025-07-23,213.11996459960938,221.61892700195312,228.2899932861328,423.77532958984375,190.9646759033203,164.16818237304688,291.1893310546875,70.24251556396484,153.7584686279297,105.84871673583984
2025-07-24,212.7318572998047,222.63949584960938,232.22999572753906,425.6881408691406,192.64987182617188,164.61477661132812,290.98321533203125,69.42261505126953,154.2733154296875,106.6767807006836
2025-07-25,212.8512725830078,221.32044982910156,231.44000244140625,429.8804016113281,193.52737426757812,163.39151000976562,293.014404296875,69.30683898925781,153.77789306640625,106.30126190185547
2025-07-28,213.0204620361328,215.8709716796875,232.7899932861328,429.07763671875,192.86923217773438,161.37216186523438,292.6807861328125,68.81490325927734,152.62188720703125,107.30265808105469
2025-07-29,210.25384521484375,206.72430419921875,231.00999450683594,426.21337890625,195.87066650390625,163.20704650878906,291.46405029296875,69.40330505371094,152.1361846923828,108.68919372558594
2025-07-30,208.0445098876953,200.97634887695312,230.19000244140625,430.2470703125,196.87779235839844,162.38185119628906,294.0054931640625,68.47728729248047,148.51272583007812,107.74557495117188
2025-07-31,206.57164001464844,200.63934326171875,234.11000061035156,434.1123046875,192.3108367919922,159.9353485107422,290.6790771484375,68.54481506347656,146.1715850830078,107.49522399902344
2025-08-01,201.4065704345703,204.21136474609375,214.75,424.86553955078125,189.4091033935547,162.44981384277344,283.9380798339844,67.90817260742188,146.34642028808594,105.5694808959961
2025-08-04,202.37193298339844,205.0586395263672,211.64999389648438,429.83087158203125,195.19261169433594,166.0515899658203,288.73626708984375,68.03356170654297,146.4532928466797,103.38375854492188
2025-08-05,201.94398498535156,202.2376251220703,213.75,430.35614013671875,194.7638397216797,165.76036071777344,285.9005432128906,68.66056823730469,146.21041870117188,103.25859069824219
2025-08-06,212.2242889404297,201.13038635253906,222.30999755859375,423.9041748046875,196.35928344726562,165.61471557617188,285.8808898925781,68.043212890625,148.49330139160156,102.5556869506836
2025-08-07,218.9716796875,202.19911193847656,223.1300048828125,413.39874267578125,196.71826171875,166.5272979736328,281.5536804199219,70.01101684570312,149.10531616210938,102.01646423339844
2025-08-08,228.2468719482422,198.82928466796875,222.69000244140625,412.8040771484375,201.51455688476562,168.2748260498047,283.3395080566406,69.84703063964844,149.12472534179688,102.83492279052734
2025-08-11,226.34388732910156,198.415283203125,221.3000030517578,404.89532470703125,201.0558624267578,168.7505340576172,284.1244812011719,69.8856201171875,150.55271911621094,101.90092468261719
2025-08-12,228.80479431152344,197.0095672607422,221.47000122070312,409.028076171875,203.57867431640625,167.74085998535156,287.35272216796875,69.31649017333984,150.65960693359375,102.18978881835938
2025-08-13,232.47125244140625,196.55703735351562,224.55999755859375,410.00927734375,202.45187377929688,169.33302307128906,285.0762634277344,69.74092864990234,150.970458984375,103.60520935058594
2025-08-14,231.92327880859375,195.89273071289062,230.97999572753906,413.775390625,203.23965454101562,169.624267578125,288.6381530761719,69.68303680419922,149.34817504882812,103.39337921142578
2025-08-15,230.73764038085938,198.4537811279297,231.02999877929688,404.1520080566406,204.32652282714844,171.48828125,285.0370178222656,72.7408447265625,149.95046997070312,103.49056243896484
2025-08-18,230.0402374267578,195.57501220703125,231.49000549316406,408.958740234375,203.70828247070312,171.10964965820312,286.0574951171875,73.03987121582031,151.27159118652344,103.7140884399414
2025-08-19,229.71144104003906,198.9640655517578,228.00999450683594,412.3779296875,201.91342163085938,172.6144561767578,285.203857421875,73.80191040039062,153.87503051757812,104.39436340332031
2025-08-20,225.17819213867188,201.7080841064453,223.80999755859375,416.8377685546875,199.61997985839844,173.62411499023438,286.754150390625,73.48358154296875,154.95333862304688,105.47310638427734
2025-08-21,224.072265625,201.9295196533203,221.9499969482422,414.161865234375,200.04873657226562,173.71148681640625,285.9986267089844,73.38713073730469,154.1956024169922,106.15339660644531
2025-08-22,226.92173767089844,203.9995574951172,228.83999633789062,431.78326416015625,206.13137817382812,174.0609893798828,290.6790771484375,73.6186294555664,154.1373291015625,108.1456527709961
2025-08-25,226.32395935058594,203.267822265625,227.94000244140625,428.44329833984375,208.56443786621094,173.20664978027344,289.3642272949219,72.6540298461914,151.68930053710938,108.59268951416016
2025-08-26,228.46604919433594,199.73431396484375,228.7100067138672,427.41259765625,207.35784912109375,172.600341796875,292.9653625488281,72.19100952148438,151.51446533203125,108.3497314453125
2025-08-27,229.64170837402344,195.70977783203125,229.1199951171875,428.80999755859375,207.61712646484375,172.89370727539062,293.6620178222656,71.27464294433594,152.4761962890625,109.57424926757812
2025-08-28,231.7041015625,195.0261993408203,231.60000610351562,431.030029296875,211.76527404785156,171.583251953125,295.41845703125,70.07608795166016,151.20358276367188,110.15734100341797
2025-08-29,231.28562927246094,196.26821899414062,229.0,415.3016052246094,212.92198181152344,173.2653350830078,295.7618713378906,70.0372085571289,152.5538787841797,111.07087707519531
2025-09-02,228.8745574951172,193.03318786621094,225.33999633789062,412.3382873535156,211.38636779785156,174.13572692871094,294.07415771484375,70.62043762207031,153.4767608642578,111.45960235595703
2025-09-03,237.59234619140625,188.96051025390625,225.99000549316406,411.4165954589844,230.4419708251953,174.0770263671875,293.8877258300781,69.6289291381836,153.65159606933594,108.75790405273438
2025-09-04,238.89749145507812,187.83401489257812,235.67999267578125,416.4710998535156,231.9975128173828,174.82029724121094,298.1168212890625,68.89017486572266,154.6424560546875,109.2341079711914
2025-09-05,238.80784606933594,190.9438934326172,232.3300018310547,419.3055725097656,234.50035095214844,174.49755859375,288.85400390625,68.91932678222656,155.4487762451172,106.15339660644531
2025-09-08,237.0045166015625,186.43795776367188,235.83999633789062,419.00823974609375,233.70193481445312,174.20419311523438,287.4115905761719,67.8208999633789,154.46759033203125,106.75592041015625
2025-09-09,233.48751831054688,187.36224365234375,238.24000549316406,414.3600769042969,239.4706268310547,173.05996704101562,292.25885009765625,68.11251831054688,154.90476989746094,107.53339385986328
2025-09-10,225.955322265625,186.55348205566406,230.3300018310547,419.1371154785156,239.09136962890625,171.91574096679688,294.8984069824219,69.05541229248047,152.85504150390625,109.33129119873047
2025-09-11,229.1833953857422,189.23973083496094,229.9499969482422,427.5315246582031,240.30899047851562,174.5660400390625,299.82415771484375,69.32759094238281,154.09848022460938,108.9814224243164
2025-09-12,233.20855712890625,187.8243865966797,228.14999389648438,427.6702880859375,240.90780639648438,174.13572692871094,301.1488342285156,69.63865661621094,153.38934326171875,109.00086975097656
2025-09-15,235.828857421875,185.34036254882812,231.42999267578125,432.0508728027344,251.2675018310547,173.49026489257812,303.1014404296875,69.50257110595703,152.3498992919922,109.18551635742188
2025-09-16,237.2735137939453,187.48741149902344,234.0500030517578,436.7386779785156,250.9281768798828,172.5709991455078,303.3860168457031,67.87921905517578,153.53504943847656,111.44988250732422
2025-09-17,238.11044311523438,189.8848114013672,231.6199951171875,446.6395568847656,249.36123657226562,173.29469299316406,305.8979797363281,68.3458023071289,155.7499237060547,112.0427017211914
2025-09-18,237.0045166015625,185.8506317138672,231.22999572753906,462.7940979003906,251.83639526367188,170.3216552734375,307.35015869140625,68.8124008178711,152.82589721679688,110.72100830078125
2025-09-19,244.59646606445312,186.12022399902344,231.47999572753906,462.37786865234375,254.74070739746094,172.30694580078125,308.87103271484375,69.09430694580078,151.58245849609375,109.64228057861328
2025-09-22,255.13751220703125,186.02395629882812,227.6300048828125,467.8882751464844,252.3853302001953,170.37057495117188,306.5749816894531,70.32882690429688,148.6973114013672,108.86480712890625
2025-09-23,253.4936065673828,187.0541534423828,220.7100067138672,467.0557556152344,251.8463592529297,172.6883544921875,306.86932373046875,70.2996597290039,148.1436004638672,110.74043273925781
2025-09-24,251.3813934326172,185.7543487548828,220.2100067138672,465.598876953125,247.34518432617188,172.79591369628906,307.5365905761719,71.7674789428711,148.0658721923828,111.33325958251953
2025-09-25,255.9246063232422,186.50535583496094,218.14999389648438,459.5830078125,246.08766174316406,173.81297302246094,307.5660400390625,72.5645751953125,147.80357360839844,112.3342514038086
2025-09-26,254.51980590820312,187.0445098876953,219.77999877929688,461.6048583984375,246.6964569091797,175.74935913085938,310.1270446777344,73.73104858398438,148.1436004638672,113.91835021972656
2025-09-29,253.4936065673828,187.31411743164062,222.1699981689453,467.40264892578125,243.88198852539062,177.6172637939453,309.76397705078125,74.08099365234375,149.1441650390625,111.00284576416016
2025-09-30,253.69287109375,186.79933166503906,219.57000732421875,472.8932189941406,243.0735626220703,181.33351135253906,309.50885009765625,73.381103515625,149.26072692871094,109.57424926757812
2025-10-01,254.5098419189453,187.77061462402344,220.6300048828125,476.5304870605469,245.05966186523438,181.94961547851562,304.8774719238281,76.4722671508789,148.8041534423828,108.83564758300781
2025-10-02,256.18365478515625,185.6823272705078,222.41000366210938,486.1934814453125,245.9479217529297,181.88116455078125,301.7767639160156,75.9959487915039,147.70643615722656,108.1553726196289
2025-10-03,257.07037353515625,184.74989318847656,219.50999450683594,493.4085693359375,245.96788024902344,184.48255920410156,304.2102355957031,77.82343292236328,147.92015075683594,110.06987762451172
2025-10-06,255.74526977539062,180.2430877685547,220.89999389648438,490.9605407714844,251.0179901123047,184.0131378173828,304.8511047363281,79.81617736816406,146.11329650878906,110.9833984375
2025-10-07,255.53607177734375,181.6029052734375,221.77999877929688,482.3678894042969,246.64657592773438,184.72705078125,303.3819885253906,80.88543701171875,148.1824188232422,111.04171752929688
2025-10-08,257.1102600097656,180.2624969482422,225.22000122070312,497.6404113769531,244.97982788085938,185.50941467285156,299.7732238769531,81.69225311279297,146.38528442382812,110.8084716796875
2025-10-09,253.10501098632812,180.00027465820312,227.74000549316406,495.8961486816406,241.73619079589844,186.8687744140625,301.2522277832031,81.37146759033203,146.27842712402344,109.72974395751953
2025-10-10,244.36732482910156,181.3212127685547,216.3699951171875,486.9169616699219,237.0254364013672,186.51670837402344,296.67724609375,81.02153015136719,145.4138641357422,107.61114501953125
2025-10-13,246.74851989746094,177.9411163330078,220.07000732421875,500.25689697265625,244.16143798828125,186.69273376464844,303.6580810546875,81.94498443603516,143.27671813964844,109.07860565185547
2025-10-14,246.8581085205078,181.1560821533203,216.38999938964844,522.7643432617188,245.7084197998047,186.6438446044922,297.85052490234375,82.27549743652344,144.89901733398438,109.12720489501953
2025-10-15,248.42233276367188,184.57504272460938,215.57000732421875,529.2855834960938,251.2176055908203,186.956787109375,301.40997314453125,83.39336395263672,143.20870971679688,108.46635437011719
2025-10-16,246.53927612304688,185.97373962402344,214.47000122070312,536.1339721679688,251.3872833251953,187.88584899902344,294.360107421875,82.67404174804688,145.32644653320312,107.523681640625
2025-10-17,251.36146545410156,185.7988739013672,213.0399932861328,522.3778076171875,253.2935333251953,188.96160888671875,293.3938293457031,82.1685562133789,147.0749969482422,109.07860565185547
2025-10-20,261.27484130859375,187.53750610351562,216.47999572753906,527.9536743164062,256.5171813964844,189.45057678222656,298.1265869140625,82.40185546875,147.61900329589844,109.52565002441406
2025-10-21,261.8028869628906,186.84786987304688,222.02999877929688,521.4633178710938,250.8483428955078,187.65113830566406,292.9303894042969,81.64364624023438,147.28871154785156,109.53536987304688
2025-10-22,257.4988098144531,185.70176696777344,217.9499969482422,510.7885437011719,252.0360107421875,188.68777465820312,289.99212646484375,80.52577209472656,147.85214233398438,111.47904205322266
2025-10-23,258.6246032714844,184.8373260498047,221.08999633789062,517.3385620117188,253.233642578125,188.22813415527344,290.4161071777344,80.92431640625,147.8618927001953,112.71327209472656
2025-10-24,261.85272216796875,186.0222930908203,224.2100067138672,519.5549926757812,260.0003967285156,186.2037353515625,296.2334899902344,82.05191802978516,149.16976928710938,112.13988494873047
2025-10-27,267.8206481933594,184.28366088867188,226.97000122070312,523.86865234375,269.4019470214844,186.10597229003906,299.8915710449219,83.62666320800781,148.43609619140625,112.67440032958984
2025-10-28,268.00994873046875,177.4748992919922,229.25,521.284423828125,267.9049072265625,182.81021118164062,301.0845947265625,81.2353744506836,148.07412719726562,111.79002380371094
2025-10-29,268.7073974609375,173.93939208984375,230.3000030517578,581.9337768554688,274.6317138671875,182.48751831054688,301.2325134277344,79.4759521484375,145.53074645996094,113.17002868652344
2025-10-30,270.401123046875,174.2987518310547,222.86000061035156,579.6080932617188,281.3485412597656,184.88351440429688,305.10748291015625,79.35929107666016,146.3231201171875,111.45960235595703
2025-10-31,269.3749084472656,173.84225463867188,244.22000122070312,573.7538452148438,281.2687072753906,184.70745849609375,306.7639465332031,79.1259994506836,147.0959014892578,111.1388931274414
2025-11-03,268.0597839355469,171.56944274902344,254.0,567.1243896484375,283.5641784667969,182.15501403808594,305.01873779296875,79.4953842163086,144.79708862304688,110.55580139160156
2025-11-04,269.0461730957031,175.17294311523438,249.32000732421875,544.254150390625,277.5160827636719,182.7417755126953,304.9201354980469,79.40790557861328,143.96559143066406,110.92508697509766
2025-11-05,269.1457824707031,174.27932739257812,250.1999969482422,565.693115234375,284.1929931640625,181.90072631835938,307.31610107421875,79.84532928466797,142.61563110351562,110.47805786132812
2025-11-06,268.7771301269531,172.97779846191406,243.0399932861328,566.3192749023438,284.78179931640625,182.84934997558594,309.0317687988281,79.70924377441406,142.9482421875,111.27494812011719
2025-11-07,267.48193359375,172.84181213378906,244.41000366210938,559.6798095703125,279.1528625488281,182.4581756591797,309.8106689453125,81.58531951904297,143.77972412109375,113.91835021972656
2025-11-10,268.6985778808594,174.56100463867188,248.39999389648438,567.3827514648438,290.02154541015625,184.2576141357422,312.45318603515625,82.40185546875,142.3319549560547,114.89017486572266
2025-11-11,274.5028076171875,179.48545837402344,249.10000610351562,564.4804077148438,291.1692810058594,189.55816650390625,311.2009582519531,83.36420440673828,145.30575561523438,116.40623474121094
2025-11-12,272.7276916503906,178.08682250976562,244.1999969482422,569.53955078125,286.86773681640625,190.1058349609375,315.92388916015625,83.49056243896484,144.78729248046875,114.7929916381836
2025-11-13,272.20904541015625,175.9305419921875,237.5800018310547,550.187744140625,278.573974609375,190.94686889648438,305.1469421386719,81.64364624023438,144.73838806152344,115.44412231445312
2025-11-14,271.6705322265625,178.3199005126953,234.69000244140625,550.6649169921875,276.4382019042969,191.6118621826172,299.3591003417969,81.5367202758789,144.45469665527344,116.94403839111328
2025-11-17,266.73394775390625,175.28948974609375,232.8699951171875,548.6968994140625,285.04132080078125,195.1814422607422,296.1644592285156,83.35448455810547,142.64498901367188,115.36568450927734
2025-11-18,266.7139892578125,176.33848571777344,222.5500030517578,543.558349609375,284.4025573730469,195.59217834472656,295.2178955078125,82.27549743652344,143.78952026367188,116.68914031982422
2025-11-19,267.83099365234375,175.31863403320312,222.69000244140625,549.75048828125,292.4168395996094,198.04685974121094,299.02386474609375,81.91582489013672,143.78952026367188,115.04218292236328
2025-11-20,265.5272521972656,173.9782257080078,217.13999938964844,542.8129272460938,289.4127502441406,198.5945281982422,294.20233154296875,81.94498443603516,144.96337890625,114.71866607666016
2025-11-21,270.75299072265625,174.4055938720703,220.69000244140625,547.0867309570312,299.0638122558594,199.40621948242188,293.84735107421875,81.69739532470703,147.63394165039062,114.7774887084961
2025-11-24,275.1710205078125,174.4153289794922,226.27999877929688,556.2010498046875,317.8470153808594,201.50885009765625,293.8276672363281,82.43138122558594,143.77972412109375,113.68932342529297
2025-11-25,276.2181396484375,174.599853515625,229.6699981689453,563.1685180664062,323.0069274902344,203.39845275878906,298.7576599121094,83.01856231689453,145.25685119628906,112.25802612304688
2025-11-26,276.7966003417969,176.03738403320312,229.16000366210938,570.2451782226562,319.6534729003906,204.27435302734375,303.33270263671875,83.7134017944336,145.02207946777344,112.51292419433594
2025-11-28,278.0930480957031,176.06651306152344,233.22000122070312,572.262939453125,319.4938049316406,203.64450073242188,308.6965026855469,84.4473876953125,144.9340362548828,113.64029693603516
2025-12-01,282.3315124511719,171.21005249023438,233.8800048828125,564.609619140625,314.5035400390625,202.08950805664062,304.59478759765625,82.8424072265625,144.22972106933594,114.33634185791016
2025-12-02,285.4131164550781,170.7632598876953,234.4199981689453,578.93212890625,315.40179443359375,202.16822814941406,303.5693359375,82.77389526367188,142.68411254882812,113.11092376708984
2025-12-03,283.378662109375,171.12261962890625,232.3800048828125,587.8973388671875,319.9927978515625,202.0796661376953,307.7598571777344,83.13599395751953,143.51560974121094,115.48333740234375
2025-12-04,279.9380187988281,173.69656372070312,229.11000061035156,595.5108642578125,317.7671813964844,199.2747802734375,311.6742248535156,81.60930633544922,142.19500732421875,114.83631134033203
2025-12-05,278.0232238769531,173.7257080078125,229.52999877929688,599.5064086914062,321.4599304199219,198.73348999023438,310.6290588378906,81.3548583984375,140.3265838623047,114.24811553955078
2025-12-08,277.1356506347656,177.9411163330078,226.88999938964844,592.876953125,314.0396728515625,198.4283905029297,310.79669189453125,78.8299560546875,135.32785034179688,113.6991195678711
2025-12-09,276.4275817871094,174.39590454101562,227.9199981689453,590.7498779296875,317.3352966308594,196.794677734375,296.30255126953125,77.93938446044922,136.5897674560547,115.92448425292969
2025-12-10,278.0232238769531,175.0854949951172,231.77999877929688,611.6124877929688,320.5810852050781,203.2705078125,305.7680969238281,79.53457641601562,136.77561950683594,117.1891098022461
2025-12-11,277.2752685546875,176.493896484375,230.27999877929688,621.8101196289062,313.2906188964844,206.68557739257812,312.9363098144531,79.47586059570312,137.6951446533203,117.1891098022461
2025-12-12,277.5245666503906,175.5128631591797,226.19000244140625,594.2584838867188,310.11474609375,208.23072814941406,314.0603332519531,79.9064712524414,139.72987365722656,116.4832763671875
2025-12-15,273.3658752441406,175.0854949951172,222.5399932861328,586.1779174804688,308.9163513183594,210.7797393798828,315.5393371582031,79.9064712524414,141.9700164794922,115.44412231445312
2025-12-16,273.8645324707031,173.9879608154297,222.55999755859375,585.3529052734375,307.3283996582031,205.98683166503906,311.1319274902344,79.5835189819336,142.04827880859375,112.42469024658203
2025-12-17,271.10205078125,173.36631774902344,221.27000427246094,558.4771728515625,297.6710205078125,207.00051879882812,310.5699157714844,78.57550811767578,144.59164428710938,115.10100555419922
2025-12-18,271.4511413574219,169.28688049316406,226.75999450683594,562.3932495117188,303.35357666015625,205.0124969482422,308.6176452636719,79.12355041503906,142.3515167236328,114.24811553955078
2025-12-19,272.9271240234375,167.4608612060547,227.35000610351562,572.7201538085938,308.2072448730469,203.1031951904297,312.7686767578125,77.84152221679688,141.31460571289062,114.3951644897461
2025-12-22,270.23443603515625,167.57740783691406,228.42999267578125,578.87255859375,310.9236755371094,204.03817749023438,318.56634521484375,78.33084869384766,139.58314514160156,115.82645416259766
2025-12-23,271.62066650390625,169.5005645751953,232.13999938964844,578.8824462890625,315.26800537109375,202.5225372314453,321.3665771484375,78.08618927001953,140.06246948242188,117.07147216796875
2025-12-24,273.06671142578125,169.78225708007812,232.3800048828125,580.21435546875,315.2580261230469,204.49087524414062,324.5612487792969,78.73208618164062,141.3439483642578,116.87540435791016
2025-12-26,272.6578674316406,171.34603881835938,232.52000427246094,579.4589233398438,314.5489501953125,204.34324645996094,323.31890869140625,78.69294738769531,141.58851623535156,116.767578125
2025-12-29,273.0168762207031,172.44447326660156,232.07000732421875,575.0956420898438,313.979736328125,204.27435302734375,319.2171325683594,78.55593872070312,141.42221069335938,118.1596450805664
2025-12-30,272.33868408203125,173.31732177734375,232.52999877929688,573.883056640625,314.1394958496094,203.63465881347656,318.8917541503906,78.81037902832031,140.9135284423828,118.610595703125
