Date,SPX,SX5E,Nikkei,FTSE
2007-04-03,0.9237307072510248,1.3454686543658667,1.2584066904359759,0.7980123295823205
2007-04-04,0.11121987409170586,0.3650694312334224,1.7249930409823477,-0.021992369956080893
2007-04-05,0.3045313970392094,0.22757632670078465,-0.30066616358883635,0.5108866992719285
2007-04-06,,,-0.03797225100576895,
2007-04-09,0.0588550367099927,,1.4703143599531288,
2007-04-10,0.26132260269688956,0.6982447587827068,-0.44661907357284036,0.3199353592423293
2007-04-11,-0.6594524912467037,-0.1924453571559681,0.030456465261252674,-0.07014208168421021
2007-04-12,0.6187116686112937,-0.30747340753478625,-0.7364338054410169,0.04832689443059479
2007-04-13,0.34819311653260243,0.8684123683583067,-1.01117545516054,0.7143553174797646
2007-04-16,1.059854287315698,1.4235666122697666,1.5109436613013116,0.8290663203675663
2007-04-17,0.21430131114730244,0.11707211434099918,-0.5737430670853527,-0.282778590538868
2007-04-18,0.06929527910060074,-0.5816950516088326,0.7948996909080464,-0.7476539930822312
2007-04-19,-0.12027736577708836,-0.43729880237144414,-1.6859147542060526,-0.13653694421371654
2007-04-20,0.9218086660296443,1.7554937293407846,0.46317031751907933,0.7147594112973721
2007-04-23,-0.23066444703703226,-0.3781356834243965,0.015755706020925686,-0.10950696154665707
2007-04-24,-0.03512055496237565,-0.7365503754629188,-0.020623915478168442,-0.7777468410036903
2007-04-25,1.008803370270872,0.8346773582225353,-1.2431537637494827,0.5042092673949838
2007-04-26,-0.07827245066183153,0.22157640084792263,1.1135723196046499,0.11444860119347311
2007-04-27,-0.012050497563276252,-0.706581943748219,-0.1651456727120859,-0.7867717999856083
2007-04-30,-0.7861748709062866,0.20990248057355387,,0.4740486977826919
2007-05-01,0.26476879873138515,,-0.7234539095659187,-0.46002967151466123
2007-05-02,0.6451588538502584,0.525446487802661,0.6918966034088925,1.0058888116594389
2007-05-03,0.43157516194129997,0.26778511527325577,,0.8185973771501764
2007-05-04,0.21475870756333393,0.4118163271222386,,1.0029440023172853
2007-05-07,0.2560437459192322,-0.09631672538539249,1.5680464801075544,
2007-05-08,-0.1166651195633861,-0.677546661318118,-0.07354350120873931,-0.8104026011942267
2007-05-09,0.3218216510912697,,0.5156311530045699,-0.012210758602826388
2007-05-10,-1.4054581884655803,-0.44187933710801985,-0.06288954945681269,-0.3900966360909308
2007-05-11,0.9595315462487264,0.7078854200655016,-1.0384717585960601,0.6356130235770863
2007-05-14,-0.1794584178452574,-0.21160654089147357,0.7051570330574464,-0.15547659079047094
2007-05-15,-0.13048345448343213,0.6168363173120639,-0.9375156601505452,0.20115815923595903
2007-05-16,0.8589542804573469,-0.4153975990464076,0.09143051934668023,-0.14015930107316166
2007-05-17,-0.09184441716891811,,-0.1735796834326564,0.3013946474574425
2007-05-18,0.6588724214163122,1.3071539576941404,-0.5674782917907351,0.9319154753210768
2007-05-21,0.15420549373725834,-0.3413690319153062,0.8999204869342137,-0.06175915824329081
2007-05-22,-0.06427745534312024,0.09713799976260873,0.6991652090501788,-0.45607260372175773
2007-05-23,-0.12079608910857687,0.664695608231014,0.14168853010581017,0.1482236479120047
2007-05-24,-0.9749940652955758,-1.0497794870937938,-0.046033653266519536,-0.7722734309281165
2007-05-25,0.5437868634530219,0.24269991698417925,-1.2266834787780567,0.07765010733162825
2007-05-28,,,0.6066887385467012,
2007-05-29,0.15689722581671006,0.25262090274100757,0.4819654293365616,0.5448845481895503
2007-05-30,0.7951907673130698,-0.13618435908426818,-0.4781564417356776,-0.06662178389760243
2007-05-31,0.025484074924264633,0.978248023502637,1.6213425051708086,0.2934135351724265
2007-06-01,0.3730063260024785,0.9773433664582498,0.46397022383111164,0.8301952376355004
2007-06-04,0.18468998282514804,-0.4213446398923182,0.08092475559511314,-0.18889573528042547
2007-06-05,-0.5361416122664941,-0.5442485953642162,0.4462777592292966,-0.4707917035023712
2007-06-06,-0.8903259242367234,-1.6958205233928325,-0.0713725037950752,-1.6738577781953978
2007-06-07,-1.7725961545528968,-1.2664074132526792,0.06899243775677633,-0.2701930942725639
2007-06-08,1.1306236827796745,-0.11487436838777398,-1.5309933582802415,0.0
2007-06-11,0.09612543562846909,0.889005720183178,0.311064963034724,0.9546742928828067
2007-06-12,-1.0739177694170543,-0.7383088959697304,-0.41337047280194383,-0.7182182462738496
2007-06-13,1.5070095861530852,0.4248337200033703,-0.1585669964006442,0.5978580259865751
2007-06-14,0.48047420992167744,1.8761096631056517,0.6157115775497601,1.3672161900656121
2007-06-15,0.650555553085308,1.4599566236391581,0.7215196771676702,1.2329875489118791
2007-06-18,-0.12141056212540136,-0.4576438172824382,0.9857461882347707,-0.43018997049806273
2007-06-19,0.1729278410380175,-0.06624388276126325,0.07760193010888372,-0.7982819286578291
2007-06-20,-1.3694428381801238,0.40537899338044525,0.26430217723127925,-0.01354021769799374
2007-06-21,0.6161392441565994,-1.2607650926094394,0.15703453839019943,-0.8048151898568889
2007-06-22,-1.297968982743214,-0.20741024847339418,-0.28367538765312617,-0.4345403599668174
2007-06-25,-0.32130603124347346,-0.18390016684328714,-0.5576708697098809,0.31925110062474005
2007-06-26,-0.32434502628655437,-0.8555559119900025,-0.11822392371847457,-0.4426651935062864
2007-06-27,0.8968996323784673,-0.47302616375581863,-1.2074641014192977,-0.48445039337128293
2007-06-28,-0.0418323007465915,1.0342718245782478,0.4638725036041791,0.6672296067783634
2007-06-29,-0.15685867913806106,0.7103435471032427,1.1427141282961628,0.5554235850604883
2007-07-02,1.0639364857749634,-0.43549597957799335,0.043772802846220316,-0.26214819251819677
2007-07-03,0.3573857444480133,0.9517764677992702,0.019834634317561495,0.7437406909001965
2007-07-04,,0.24853743187289723,0.1036400260682413,0.5002721069660154
2007-07-05,0.03475294310435473,-0.7180536841071117,0.28996708395876425,-0.5695694261232731
2007-07-06,0.32985507214169374,0.7226943763523508,-0.4429911293591715,0.823999636286743
2007-07-09,0.09209018855544926,0.09520536155935844,0.6650096308687736,0.33724473367104935
2007-07-10,-1.4287024725469166,-1.213175186265758,-0.0509962274165332,-1.226075678145122
2007-07-11,0.5705104242657022,-0.5969725876687093,-1.119284180627922,-0.2385597490661695
2007-07-12,1.8875707510562556,1.565641616386415,-0.36282314795563764,1.2409283667407678
2007-07-13,0.30966084377510583,0.5489834478058953,1.4069081234252323,0.2832778529398894
2007-07-16,-0.19213166689402428,0.3296655691981343,,-0.2832778529398894
2007-07-17,-0.009682461363347272,-0.42348392143747304,-0.11893548370593976,-0.5764826493761532
2007-07-18,-0.20674598107692788,-1.4669731293702526,-1.1133076117475937,-1.39270369300597
2007-07-19,0.44590940123052647,1.1210946694056645,0.5590062936658313,1.1069763313461323
2007-07-20,-1.2296153790126496,-1.7264317601974,0.22803563342019828,-0.8317376479263672
2007-07-23,0.4857468831634293,0.840509062481587,-1.0757612944878758,0.5935050540257336
2007-07-24,-2.000316145961012,-1.5894983536483664,0.2134740519881717,-1.9157600038285594
2007-07-25,0.46547619122065953,-1.1663278170255253,-0.8009388942044282,-0.6855641863005246
2007-07-26,-2.3615148318428147,-2.5072648210334947,-0.8792398436467508,-3.197306852733739
2007-07-27,-1.6120829482687782,-0.19628941283329482,-2.391244605398768,-0.5775540483622166
2007-07-30,1.0201791310726627,-0.12729975650795922,0.031760140816139426,-0.14652410085442824
2007-07-31,-1.2727292908787824,1.7887309694934572,-0.2340028417487261,2.4511420782873827
2007-08-01,0.7216566833712967,,-2.215281587373852,-1.736664108927144
2007-08-02,0.43498168025948303,-0.6282839206692259,0.6683150323469889,0.7919745546741908
2007-08-03,-2.6945788416662175,-1.3963894762639484,-0.025026521803006574,-1.2136265461256457
2007-08-06,2.3864080164867296,-0.6264311536005707,-0.3858966225280369,-0.5671258745008956
2007-08-07,0.614047465454437,1.7458860765163564,0.04319981134077722,1.9155757077903957
2007-08-08,1.3973752789071092,2.0234507659615986,0.6333243224393215,1.3398942397333968
2007-08-09,-3.0098066707581417,-2.0613280512058907,0.8264422060820564,-1.937664054308641
2007-08-10,0.03784657249807921,-2.7001116137912007,-2.395950684513082,-3.7845272005705866
2007-08-13,-0.04954108659971368,2.245528615113379,0.21428197230992652,2.94866390907238
2007-08-14,-1.8323395498987871,-1.4244037514206553,0.2648778117841033,-1.2214509796262263
2007-08-15,-1.400545824953081,-0.2993330244191128,-2.2149619651006702,-0.5582443959685435
2007-08-16,0.32435209838830303,-2.928633027898364,-2.005450620579019,-4.185031237582848
2007-08-17,2.426956652251988,2.3085097855862102,-5.5695496207516015,3.4440805544022624
2007-08-20,-0.026968281529970994,0.38628852096049826,2.9596329807793254,0.2388227923384889
2007-08-21,0.10854652755822869,0.04263796032653033,1.067597761902661,0.12166090816574382
2007-08-22,1.1644820880578166,1.2247881517820858,-0.00440346999646124,1.7896424015582113
2007-08-23,-0.10728917937870008,-0.014904217898070726,2.5806515187268175,0.014522869585320564
2007-08-24,1.1469018050260793,0.30101543109228857,-0.4136347742266011,0.37368482419033455
2007-08-27,-0.853995191309842,0.054727062815373984,0.3220853360643261,
2007-08-28,-2.3752942896165585,-1.6708212597071892,-0.08530158112396435,-1.9136605589157085
2007-08-29,2.1685050980904563,0.5475668825642543,-1.700706208419689,0.490421421081777
2007-08-30,-0.4189774778312838,1.245084934074825,0.8766292763581873,1.2929297172401988
2007-08-31,1.1154303290853207,1.1343466754995646,2.538232842045396,1.459036950878101
2007-09-03,,0.03329648848318101,-0.2668771160820427,0.18861820585875932
2007-09-04,1.0413809077047809,0.6579778641045309,-0.6341360747523339,0.970691664915968
2007-09-05,-1.1567773631410816,-2.0781690066856484,-1.6085625325905184,-1.677835119966531
2007-09-06,0.4242872517798091,0.487780207646793,0.6080440513610341,0.6770466004860864
2007-09-07,-1.7053037079487687,-2.2261357530938497,-0.8328852421286115,-1.9529527787261358
2007-09-10,-0.12736238921533527,-0.6258637854655191,-2.240436012978364,-0.9265576465697478
2007-09-11,1.3540236395020777,1.4615417761449478,0.7123341991503551,2.3618086278546
2007-09-12,0.00476161521048013,0.3173118796036434,-0.5055709658414287,0.4051837083881793
2007-09-13,0.8384316153809301,0.9059443628583352,0.1492202874350923,0.9108074201297001
2007-09-14,0.02021756176020517,-0.6533383290047823,1.9170716188021686,-1.1791635912599574
2007-09-17,-0.5133568991712245,-0.8739099211863888,,-1.7078533999956846
2007-09-18,2.878958164080636,1.8892685791524144,-2.039707886191877,1.6124077381292068
2007-09-19,0.606795976423502,2.887045089384266,3.6031248249594583,2.7734028706843716
2007-09-20,-0.6745938475255286,-0.5292673589215369,0.196668456853466,-0.48103126349605674
2007-09-21,0.45984643357455113,0.09591797195263041,-0.6183328145914047,0.4299376450115133
2007-09-24,-0.5270307770365967,-0.22266043173555516,,0.14238169588018934
2007-09-25,-0.03426885186383899,-0.7305325766887805,0.5448395744110712,-1.072871581649082
2007-09-26,0.5396714632314392,0.8169510728706086,0.2071400571191262,0.5627509676887854
2007-09-27,0.38994820691842236,0.5616148975821744,2.383670236257629,0.8266669791140657
2007-09-28,-0.30279997338542586,-0.16577991571544715,-0.27682434451445914,-0.30262966770315813
2007-10-01,1.3202159881824826,0.6356248841949963,0.3584215951260461,0.608954270800588
2007-10-02,-0.02650794533760603,0.39290605876658447,1.1850367251380334,-0.09072098043763077
2007-10-03,-0.456224853726539,-0.12272437252409674,0.8941736445411408,0.5339282485151031
2007-10-04,0.21087267359831685,-0.026915752587264308,-0.6263825321680017,0.19413917076569476
2007-10-05,0.9514881229474526,0.7868697969225735,-0.16073280679318458,0.7288680579678797
2007-10-08,-0.32216979939061474,-0.4372866593499225,,-0.8358297469207798
2007-10-09,0.8063646659191015,0.2636355799250367,0.5543417902886816,1.132549385882342
2007-10-10,-0.17137979492956035,-0.11181347967426092,0.10478388672634509,0.2656940934713248
2007-10-11,-0.517180929399963,0.694469749437765,1.62310281415472,1.3700382738047523
2007-10-12,0.4742959110705769,0.054755478552692693,-0.7347546385538806,0.09216058715377784
2007-10-15,-0.8416732385427395,-0.921116131387123,0.1555549313010829,-1.2889734363579208
2007-10-16,-0.6594866980536018,-0.31775091695163127,-1.2768611548954922,-0.45555024564922775
2007-10-17,0.17598467546102725,0.4714063128409052,-1.0712456331672726,0.9539703798072452
2007-10-18,-0.07529463052931007,-0.48340169893936746,0.8853439965905707,-1.0280782721000747
2007-10-19,-2.594931140710255,-0.20653289292660304,-1.7200704489335195,-1.2407579452807127
2007-10-22,0.3791176519172268,-1.2550956031009974,-2.260946445619716,-1.0564361404497902
2007-10-23,0.876433943198407,0.5078557098796566,0.07363773206900959,0.8432784301342977
2007-10-24,-0.24444075023621892,-0.48720006743945277,-0.5619845614821983,-0.492460213468604
2007-10-25,-0.09767946012351203,1.2539415932925735,-0.4547428598691283,1.444314273244629
2007-10-26,1.3693456876032073,0.6350846374413521,1.3508121409655516,1.284238392710968
2007-10-29,0.37057710835721736,0.7008795978558524,1.1592160538251406,0.6688016665124863
2007-10-30,-0.648437228933485,-0.1904942363184503,-0.2822886260339885,-0.7033324915552086
2007-10-31,1.192066135675507,0.5995912638402601,0.5188668149697762,0.9356912833217379
2007-11-01,-2.6778888689809044,-1.6736946996863011,0.7901100839040609,-2.0364853572122144
2007-11-02,0.08018866808869873,-0.117614416359757,-2.1141387697140246,-0.8462544754550549
2007-11-05,-0.4967093437072023,-0.3926055078318669,-1.5162708077795628,-1.0652840168067002
2007-11-06,1.1977204894451532,0.33045048998090465,-0.11864023113581368,0.20871509016551215
2007-11-07,-2.980972636157464,-0.158952226288811,-0.9457111942149155,-1.3965982005235134
2007-11-08,-0.05761784748674614,-0.8384348036276634,-2.0404048178990664,-0.05013230014139225
2007-11-09,-1.439006181201119,-1.5187164785958274,-1.2001448417805705,-1.2138749988039876
2007-11-12,-1.0038452592368685,0.11742763773483489,-2.510357166125665,0.5220374514129489
2007-11-13,2.867778438776103,0.21126521348850957,-0.4647192915619769,0.38581814237659273
2007-11-14,-0.7094477743350147,0.6080715825083516,2.4354849744714357,1.0895444890303807
2007-11-15,-1.3300488548972034,-0.8528069935049842,-0.6684400576293825,-1.1335596553989191
2007-11-16,0.5216680351984415,-0.44362594445761516,-1.5822408830786117,-1.0813635072134176
2007-11-19,-1.761448208061811,-1.30919843385211,-0.7421311057548508,-2.7459087550136374
2007-11-20,0.4476163998967664,1.1886403610530394,1.1169516478108932,1.7121602153197912
2007-11-21,-1.6055078064319162,-1.9276387748869084,-2.488445082035895,-2.530752900333688
2007-11-22,,0.3174455339951976,0.3438652128657793,1.3806619403194276
2007-11-23,1.6749426122977695,1.4063391185526797,,1.7202140131459487
2007-11-26,-2.3512966551297865,-0.7177995495451839,1.6416608895681861,-1.3116433364642077
2007-11-27,1.4819795556490156,-0.3204766070632914,0.5773747936592244,-0.6460400364053598
2007-11-28,2.81596233998318,2.277145939675407,-0.4547539028131098,2.65945334359472
2007-11-29,0.0476361425262084,0.582779883442619,2.347607415061681,0.6779778539648618
2007-11-30,0.774018490674333,1.097024694170301,1.0702640639483008,1.3050179216479663
2007-12-03,-0.5904735888844215,-0.5311129682963767,-0.33025127649128905,-0.7161204476195948
2007-12-04,-0.6561737772241116,-0.7478093423673116,-0.956505610873748,-1.1242603843756527
2007-12-05,1.50759150455686,1.6207713617033548,0.8278805821280599,2.788838861644294
2007-12-06,1.492497250929059,0.10561668326438678,1.6847619698472371,-0.12634957214956444
2007-12-07,-0.17795035510106416,0.7150394419783268,0.5170534622596534,1.0628496922203468
2007-12-10,0.7481894107170817,0.43044225761548205,-0.20062557926507907,0.16005735231523488
2007-12-11,-2.559587137042474,-0.34927692364270513,0.7527932353035283,-0.4350388156854734
2007-12-12,0.6031879025493403,0.4376977381314262,-0.7033836615262246,0.3497052874942952
2007-12-13,0.1223575520302056,-2.233302802576631,-2.5152618365982704,-3.027151746561252
2007-12-14,-1.3841622651711738,0.31729293999323005,-0.14176515116908206,0.5140563021411637
2007-12-17,-1.5134854466995584,-1.6598907175662703,-1.7209964926800936,-1.880956094669628
2007-12-18,0.6260159463819193,-0.07724956602785937,-0.27533124486218696,0.023890867378462133
2007-12-19,-0.13617568126456092,-0.18118142357366196,-1.1730302848045326,0.08278061876669796
2007-12-20,0.4888236191244566,0.3101276737378811,0.007250613966469643,0.9675390350183832
2007-12-21,1.6532422665618718,1.6059110963409395,1.4883788259753672,1.3850311571868446
2007-12-24,0.8044560385114252,0.0,,0.7000463388855849
2007-12-25,,,1.918876006365977,
2007-12-26,0.08083090331476583,,0.6469917791017465,
2007-12-27,-1.4385263354659727,0.4564735238375306,-0.5692177163229672,0.28511783201814467
2007-12-28,0.1502640562007329,0.0006873102137205933,-1.6643701070099937,-0.3221642256438173
2007-12-31,-0.6875168311073487,-0.11176104090822037,,-0.3092674425625219
2008-01-02,-1.4543083003997204,,,-0.6245314036243954
2008-01-03,0.0,-1.5183900801986283,,0.9723901117288491
2008-01-04,-2.4857970223955306,-1.4619159555474326,-4.109823387494238,-2.0409333885117675
2008-01-07,0.3218075231744777,0.30022192970093897,-1.3076413605139336,-0.20182287941121757
2008-01-08,-1.8522757462586803,0.2764989789039163,0.19373669873221644,0.32775756744438667
2008-01-09,1.3532109841889017,-0.8630425073706149,0.4840070255575313,-1.3270996307779725
2008-01-10,0.791671189712595,-0.48728564780535777,-1.4561808016900102,-0.8002987547818918
2008-01-11,-1.3688651328566337,-0.29091737778816906,-1.9462439772116369,-0.3332106874184504
2008-01-14,1.081197664888034,0.2687340380997938,,0.22065600965976984
2008-01-15,-2.5240900594804216,-2.2857184092085703,-0.9839348004728521,-3.106130508726679
2008-01-16,-0.5627885721787962,-0.7903785109801831,-3.4076721348657912,-1.3819862395649807
2008-01-17,-2.952417654491235,-1.0418326148869284,2.0444924891915406,-0.6838181976840829
2008-01-18,-0.6063769329588631,-1.7514577846615254,0.5631454577111228,-0.01185532190142169
2008-01-21,,-7.592929435777762,-3.938752194356354,-5.637429937481997
2008-01-22,-1.1147057387661974,1.3579856319857697,-5.815692505373882,2.8610470074232452
2008-01-23,2.121552966457596,-4.793548641578482,2.015725782231037,-2.3032904261700793
2008-01-24,1.0012438257545497,6.258389530518826,2.0348077450424995,4.639844319871678
2008-01-25,-1.5999239008266386,-0.8439138060273521,4.015067239632764,-0.11579261563152698
2008-01-28,1.739613041048127,-0.30892150170025445,-4.052271126648321,-1.374198763870993
2008-01-29,0.6140880526634085,1.1775086646519384,2.943364301038187,1.649848409122967
2008-01-30,-0.4775378708849587,-0.5447856435058185,-0.9978506880742088,-0.8172430321991442
2008-01-31,1.6633152629791148,0.09205855444989197,1.8371891442393817,0.7254386802349799
2008-02-01,1.216321916738039,1.9495993431190684,-0.7036638299590336,2.5091649839591668
2008-02-04,-1.0517990019449641,-0.008017412561756032,2.6506058078398453,-0.04977022686460941
2008-02-05,-3.2518473415343863,-3.9581929950509576,-0.8273864778070461,-2.6602801799285203
2008-02-06,-0.765284938923827,1.1512468117309993,-4.815726667066222,0.12602659169758113
2008-02-07,0.7854842639588355,-1.6309983047904097,0.8204148038100101,-2.6088777295079524
2008-02-08,-0.42125802217771735,0.05080448682548422,-1.4483728440035648,1.0410135953831556
2008-02-11,0.5871726706863534,-0.6236361528507928,,-1.3279310217553686
2008-02-12,0.7239627380711156,3.3577450533616826,0.03625093381351974,3.4829656779097107
2008-02-13,1.3512358038407335,-0.014461706335211488,0.35522752855037254,-0.5072046241441086
2008-02-14,-1.3512358038407335,-0.13998156400027995,4.182333586762965,-0.013611119217493695
2008-02-15,0.08373973796755863,-2.091551203206876,-0.028556083761621665,-1.5719959230242608
2008-02-18,,1.0654809588482195,0.09421703811138826,2.710192932663169
2008-02-19,-0.08966759003650182,1.2202034562408315,0.894456200896343,0.3407869112116657
2008-02-20,0.8306277988261002,-1.2375001292008747,-3.3070503318528566,-1.2360480236548455
2008-02-21,-1.2950864527482508,0.5238390260268844,2.7996572757958305,0.6528139116783294
2008-02-22,0.7849720529112147,-1.0937727970487643,-1.3816256185933184,-0.739387577366557
2008-02-25,1.3718145806112858,1.6422625169045801,3.021275900990439,1.8674836122841043
2008-02-26,0.6894091743070874,1.4643557326039058,-0.6478240794571377,1.454491270439462
2008-02-27,-0.09198674497632453,0.043049077023482596,1.4832260230932093,-0.17921727979839375
2008-02-28,-0.8982092990434509,-1.8956280585234353,-0.7568141403156758,-1.8402439709287677
2008-02-29,-2.746339501937012,-1.5920392236633774,-2.3430600632773135,-1.3738678648108404
2008-03-03,0.05334101903082811,-1.324071343067601,-4.594417850464438,-1.1228054209443172
2008-03-04,-0.3453585425228667,-1.7928742256341224,0.0007742007156252839,-0.8786278364402378
2008-03-05,0.5224655309318038,2.0382539110403997,-0.15575753001773052,1.4766351540114186
2008-03-06,-2.22598585247642,-1.8312780547640628,1.858654304819396,-1.499182088115525
2008-03-07,-0.8445928205016884,-1.139794078911649,-3.3283821700775817,-1.1599338362451306
2008-03-10,-1.5584285792662023,-0.8586541137765025,-1.9804764875456016,-1.2499024876639453
2008-03-11,3.6457132613329613,1.6914316379079253,1.0015830978939988,1.0830938458244788
2008-03-12,-0.9036278359461747,1.1317601720120862,1.5898007091692534,1.5000107088608772
2008-03-13,0.5113823424050423,-1.3263159989026718,-3.381992360744235,-1.4648699692379807
2008-03-14,-2.10022743914946,-0.9207211808851312,-1.5549696006537772,-1.0720549599357199
2008-03-17,-0.8999054083631108,-3.8519229267256705,-3.7799479153621363,-3.934933211914249
2008-03-18,4.153489642900965,3.6293292196804217,1.4875050759618702,3.4739688250363443
2008-03-19,-2.45869966260841,-0.82164829074447,2.446232678906668,-1.0796903054849594
2008-03-20,2.3662286124142007,,,-0.9129818688915492
2008-03-21,,,1.795544228192547,
2008-03-24,1.520524258521494,,-0.019873432900396892,
2008-03-25,0.2301247732709122,2.877835476876456,2.1021715962421084,3.467706110129143
2008-03-26,-0.880440513862979,-0.5836576445570785,-0.30323826293834344,-0.5057536717663069
2008-03-27,-1.1526658548938862,1.1195771945006427,-0.8063649095003456,1.003710307125516
2008-03-28,-0.7981957531415951,-0.30329971741522854,1.698284478693779,-0.43118796854031416
2008-03-31,0.5671135392827154,-0.3574028696746723,-2.3273328026132134,0.1614777939733969
2008-04-01,3.5267092136393785,3.4003985547423454,1.03948272099732,2.605147846886169
2008-04-02,-0.19359429314116383,1.1746184831848083,4.12458804571294,1.075760124722791
2008-04-03,0.13007917822775994,-0.6063783669885581,1.509024998866515,-0.41669716549677105
2008-04-04,0.07956797214259126,0.5352624502284797,-0.7246610345648108,0.9427068974590114
2008-04-07,0.15603804918233877,0.872552584169739,1.1742130881332358,1.1319343989200092
2008-04-08,-0.5113082927238999,-0.4699582346232134,-1.4966259972393203,-0.40982330371104325
2008-04-09,-0.8124990899776918,-0.9116349139077329,-1.0510555819600143,-0.10523201741694521
2008-04-10,0.4464073140925784,-0.47464730266977284,-1.2786652513623764,-0.3146676742790788
2008-04-11,-2.058459743950092,-1.5570104540687524,2.8813918304297914,-1.173648820538098
2008-04-14,-0.3389522761990449,-0.7789731223459384,-3.0962953944241534,-1.0897926040014383
2008-04-15,0.4589329186817537,0.5289306351061285,0.5640748251742878,1.282972058744214
2008-04-16,2.24376485954636,1.5542092434381871,1.190292438759677,2.3308865253602207
2008-04-17,0.062272059367085575,-0.6243192217583626,1.9000408841815641,-1.0942568807369213
2008-04-18,1.797645360615352,2.213047533050272,0.5815913518102178,1.2661163620427018
2008-04-21,-0.1554732801476888,-1.0213270158651255,1.6200229865601656,-0.059458573912785084
2008-04-22,-0.8849273303171756,-0.8998123689504922,-1.0918290203571601,-0.3027841255589081
2008-04-23,0.2895720843083538,0.7315002752459776,0.23106042140916827,0.8070466414492827
2008-04-24,0.6421614900284922,-0.04225860871152065,-0.28237479175903246,-0.5422641960059593
2008-04-25,0.6473736528735508,0.8583544007715105,2.354477531717869,0.6703924219538138
2008-04-28,-0.1052154891209689,0.5354123945727096,0.22264270968719302,-0.016417935252377447
2008-04-29,-0.3896273255606708,-0.5554442287182937,,-0.0164206311808357
2008-04-30,-0.38537184080862374,0.8240387666372584,-0.3199203016547969,-0.03449370892933956
2008-05-01,1.6995468403441905,,-0.6020247213150753,0.0
2008-05-02,0.32303754374387594,1.3626914939374402,2.0305428350502197,2.084157067532466
2008-05-05,-0.45438916104298954,-0.13807329553277015,,
2008-05-06,0.7622805755977957,-0.7015453812023509,,-0.003220956264371466
2008-05-07,-1.827985274237065,0.691992788386564,0.37809930103858136,0.7325954076184971
2008-05-08,0.3662835326675662,-0.4120260290449096,-1.1354481101806257,0.1563990302720697
2008-05-09,-0.6748165663026384,-1.4174673503889679,-2.0865578102192472,-1.0596806206343956
2008-05-12,1.0960492292484858,,0.6425181486498843,0.25753711494811427
2008-05-13,-0.03847453519085775,0.40637071227571653,1.5191065668426873,-0.14156804480780494
2008-05-14,0.3997583280623829,1.0525795151204775,1.1742632107624829,0.0659821504392255
2008-05-15,1.0528841196037142,-0.06742079143666757,0.9389499228825926,0.5742777977921776
2008-05-16,0.12496171021449953,0.2086044955019517,-0.22661325109183394,0.8362518231646021
2008-05-19,0.0897642614317462,0.5001854755887436,0.3519237231332184,1.1387448209903894
2008-05-20,-0.9316856535458662,-1.556765023610751,-0.7704692546306902,-2.9425806994854753
2008-05-21,-1.6183786536071665,-0.7399862557489811,-1.664830844084264,0.10492587381261131
2008-05-22,0.26139593430798413,-0.028992496166502235,0.3738445873548102,-0.26656557929598534
2008-05-23,-1.329843419471466,-1.7878199524773208,0.24108220762464327,-1.5372551860821204
2008-05-26,,-0.024700056475701615,-2.324884331781263,
2008-05-27,0.6822892512121648,-0.37305056017427063,1.4727849051181963,-0.4742356884866794
2008-05-28,0.395505891648007,0.8626025256504022,-1.3322720400651633,0.1830476441691431
2008-05-29,0.5320756886203704,0.24174931092950658,2.982405686079126,-0.024716379272859967
2008-05-30,0.15150183743459777,0.6802098213452012,1.504228475678282,-0.24089401727458437
2008-06-02,-1.0559822954777864,-1.5297022738771204,0.7060784760055228,-0.761126656091804
2008-06-03,-0.5804642134553895,0.4516084097623718,-1.6124279028172595,0.8304871721952267
2008-06-04,-0.032674973242130534,-1.029810882685922,1.580779600615756,-1.4566528286151126
2008-06-05,1.9308535254153547,-0.4394543538374762,-0.6564377839506363,0.4212102310708232
2008-06-06,-3.137633801853834,-2.3664754763800033,1.0289194397165247,-1.4871599799471724
2008-06-09,0.07933736546297254,0.017796306858564037,-2.1490309623528603,-0.4955664612859678
2008-06-10,-0.24410485020096573,-0.6313465010814312,-1.136150351076104,-0.859479415121811
2008-06-11,-1.7038681020649094,-1.8439040290486375,1.1509615358681557,-1.8008209801063657
2008-06-12,0.3274332291770321,0.9415920265505306,-2.10096084982041,1.1673115655659316
2008-06-13,1.4934189182590707,0.5652118969148745,0.6110840267256279,0.21218823819939558
2008-06-16,0.00808665266109898,-0.8410970239353333,2.6875261735082034,-0.1414059783506616
2008-06-17,-0.6794362473468318,0.6418950826025949,-0.04180785554552813,1.1547300218699874
2008-06-18,-0.9759291491304722,-1.348070817194369,0.7253217778405485,-1.8074648038080454
2008-06-19,0.37453020931321745,-0.6078927253975408,-2.2577350614930936,-0.8460361284766904
2008-06-20,-1.8716929874510235,-1.7395884976489029,-1.3400611525579365,-1.5464789355377206
2008-06-23,0.005307143031352268,0.02188531760403123,-0.6087193024267634,0.8221235288786488
2008-06-24,-0.28188104950155335,-0.6677588947759716,-0.05709855344040449,-0.5751261019865339
2008-06-25,0.5826400535617893,1.6280194864741304,-0.1419076665721164,0.5557125572773103
2008-06-26,-2.980501481058262,-2.75550607441577,-0.05496559773749965,-2.644931207414203
2008-06-27,-0.37243561390027935,-0.777745246690742,-2.0314449037776683,0.2136059985433647
2008-06-30,0.12664227601932865,0.3747169790083049,-0.46607850303992393,1.7193102399271964
2008-07-01,0.3828625653153672,-1.8042296993419527,-0.1349413515143283,-2.6294083136082946
2008-07-02,-1.8371344987170524,-0.13188992083836837,-1.32213453849932,-0.982936873518625
2008-07-03,0.10933244042243828,1.280488694770554,-0.1579535414872879,0.9227022221743653
2008-07-04,,,-0.20760254313803017,-1.171800532313405
2008-07-07,-0.8420790350196938,0.05282491207587725,0.918501934720517,1.8288073762652957
2008-07-08,1.693611962638375,-1.3612912552046552,-2.4775919661934154,-1.3183588314578998
2008-07-09,-2.3039556424807373,1.655519559084162,0.14590844845248085,1.6244529439250144
2008-07-10,0.6965436311526574,-1.7952353103538599,0.11547060447014701,-2.245811334413794
2008-07-11,-1.1151895352082164,-2.6303859272506003,-0.21082197450486007,-2.722220293885691
2008-07-14,-0.9068857497041449,0.5756144150174336,-0.22672134713026537,0.7347089418841435
2008-07-15,-1.0961111207183905,-2.3121129637097226,-1.9841781656902313,-2.4542164023545254
2008-07-16,2.4754604874712705,1.0140199287883789,0.04891355365757022,-0.412687525646227
2008-07-17,1.1940981372926984,2.5295074016225882,0.9914824873467509,2.600529960971798
2008-07-18,0.028568617558466514,1.989841293788075,-0.6558574534469841,1.6900455737244968
2008-07-21,-0.053957956816930164,0.3723236439885369,,0.5175909799650213
2008-07-22,1.3401856087015496,-0.2306231425643901,2.934257617808278,-0.7447610108167524
2008-07-23,0.40559306967180575,1.8249652225087232,0.9658936856538958,1.584995522159005
2008-07-24,-2.339598696581202,-0.9765586618696531,2.157739395122782,-1.6204290865999837
2008-07-25,0.41588480463001787,-0.10290321642472122,-1.9938971749795087,-0.18105086877611143
2008-07-28,-1.877165431708594,-1.1319723382936075,0.1425369166312862,-0.750106642550108
2008-07-29,2.308743079446174,0.34497562269582005,-1.4659364759070925,0.12415768397122662
2008-07-30,1.6534539279929206,1.269256840824795,1.5707938382911735,1.8902041610115106
2008-07-31,-1.3230903287161588,0.014550239403199328,0.06744936715215033,-0.16247797990160961
2008-08-01,-0.559401235764323,,-2.132342273023191,-1.062549823920378
2008-08-04,-0.9006523604902839,-2.3603052634312505,-1.240307781885619,-0.6463783053025196
2008-08-05,2.8314087237507835,2.7239743926950055,-0.14329657357006198,2.493002271229905
2008-08-06,0.3348736157926524,0.8522503329141173,2.6003402105759577,0.5776682311553927
2008-08-07,-1.8096496701488718,-0.3458584872486625,-0.9848449998344222,-0.15688458797438187
2008-08-08,2.361186756964173,0.3300157571093365,0.330272697320666,0.21337685070879076
2008-08-11,0.69187406968787,1.0849004221840985,1.9737987219308195,0.9536761496656609
2008-08-12,-1.2123868402247773,-0.25600599932822377,-0.952413269154917,-0.13180946476865074
2008-08-13,-0.29199218388873405,-2.417813061919283,-2.131379658887944,-1.5642514978660316
2008-08-14,0.5506612147370582,0.06228294430439263,-0.5100117560305151,0.8934730581897199
2008-08-15,0.4067649803148221,0.32062167676958353,0.48206010732574356,-0.7797524250859666
2008-08-18,-1.5212941748937503,-0.0454438719994954,1.1154655886464582,-0.08435781105475826
2008-08-19,-0.9358557566294223,-2.5984659510671193,-2.308167168297892,-2.410387094342603
2008-08-20,0.617820715683326,0.4723950493904283,-0.1038963420711525,0.961454138522555
2008-08-21,0.24918568436600452,-1.4168541096458043,-0.7770766783517402,-0.02978233823913712
2008-08-22,1.12689376647932,1.935338522172536,-0.6780187619851219,2.4900585653920615
2008-08-25,-1.9820570527915748,-0.9707606806545144,1.664729089511141,
2008-08-26,0.3679594428953159,0.5171933027000364,-0.7791188298616802,-0.6359159101270606
2008-08-27,0.7950961127648704,0.052450911746859674,-0.2017103370798523,1.045568589376522
2008-08-28,1.473110654422971,1.8103486835510552,0.11982222563329259,1.3118594778049442
2008-08-29,-1.3818705278780818,0.1846815379185074,2.3577478618470593,0.6300168807461759
2008-09-01,,-0.03655200709982154,-1.8427199208366218,-0.601462625375504
2008-09-02,-0.41009116023289494,1.5355303768554762,-1.7663802852736055,0.31898081352252916
2008-09-03,-0.20371521529352066,-1.3997864879176092,0.6333862712827099,-2.176266524865511
2008-09-04,-3.037885772284721,-2.834412435023914,-1.0451109593356378,-2.533787319979197
2008-09-05,0.44209777845676257,-2.755005047522907,-2.7892903380340783,-2.2900593144175474
2008-09-08,2.0302661013165135,3.038589126584945,3.319825186247982,3.8481328709188745
2008-09-09,-3.473448601838758,-0.7043384062473734,-1.7887276782895256,-0.5652747503527067
2008-09-10,0.6130591871801983,-0.5858784996755517,-0.4365780240764394,-0.9163636254786667
2008-09-11,1.3711937637729044,-0.6163247145693163,-1.9971099019871374,-0.8947571539453136
2008-09-12,0.21192868823822764,1.72062363379073,0.9232994523312499,1.8314322115349668
2008-09-15,-4.828298467905778,-3.946579988846466,,-4.002078057536984
2008-09-16,1.7371525271792088,-2.01109386151046,-5.080238262890724,-3.4921160182951994
2008-09-17,-4.828803267188508,-2.281337891343682,1.1992716688439486,-2.2782268359451407
2008-09-18,4.2428806317098555,-0.5960527021459328,-2.241922095059934,-0.661738100949627
2008-09-19,3.946737797774613,8.084855005911074,3.6873685713105786,8.469136974426306
2008-09-22,-3.8986804501018213,-2.229984130545404,1.413761499735422,-1.4221484857184663
2008-09-23,-1.5756111732192934,-1.3268968648667112,,-1.9321049135339052
2008-09-24,-0.19796860163383556,-0.6390145010213288,0.2019401930198228,-0.7916614198482108
2008-09-25,1.9465810036084719,2.759171538766836,-0.8996161880874709,1.9704094607991607
2008-09-26,0.33767215693920605,-1.5919119480267696,-0.9487233139472195,-2.1098444376455916
2008-09-29,-9.218959234553648,-4.811258459793422,-1.2654165273895401,-5.445819777064642
2008-09-30,5.2758158003824995,0.9926669211708372,-4.206507234603052,1.7220385209160582
2008-10-01,-0.45543441395912154,0.9548809769103883,0.9581020669754636,1.1579832925534106
2008-10-02,-4.112494871855432,-1.9701531360100333,-1.8958949507950962,-1.8169615276757867
2008-10-03,-1.359856579234453,3.4737793097423975,-1.9610559509571246,2.2334594231846694
2008-10-06,-3.9279269706542053,-8.189722009862077,-4.3446636755469115,-8.17843314669755
2008-10-07,-5.910779118196352,0.36462166028341514,-3.0754239500506486,0.3480382726657183
2008-10-08,-1.1397406925517828,-6.636805407192448,-9.849053338301061,-5.317852240331078
2008-10-09,-7.922406331313603,-2.461245725804684,-0.49921732146422926,-1.218847889542829
2008-10-10,-1.1828976472150643,-8.207875797218556,-10.116047101984371,-9.26454817828084
2008-10-13,10.957196759533883,10.437647119412219,,7.9367513761122055
2008-10-14,-0.5336349813537034,2.513233002511406,13.234592041579951,3.174436107968326
2008-10-15,-9.469512488423515,-6.7011617818034885,1.0518570630090096,-7.428656565599745
2008-10-16,4.162882229094134,-6.170062413218336,-12.111020449601284,-5.496918160272379
2008-10-17,-0.6232205932727553,4.3740035077903805,2.7446499570617178,5.089183027638455
2008-10-20,4.658287732523192,3.1682552027905153,3.523301392372602,5.26620804179867
2008-10-21,-3.1283992536070393,-0.5643962384214163,3.2840739162859123,-1.245258268984628
2008-10-22,-6.295307968785124,-5.577940731364883,-7.027657759261352,-4.566369946045867
2008-10-23,1.255489784581787,-0.24195292480699848,-2.494457830340302,1.1539524697111503
2008-10-24,-3.5120777951255455,-4.964124931819569,-10.087967217197047,-5.129590653926641
2008-10-27,-3.2279789320129204,,-6.5670476111971965,-0.7962763037054899
2008-10-28,10.2457358473937,2.053107677717936,6.211338294349389,1.8974680268691202
2008-10-29,-1.1140907177517256,5.456213023521261,7.455607313547752,7.742976746349228
2008-10-30,2.5476650236373466,0.5076091844335551,9.494139369756738,1.153025222492765
2008-10-31,1.5248545898600696,2.489287098249182,-5.14438382067457,1.9749080985375755
2008-11-03,-0.25322482950489444,0.7028376475481046,,1.4965248325719216
2008-11-04,4.001447845738948,5.409547950561144,6.079555576245355,4.3209302148829565
2008-11-05,-5.411525893116398,-1.6272618856250531,4.364763643559222,-2.3730105758978937
2008-11-06,-5.157120827951989,-6.422149885198891,-6.757051368757772,-5.870078867618389
2008-11-07,2.844618197210025,2.3520982583661976,-3.6171100614401652,2.144248191563136
2008-11-10,-1.2733896186857052,0.891297209099573,5.644813205293353,0.8872300505785802
2008-11-11,-2.228720025294262,-5.568768815986136,-3.0423675333414835,-3.6348233067093005
2008-11-12,-5.328886594572069,-3.3936171071554,-1.3001185923943837,-1.535265572381661
2008-11-13,6.692259078968732,1.2089522481822712,-5.397153444837244,-0.3065383276895872
2008-11-14,-4.25934906208667,1.1607604245931213,2.679635900361532,1.5186743809241676
2008-11-17,-2.6149349993598747,-3.8767975032551583,0.708752298277382,-2.4100961476234417
2008-11-18,0.9790290485440778,1.0629076141212224,-2.3046540699589,1.8320073963808525
2008-11-19,-6.310549598420678,-4.044550617543052,-0.6648821036614905,-4.941173944511412
2008-11-20,-6.94818454127768,-3.068798466232092,-7.140869812304196,-3.3172671775936635
2008-11-21,6.1328001115066755,-2.7361200203277924,2.661259409772576,-2.4557137896515258
2008-11-24,6.2714230814556515,9.438599478338894,,9.384243973982187
2008-11-25,0.6529413613966639,0.23498200451923523,5.090680622696198,0.43967263545585666
2008-11-26,3.471840142238225,-0.5075870006882255,-1.3389443626772746,-0.44689188682749403
2008-11-27,,2.2555004494467568,1.931376053088485,1.7520832925221441
2008-11-28,0.9596913918806571,0.09633401358035698,1.6449818514237435,1.4540818708377756
2008-12-01,-9.353652163820936,-6.017037874671782,-1.3607930824836245,-5.328368710274489
2008-12-02,3.916366397642257,2.832271608721726,-6.564471165435748,1.4020038894722475
2008-12-03,2.5508047919814203,0.6516228549491743,1.7697968123069785,1.1359260250232595
2008-12-04,-2.974649977384214,-0.033769873935352024,-1.0027476909264976,-0.15359276967714663
2008-12-05,3.5849090941537654,-5.04909995113616,-0.08497128353823769,-2.7811410234887646
2008-12-08,3.7668883466785985,8.393540279541423,5.067264775455982,6.006960307423448
2008-12-09,-2.3388944476326223,1.2782957807645268,0.7990551625413289,1.870713847188199
2008-12-10,1.1824007505509826,0.5944124838690001,3.10025306468642,-0.3200514956818168
2008-12-11,-2.8938762495764436,-0.40916527598016117,0.6939824049998933,0.48881757051599806
2008-12-12,0.700383123051207,-2.7112556518959607,-5.718326802098694,-2.4986659817550105
2008-12-15,-1.276683041148452,-0.47405977599837,5.075368320714269,-0.06543128738929482
2008-12-16,5.008481578859225,1.7658604992762506,-1.1216089415180264,0.7336960785805147
2008-12-17,-0.9639170015612208,-0.24107727187212546,0.5180291416088778,0.3498109075755096
2008-12-18,-2.1389823129045027,0.3251036635115945,0.6332397207390983,0.1502039521819043
2008-12-19,0.29325919817235757,-0.3381981432982073,-0.9122928115077755,-1.0165398637257184
2008-12-22,-1.847157668633681,-1.920422859992943,1.5626288366419772,-0.8833062339933306
2008-12-23,-0.9764984984231617,-0.6489852009745611,,0.15989761510883937
2008-12-24,0.5764496357789639,0.0,-2.3976800125492304,-0.9300612775636097
2008-12-25,,,0.9628200584574031,
2008-12-26,0.5341881620716471,,1.61511525807434,
2008-12-29,-0.3880117528480831,0.25826379745659267,0.0874995937181211,2.4087341848714416
2008-12-30,2.411401886322029,2.6110079613074433,1.27668429320682,1.6827635550193065
2008-12-31,1.4059048160206977,0.0,,0.9403143560197336
2009-01-02,3.1118816254462445,,,2.8369979442707915
2009-01-05,-0.46792884475959085,4.073777048409344,2.0507207077185896,0.389443972618686
2009-01-06,0.7786737413760569,0.9750973739551583,0.41624215793909514,1.28655687240542
2009-01-07,-3.046912022057313,-1.5587588944695696,1.7292974414901963,-2.873457202042573
2009-01-08,0.33913156919744836,-0.8700158245345868,-4.006134279444495,-0.04660204189583794
2009-01-09,-2.153321429320254,-1.1980583552983148,-0.4473515698824926,-1.270969497369201
2009-01-12,-2.2822587628668956,-1.4061282799840313,,-0.5025488440059789
2009-01-13,0.17565152157663633,-1.6693307529121348,-4.903849083933487,-0.6118721653882275
2009-01-14,-3.4032464490183045,-4.791842252622036,0.29123583754362414,-5.096795034381252
2009-01-15,0.132829916695254,-1.7906043053819154,-5.044760335759335,-1.4334658551153012
2009-01-16,0.7533131556373363,1.0477910926491418,2.545322574687958,0.62891766250317
2009-01-19,,-1.281935734909112,0.32388235688127764,-0.9351319949704617
2009-01-20,-5.426201462391322,-2.317087417255692,-2.341144581109411,-0.4170812485243758
2009-01-21,4.257205806919373,-0.5636592292325382,-2.0561315578301986,-0.7728867189284117
2009-01-22,-1.527844644087839,-1.3043700297231453,1.8817896083149321,-0.18983872544442448
2009-01-23,0.5363250283092924,-0.5663952265487104,-3.8808494013078842,0.0074043167561654855
2009-01-26,0.5537850154849977,3.6075405800687577,-0.8181580262151655,3.789111516073973
2009-01-27,1.086632953448241,-0.09659465671996159,4.814810826836258,-0.3474810794779515
2009-01-28,3.3006838682640094,4.317858960041576,0.5594028109682014,2.374788660483773
2009-01-29,-3.3681064466673405,-2.324932045061967,1.772321213396566,-2.477354229436912
2009-01-30,-2.305282101067707,-1.4388703151429816,-3.1666029958989483,-0.9712655715174989
2009-02-02,-0.053290997488986136,-1.724226861240652,-1.5133840495595408,-1.7454328314077117
2009-02-03,1.570993844294577,2.0772009790059442,-0.6174769961663884,2.1038581118387967
2009-02-04,-0.7517697439794802,2.326519618161793,2.6908346343256895,1.5274771709599122
2009-02-05,1.623318860075873,-0.1960374945300991,-1.1169336158827647,0.0070896763258332385
2009-02-06,2.6540681935397714,2.1752476892301864,1.584559243637429,1.4787613716057635
2009-02-09,0.14840917192797676,0.2254626511705382,-1.3410730655435188,0.3651424561100569
2009-02-10,-5.0368669494148754,-3.500392082036363,-0.290165301565537,-2.2182185193832638
2009-02-11,0.7923477223390485,-0.011022806671778795,,0.501923711032326
2009-02-12,0.17376553579211418,-2.36244422883809,-3.0744926176339504,-0.7609734908324839
2009-02-13,-1.004800838911457,0.6004684870817734,0.9563028996058875,-0.3002956859093686
2009-02-16,,,-0.37644333124049467,-1.3166374816417914
2009-02-17,-4.662949981810449,-4.982784724068878,-1.3596251759228295,-2.465565975244033
2009-02-18,-0.0950817478245547,-0.07125292722136578,-1.4634015069825423,-0.6790322781702329
2009-02-19,-1.209689689849558,-0.17149151145847696,0.30757806872081517,0.2890859209639274
2009-02-20,-1.147859226361625,-5.000898051514113,-1.8869230675699455,-3.2705995647118513
2009-02-23,-3.5315317490224984,-1.0016819172453673,-0.5437852534475596,-0.9922856230042854
2009-02-24,3.932004922172627,-0.7119980730150743,-1.4694993466569883,-0.8947392967288081
2009-02-25,-1.071502543791869,-0.6208863600619452,2.6160762803828064,0.8505829994632563
2009-02-26,-1.5905676845763494,2.8037158848112753,-0.04410491254116522,1.715522504383138
2009-02-27,-2.3846484170293003,-2.2470736477019138,1.4706397327989507,-2.207766133611244
2009-03-02,-4.774188875107299,-4.84362393908464,-3.883286373805106,-5.481597092904167
2009-03-03,-0.642737803835125,-0.9638480016015194,-0.6951115364604021,-3.1860790103028336
2009-03-04,2.347535830991543,4.135360955033018,0.8434881622415347,3.738904480024452
2009-03-05,-4.346330218569694,-4.806875325898563,1.9360278102951156,-3.233370751090092
2009-03-06,0.12153143959858781,-1.9082255141235294,-3.5657565509028544,0.022662347340052236
2009-03-09,-1.0074245130306636,-0.400307647133058,-1.2212722014389499,0.3308298224357742
2009-03-10,6.17186323188923,5.8764594967114725,-0.43914621517959773,4.762806341427783
2009-03-11,0.2442830735847501,0.6884195445157282,4.45140233264123,-0.57767477000219
2009-03-12,3.992107486845242,1.532593805894411,-2.4409830066183247,0.4942028845192681
2009-03-13,0.7709235009042636,0.3499354982380076,5.025998133324983,1.1144226681564007
2009-03-16,-0.3522120560965014,3.20767458054938,1.766120977854868,2.896090914489946
2009-03-17,3.1634259452989255,-1.0613114969447501,3.1303341938000884,-0.17872852555278484
2009-03-18,2.0643391776915543,0.34429128859256863,0.28942429862279795,-1.3599639781094908
2009-03-19,-1.3064127999234287,1.0047470882614817,-0.32930984753374304,0.31225579357521127
2009-03-20,-1.9967428951184196,0.5564074412239606,,0.6788715245123811
2009-03-23,6.836638735773626,3.3919109515297308,3.3362680335834227,2.8196936407672624
2009-03-24,-2.0626361096598878,0.265946341342449,3.2662422872373753,-1.0503268759199713
2009-03-25,0.9580332245017864,1.0199812132632324,-0.09794234961368886,-0.2867446369833715
2009-03-26,2.30526022398303,0.3618103288196117,1.826843490740515,0.6363807137384825
2009-03-27,-2.0524717385895563,-1.7873429013416597,-0.10844221655990083,-0.6722855888071422
2009-03-30,-3.5439323427820746,-5.239286517766484,-4.636879888102996,-3.550452625826672
2009-03-31,1.3044168377756904,2.9656144138923146,-1.5484625246246608,4.245668085679988
2009-04-01,1.642104317974269,1.26852689854422,2.9450387117492483,0.748572948078774
2009-04-02,2.8322225961305847,5.514529471416196,4.310376567467777,4.193369868484709
2009-04-03,0.9684722294469594,-0.8035842099851642,0.3441357027455183,-2.3374100403380282
2009-04-06,-0.8367275616680381,-0.8688010110483368,1.2277671099024445,-0.9023880007958951
2009-04-07,-2.4143669317648886,-0.6521991386383874,-0.2835386107818749,-1.590139512363109
2009-04-08,1.171455708684821,0.9755717426531696,-2.729590658924863,-0.1272912595501552
2009-04-09,3.7347090620733603,2.755721766270902,3.6672321751009207,1.4717291769102303
2009-04-10,,,0.5374769606188323,
2009-04-13,0.25301658560268336,,-0.44364413259856406,
2009-04-14,-2.02685172249355,1.3591168820575206,-0.9202462279306545,0.13295494979939093
2009-04-15,1.247093038881797,-0.6909445900868505,-1.1341162152678663,-0.5177606738127949
2009-04-16,1.5419309485732668,1.6457168148322765,0.14058352112904515,2.10943814610296
2009-04-17,0.4957054226538915,1.7511378194618565,1.7247972580708648,0.9771996686465556
2009-04-20,-4.373220914165632,-3.99609496233424,0.19257076451353328,-2.5212599426534865
2009-04-21,2.102938421614553,-0.25862326024226334,-2.4203829845221847,-0.08522767951379961
2009-04-22,-0.7711320225478602,1.8572884794096467,0.18315350614166448,1.077557792041972
2009-04-23,0.9873443065782084,-1.150665246102811,1.3623501050178177,-0.31060170212011684
2009-04-24,1.6657834020331386,2.6358454424361355,-1.5838500418009716,3.3719044226797834
2009-04-27,-1.011758749904601,-0.10910713924037196,0.21049981351026759,0.2643279203336846
2009-04-28,-0.27442976398495134,-1.6025157361789333,-2.7013121652776917,-1.7087837060701716
2009-04-29,2.137985372716411,2.3432828783245263,,2.249677191273136
2009-04-30,-0.09505192207450719,1.7304297651140388,3.8625014757389664,1.2830288954818414
2009-05-01,0.5381880325808552,,1.6749066263873402,-0.011782864828546735
2009-05-04,3.3307243587725743,1.8432696402399529,,
2009-05-05,-0.37989294772939886,-0.49636653511928586,,2.184203705804144
2009-05-06,1.7254618329419102,1.226891528927876,,1.3648985179997908
2009-05-07,-1.329033898576082,-1.2879668799643973,4.4480295752808985,0.050031728887134364
2009-05-08,2.378390237911354,2.313347971321189,0.5008890775677344,1.4310441993806933
2009-05-11,-2.174719020275351,-1.1764809899213802,0.20281270115720673,-0.597918014109311
2009-05-12,-0.09793349834765763,-0.3808210840533732,-1.6359328529834016,-0.22570825517096438
2009-05-13,-2.726319853661252,-2.8042441641469296,0.44937740526975745,-2.1492473581878
2009-05-14,1.0298431992771917,-0.16005758108770252,-2.6773521880636864,0.717743944188598
2009-05-15,-1.1475676904066923,0.4481099943148159,1.8660751199961467,-0.33292417527555074
2009-05-18,2.9936594996533117,2.450168591055135,-2.473166786543324,2.2378279323509886
2009-05-19,-0.17383460198727718,1.509557806885553,2.7455472967199412,0.8018994111283817
2009-05-20,-0.5144672688047081,1.1150781401244814,0.5833106364308449,-0.31058831091428374
2009-05-21,-1.689955803033616,,-0.8650724694545531,-2.78895539643198
2009-05-22,-0.14983325081701082,-2.1806709623581,-0.4147210199112905,0.45460438147699733
2009-05-25,,0.2753512255237567,1.3050491824932564,
2009-05-26,2.5962207600157328,1.1498114361112144,-0.3879391623005546,1.05732762672055
2009-05-27,-1.9153424774367878,0.4458449379959539,1.3649580818265505,0.10194950533293223
2009-05-28,1.5301255166552785,-1.0675979683999692,0.1336158043457658,-0.6520053238698864
2009-05-29,1.3483445887850998,-0.07788582261021304,0.7495635931457301,0.6904859168772148
2009-06-01,2.5489943861423114,,1.6172016883432505,1.9789821671452046
2009-06-02,0.19813369747483378,3.3272121443668645,0.2740636188885759,-0.6501090373379981
2009-06-03,-1.3834465750710123,-2.0241617429748615,0.38424804001486734,-2.112852257200082
2009-06-04,1.1418220142165758,0.1484843987237916,-0.7491802322689978,0.07981483560985936
2009-06-05,-0.25178574888160554,0.6448534444603915,1.0191986044363333,1.171622836515418
2009-06-08,-0.10110654544464026,-1.3999836185856651,0.9944251131232207,-0.7553327762622075
2009-06-09,0.34970597611732046,0.44504204120396906,-0.8020373234893796,-0.00908945800865979
2009-06-10,-0.34864013799680293,0.8658156118338312,2.069713968434428,0.7238540792975812
2009-06-11,0.6093297249543106,0.8516470713883173,-0.10173983410890486,0.5641310539481026
2009-06-12,0.139602084821977,-0.5211172288124288,1.5359359403438688,-0.44699369255933874
2009-06-15,-2.405559125359691,-3.1504753225998883,-0.9531477791920651,-2.6461397941368148
2009-06-16,-1.2801901027886586,-0.22357506405201732,-2.898162342386179,0.06008591281254638
2009-06-17,-0.13825234667823594,-1.7573351213155064,0.8979435761016674,-1.1641705783020484
2009-06-18,0.837581500488227,1.2809270767986547,-1.4032760786985676,0.05607641736631308
2009-06-19,0.3109358223242431,0.8384952353717168,0.8470048165897026,1.5069604384924773
2009-06-22,-3.1078364330823227,-3.1495804081311363,0.40800266525167217,-2.6062035608743983
2009-06-23,0.23040684995176974,-0.2461424619314201,-2.8559011007704527,-0.09688207676283866
2009-06-24,0.6503248824326846,2.723588227280249,0.4253936238592715,1.1751016535518133
2009-06-25,2.1217583998248024,-0.6695992260353556,2.122802461497031,-0.6422426039348395
2009-06-26,-0.14789203486031965,-0.5179293999881374,0.8265957597272333,-0.2731493061903123
2009-06-29,0.9024296841261936,1.9807492654202008,-0.9554072332486285,1.241960896413552
2009-06-30,-0.8567351633166354,-1.4890532394448819,1.7726277076240748,-1.0487923568334168
2009-07-01,0.43524446236515857,1.9805174614607068,-0.18605290200319757,2.130489453637452
2009-07-02,-2.957768482595746,-3.3235582724044477,-0.6437147696004786,-2.481769136486456
2009-07-03,,0.28781693752977233,-0.6101928822227265,0.047222159691173715
2009-07-06,0.2562462104256369,-1.3812767212718846,-1.3869085045085328,-0.9820722203656373
2009-07-07,-1.9879785362884483,-0.9852626457781177,-0.34229077603491476,-0.18849914160146142
2009-07-08,-0.16699311679353457,-1.2822530312686098,-2.381417437430855,-1.1240344013238257
2009-07-09,0.3540946062317474,0.9789028966395108,-1.3862101999979615,0.4458429375899797
2009-07-10,-0.40299380776831484,-1.4101538850009199,-0.04068498002425258,-0.7603314128120431
2009-07-13,2.462794877722718,2.7559242422980468,-2.584452168539819,1.7985165299293726
2009-07-14,0.5301983236098984,1.0810270227731067,2.3098217759084605,0.8436291751340974
2009-07-15,2.919943487510146,3.3314800551591084,0.0803022629018102,2.5350208214799608
2009-07-16,0.8604634691705471,0.3238278747987877,0.8049095792797445,0.3513847886047472
2009-07-17,-0.03827351332095219,0.41516405987147564,0.5460160268571101,0.617102527568747
2009-07-20,1.1366702462731304,1.2672478599401238,,1.2409084003545345
2009-07-21,0.3620714522427626,0.7688259024098087,2.6955445087894603,0.8426030585034994
2009-07-22,-0.053441937625020586,0.35097631784166694,0.7343513283313285,0.2785548036975172
2009-07-23,2.3022599224312934,2.2266393097678083,0.7151077183483068,1.4602260757468954
2009-07-24,0.3037543443476842,-0.11724872992893154,1.536288100136396,0.3677665619711945
2009-07-27,0.297738912597012,0.7194973575272989,1.4387393503444201,0.20736252854725024
2009-07-28,-0.2609847107349239,-1.0949916649225955,-0.013881801996262766,-1.2573050373379857
2009-07-29,-0.4573406026934457,1.0527035933535878,0.2572261387097541,0.4120670796595505
2009-07-30,1.1825384188157706,2.0716026560511303,0.5125622504776217,1.8324770430616866
2009-07-31,0.07395090837833962,-0.6276429365489555,1.8675110847262033,-0.5021697849919349
2009-08-03,1.5225607827280996,1.3531393493741106,-0.04211008260117666,1.5951451345268097
2009-08-04,0.30075704221061983,-0.11637381851272721,0.21748952115334674,-0.23733636200038433
2009-08-05,-0.29178446171664874,-1.0474167119897793,-1.1875476315756472,-0.5215401570609401
2009-08-06,-0.5640532654179076,0.71177036020309,1.313541149897901,0.9295796438374637
2009-08-07,1.3349700532252484,1.6471336222733335,0.23076733962188456,0.8724245744737402
2009-08-10,-0.33505567248806045,-0.4670475189306522,1.0715430077270938,-0.198859826739195
2009-08-11,-1.2740935609429904,-1.596806926275196,0.5798311637466469,-1.0837470339028599
2009-08-12,1.1459230792872255,1.396125809920079,-1.431581714639485,0.9693198442800366
2009-08-13,0.6856450796144387,0.6499908665856147,0.7845561689670433,0.8171280775318479
2009-08-14,-0.8567949977279277,-1.3517997458145636,0.7590987750067058,-0.8765038426364669
2009-08-17,-2.4559960849173557,-2.488935035076345,-3.1510386618856856,-1.4745432248137291
2009-08-18,1.0094533393885996,1.0243903240518826,0.15909267903229107,0.8745244902817362
2009-08-19,0.6837483447019288,-0.2939088158657732,-0.790282986080193,0.083203900592288
2009-08-20,1.088922798411307,1.5431935784364192,1.7429554934178526,1.4164491661601275
2009-08-21,1.8451479725420938,3.0302115547443442,-1.4083513226877287,1.9631086776556117
2009-08-24,-0.05459459189838256,1.1846701337211663,3.2938804916566866,0.9295199326832204
2009-08-25,0.23666638183668098,0.8172780142708724,-0.7940816434285125,0.4198438731052079
2009-08-26,0.011671995565354365,-0.43792209875146426,1.34693937624224,-0.5342857356101405
2009-08-27,0.2777900271591527,-0.4052729732585192,-1.5700118720012313,-0.43443091506425446
2009-08-28,-0.19903077323775165,0.9327616757636825,0.5728272385773892,0.8079158063269531
2009-08-31,-0.8109198540382501,-1.2035035485298273,-0.39577764304734586,
2009-09-01,-2.237222631680602,-1.9822596876089449,,-1.8338138241743351
2009-09-02,-0.33018843457508495,-0.44210720479798127,-2.0418599158933404,-0.0435826969306774
2009-09-03,0.849858245094115,-0.1680568925833903,-0.6423051367626442,-0.43269108071672946
2009-09-04,1.3032243708162028,1.621335665825896,-0.26987208041671096,1.138021104473097
2009-09-07,,,1.3051652673183867,1.6658705047513322
2009-09-08,0.8806045829839348,1.552041752855171,0.6979794933567263,0.28540294409555855
2009-09-09,0.7752259025442854,1.2245959541201223,-0.7832869874428994,1.1455570074954124
2009-09-10,1.036829277665774,-0.10925983273484263,1.9354499882961562,-0.33225829956009534
2009-09-11,-0.13513389885906335,0.4910767914164893,-0.6617052844337223,0.47603506613391744
2009-09-14,0.631910740710584,-0.07490759820454329,-2.346963634159316,0.14754952461153437
2009-09-15,0.3130436490645039,0.4848173804949063,0.15240738469106674,0.46119146077643336
2009-09-16,1.5207308062442415,1.3721825107372077,0.5188258735563167,1.613223756873694
2009-09-17,-0.3064329005571409,0.45588647198782084,1.6706531053223728,0.7756554078994782
2009-09-18,0.2633867594107109,-0.28394973747243313,-0.7039384260503212,0.17219678292299534
2009-09-21,-0.341311420788859,-0.5114809698914868,,-0.7470468460162749
2009-09-22,0.6553348588267838,0.3159513906672018,,0.1595834786957795
2009-09-23,-1.011955845312329,0.19552957922428504,,-0.06224850059997067
2009-09-24,-0.9556548191773651,-1.7123940330435516,1.6608718616236473,-1.1762903766904031
2009-09-25,-0.6109360827818655,-0.22115817244436897,-2.6742254938636023,0.057085877159224196
2009-09-28,1.7652853549567027,2.344178002206032,-2.5298968319257042,1.629638164849645
2009-09-29,-0.22320656428957975,-0.2306866777214367,0.9018651669819633,-0.11621826657268741
2009-09-30,-0.3333852135212645,-0.6872470644140982,0.3264923613503612,-0.5012890874345644
2009-10-01,-2.609721149328159,-2.1879788550473123,-1.537339532151627,-1.6913119137447197
2009-10-02,-0.4515705309363405,-1.790007433439289,-2.5040694381397444,-1.1777072179263826
2009-10-05,1.4765453960325026,1.0873054368754964,-0.591353030518782,0.7110707954524287
2009-10-06,1.3612415569053127,2.6491494231269286,0.17875984390389732,2.237779680234553
2009-10-07,0.27079365605269246,-0.4732550705065286,1.1061381642381463,-0.5679800947532954
2009-10-08,0.7442145876693118,1.2349126884057426,0.33486177478359025,0.8905441095226507
2009-10-09,0.5624810543572778,-0.18822790249677368,1.8532569797145015,0.1415171018424033
2009-10-12,0.4376777568566581,1.109991534745447,,0.9313570377171843
2009-10-13,-0.2791504630812902,-1.218297154963821,0.5989175713219552,-1.0806326048045989
2009-10-14,1.7393743058258693,2.4619248660020077,-0.16238565915269731,1.957737127317749
2009-10-15,0.41488503163931156,-0.39830814615227084,1.7581777812402777,-0.6317376001950592
2009-10-16,-0.8131023468329168,-1.5622819363387386,0.1845139671022622,-0.6299679742356901
2009-10-19,0.9361366739514487,1.844956862312408,-0.20542344953327074,1.7437878569275256
2009-10-20,-0.6258649187024901,-0.7604931346622656,0.9753479661647191,-0.7240024026268443
2009-10-21,-0.8893233917182108,0.40089375045173625,-0.033383232110217875,0.27615646605134714
2009-10-22,1.058737435850876,-1.1865190732829767,-0.6428947176470245,-0.9651016772568966
2009-10-23,-1.225331535289964,-0.5566397152717784,0.15396780857201975,0.6736904965565671
2009-10-26,-1.1786514446439078,-1.7920739850093348,0.7714015359940873,-0.9756342957636832
2009-10-27,-0.3323307116675167,0.012340533816512789,-1.4596572335367597,0.1789680640250424
2009-10-28,-1.97343861452417,-2.0205069234675577,-1.3546488370971943,-2.346093536506544
2009-10-29,2.22701243339678,1.6533692512900267,-1.8426727798614095,1.1215567094692958
2009-10-30,-2.8466028015250444,-2.9196018314198824,1.4417772536406304,-1.8287162921954092
2009-11-02,0.6435653191021018,0.706445431601832,-2.336971524063358,1.180412002832476
2009-11-03,0.2423064313306078,-1.8501930401138011,,-1.3272092703358496
2009-11-04,0.10420772415047352,1.8625011516563816,0.4210198937386167,1.3937930802505605
2009-11-05,1.90528872206146,1.0851777330508128,-1.2971326132594996,0.3459268669240956
2009-11-06,0.2500124319576358,0.028994400473880688,0.7372766639507589,0.33306609616783334
2009-11-09,2.1995084915274354,2.3296388905664323,0.2004315848356697,1.7826813936787644
2009-11-10,-0.0063992141384972,-0.12840494663928226,0.6274523695113388,-0.08790723735803141
2009-11-11,0.5019357795690738,0.8564856780173713,0.009616037183057813,0.6896917496129973
2009-11-12,-1.0312359059077458,-0.14206802191463197,-0.6829552148632345,0.18400687126707282
2009-11-13,0.5722887256427001,0.2125056261550462,-0.3492316564488007,0.3764326916224192
2009-11-16,1.4363976568498416,1.4842225889835525,0.21337971594164173,1.6162817260770623
2009-11-17,0.09189839116237053,-0.6593457892572374,-0.6275278706846521,-0.6860249605992408
2009-11-18,-0.046835078426799015,0.05537344406825184,-0.5475421870650976,-0.07110413262712001
2009-11-19,-1.3516805711666358,-1.672477703387809,-1.3245621002770491,-1.40249806451056
2009-11-20,-0.3220102206201503,-0.9565611681018993,-0.5438101583454369,-0.3099182603902406
2009-11-23,1.3523913934335496,2.2728963720392237,,1.9629381097816534
2009-11-24,-0.053344952090395026,-0.7136693700508623,-1.016975678576415,-0.5899169689682182
2009-11-25,0.44940068802361566,0.6691475725086882,0.4251888079148003,0.763415979066373
2009-11-26,,-3.42217897654864,-0.6204512514409899,-3.2335675482716653
2009-11-27,-1.7383699967933985,1.126004320637275,-3.2683616263648574,0.9885345773783527
2009-11-30,0.3785818430064758,-1.2042627748645174,2.8658745410844233,-1.0540130145038518
2009-12-01,1.2002902588402087,2.628480833768343,2.3962811227622893,2.313749836499923
2009-12-02,0.034263999883954455,0.215314003388567,0.3830875340041118,0.2857197118702359
2009-12-03,-0.8437597492033433,-0.06256600321092876,3.765562845488013,-0.27066484844535665
2009-12-04,0.5494312254292311,1.181742361461069,0.4491941398010013,0.17676636285735015
2009-12-07,-0.24714329268036295,-0.48566191440642115,1.4364625891793992,-0.22006210127507586
2009-12-08,-1.0304492069515447,-1.6382188140712017,-0.26718343829799096,-1.6632576032135304
2009-12-09,0.3665645395977357,-1.0964762714497311,-1.3477366902463928,-0.3682788340539034
2009-12-10,0.5822720019583727,1.1708603492182945,-1.4284790841609052,0.775249631010233
2009-12-11,0.3676328028912934,0.3860971536958857,2.454217647218826,0.3274359543128824
2009-12-14,0.6935296207216446,0.7892391270431176,-0.02167288494341335,1.0154235916822074
2009-12-15,-0.5562408837016086,0.12401589777573108,-0.21991234429510342,-0.5565474758777
2009-12-16,0.11275940949078134,1.3048951564017308,0.9272086027989346,0.6505713307047856
2009-12-17,-1.1880913538032445,-1.1983309209709248,-0.13382049169887722,-1.9492111260662526
2009-12-18,0.5812952040881392,-0.7093684940146616,-0.21422406583635478,-0.39945308076738684
2009-12-21,1.0448977120225855,1.8916390962317564,0.4075662533193025,1.853108984296803
2009-12-22,0.35572134993948623,0.6696454059175849,1.8925307389229928,0.6533238837716837
2009-12-23,0.229602068683743,0.3987686401745627,,0.81673752327589
2009-12-24,0.5242407471723887,0.0,1.5194174860853948,0.556856332665312
2009-12-25,,,-0.4013955917447021,
2009-12-28,0.1153415281841319,0.8397477524842323,1.3206770702717918,
2009-12-29,-0.140203408860895,0.3233798533226917,0.036000840500349796,0.6494523807692332
2009-12-30,0.019541047723503624,-0.8673669623401992,-0.8649693110356793,-0.7327834056811255
2009-12-31,-1.0100435863962254,0.0,,0.27750046059136224
2010-01-04,1.5916082167126255,1.723295106756595,1.0221157005505077,1.6017625137161318
2010-01-05,0.3110831966759875,-0.18042449092607882,0.2534614516267908,0.40280556161409464
2010-01-06,0.05453718878234426,-0.08967740009833136,0.4634526365791203,0.13571592221079953
2010-01-07,0.3993218354654715,-0.07710900228339312,-0.4650434054388697,-0.059688781050049045
2010-01-08,0.2877583075095558,0.3488693336384685,1.0862328620850903,0.1356128503928744
2010-01-11,0.17452316285844205,-0.2524883123445676,,0.07044430519105305
2010-01-12,-0.942544643894383,-1.1140711241225176,0.7456566456427893,-0.7139763096049023
2010-01-13,0.8291456333360259,0.051047625278677344,-1.333491047524582,-0.45934706210584153
2010-01-14,0.24234864214136564,0.37868080976828367,1.5954848241058528,0.4502535906260263
2010-01-15,-1.0882126301208217,-1.668176791755105,0.6799539418958389,-0.7814875550121059
2010-01-18,,0.5974842578782891,-1.1633458679662922,0.7123448028625745
2010-01-19,1.2422151207736931,0.9070012093371105,-0.8342302679407609,0.3397722153602345
2010-01-20,-1.0654386601861354,-2.380684379781961,-0.25467714121418794,-1.6883726095498375
2010-01-21,-1.9126657272988012,-1.7775279327654658,1.2116324377233312,-1.593572298035717
2010-01-22,-2.2389779630108464,-0.9280669745486136,-2.5898355050475885,-0.6034948869993784
2010-01-25,0.4587559053796042,-1.045348882001207,-0.7378935880311133,-0.8084675940768449
2010-01-26,-0.42120578477859993,0.7254617858887258,-1.7987856124925372,0.31507633623064635
2010-01-27,0.4868282868612184,-1.4368575920695292,-0.7114664158565986,-1.13204256073125
2010-01-28,-1.1888125534279759,-1.8126205370112558,1.5698285785477495,-1.3856907559551601
2010-01-29,-0.9877799049982094,1.4326996146347248,-2.098335643932714,0.8283185653528591
2010-02-01,1.4165305546369744,0.591010911884915,0.06841613568493443,1.1288059163803155
2010-02-02,1.2889520445202862,1.3060122105080119,1.6142402398344302,0.6818168292113569
2010-02-03,-0.5489350382538838,-0.9015718491748537,0.3199960613484265,-0.5713413610525464
2010-02-04,-3.1635856049806677,-3.5257315709722015,-0.4657897258512733,-2.1920606489919336
2010-02-05,0.28929303608267176,-2.8400029293852214,-2.9286333026792732,-1.5372531619080476
2010-02-08,-0.8902803100374612,1.2330435100587067,-1.052236245892324,0.6185242752202669
2010-02-09,1.2955841773586663,0.15526385906383666,-0.1902961360833899,0.38219979192550824
2010-02-10,-0.22350694280079964,1.1824446193349658,0.3125098251633318,0.39438922823453737
2010-02-11,0.9633882335101873,-0.7404631303586484,,0.5731788170116658
2010-02-12,-0.2748366119941892,-0.2162597549194345,1.278428266270204,-0.3687892378531288
2010-02-15,,0.3497431706938059,-0.7847710149158971,0.4849670028811204
2010-02-16,1.7840653536262074,1.3670027747904712,0.20900512175323627,1.4714641180628263
2010-02-17,0.4229004596710162,1.5130629351286728,2.680254881376243,0.6178315659216338
2010-02-18,0.6563157733795677,0.5793682425869306,0.27962060501227626,0.9149539687108188
2010-02-19,0.21842348635905395,0.5409546746374616,-2.0735631942949695,0.619662513712349
2010-02-22,-0.10464051249199358,-0.547431205760418,2.6983607182360814,-0.11391087362611074
2010-02-23,-1.2176644945198767,-1.7264078479141354,-0.466161119591213,-0.6937180835876688
2010-02-24,0.9673519697190436,0.1602732671152296,-1.4916344458244524,0.5216713779889304
2010-02-25,-0.20832085528654787,-1.8648475692248923,-0.9543554929601683,-1.21833909374498
2010-02-26,0.14043925568580917,1.6276341168454778,0.2379902657867916,1.4352161350627668
2010-03-01,1.0107257423602967,1.6080555296726473,0.45353406284593945,0.9553602794396099
2010-03-02,0.2327731002886857,0.8486314005820006,0.4881888577935811,1.436208255284832
2010-03-03,0.04291095214004059,0.9347063200383587,0.3057373423086318,0.8913331110775857
2010-03-04,0.3729156079571361,-0.23019505901809012,-1.0532051116511454,-0.10849517877566939
2010-03-05,1.3910282801603557,2.1548005893064826,2.1764809418751696,1.3049454410085204
2010-03-08,-0.017561143217648123,0.06427599440037568,2.0708084727370846,0.12314980586420887
2010-03-09,0.17112720239724766,0.04930284388064976,-0.17273240897477393,-0.07851531539042611
2010-03-10,0.4514354904213036,0.9910062808826225,-0.03530706647527637,0.6813267299639492
2010-03-11,0.4033374313506144,-0.4706152676296149,0.9518267871582609,-0.41393734960504247
2010-03-12,-0.02173695700928846,0.09044087336889106,0.8060253214470237,0.1494332862794323
2010-03-15,0.04520926234361511,-0.9641430796776262,0.006703204888403036,-0.5668718643940807
2010-03-16,0.7749014983159164,1.2249787188202355,-0.2819313053068484,0.47261175084063467
2010-03-17,0.5804795332563728,0.869598883477618,1.161608923981916,0.4296534849689948
2010-03-18,-0.032589912668878895,-0.6011966068117935,-0.9536466520026821,-0.0354383724275209
2010-03-19,-0.5099426451613098,-0.5433902384598177,0.7482105319384758,0.13282919006094573
2010-03-22,0.5082359099180422,-0.24875895953986316,,-0.09916416812867368
2010-03-23,0.7145377784800289,0.6815782061213582,-0.46825994197678966,0.5142234390682177
2010-03-24,-0.5508447887288881,-0.2263350673396225,0.37870757864020277,0.07575747510273345
2010-03-25,-0.17056210833281682,1.5089117431386967,0.12769741737823637,0.8732659223550598
2010-03-26,0.07374506159880667,-0.24282946299392094,1.5351396210153467,-0.43217359103238095
2010-03-29,0.5667146312798188,0.22247191885513828,-0.09007381543746362,0.13492901248444156
2010-03-30,0.004265846293094455,-0.2653248769482808,1.002289494179287,-0.6746997504469832
2010-03-31,-0.32782423180330866,-0.29024895038443077,-0.06489559669233813,0.12861801175017007
2010-04-01,0.7386454005524179,1.6021598955181737,1.3831831865868338,1.143166279779173
2010-04-02,,,0.3700718472657627,
2010-04-05,0.7896729443087835,,0.47035706225440066,
2010-04-06,0.16828788753491253,0.3682982938992829,-0.5037624395846763,0.6160379837591989
2010-04-07,-0.5894042967262259,-0.4986461882965365,0.09310915942908338,-0.3170859002851856
2010-04-08,0.33686614308550134,-1.0921332104007142,-1.1097546315934181,-0.8610207807262071
2010-04-09,0.6661668296831458,1.7261639589252198,0.32307176394343884,1.0153574991282
2010-04-12,0.17650508571405155,0.28986927325931333,0.42358486987303934,0.11603376918500885
2010-04-13,0.06851660398368153,-0.4670757298359973,-0.809083006380007,-0.2773109470490809
2010-04-14,1.108836309990835,0.6600807119559349,0.39050095560533293,0.5987145307056352
2010-04-15,0.08421839911774143,0.15346685112174185,0.612934853377034,0.4939250194519573
2010-04-16,-1.6257982418547812,-2.113357155546236,-1.5339108737766338,-1.4003167705842756
2010-04-19,0.4511140739530184,-0.3212300953214786,-1.7574447369495871,-0.2806877389755158
2010-04-20,0.8026045737071108,1.4760306389694833,-0.07418659719373721,0.9694695704700607
2010-04-21,-0.10195164357016395,-1.2229677836296915,1.722314836450245,-1.0480632726416417
2010-04-22,0.22613206430897037,-1.7125426396204624,-1.2791958791208202,-1.0203201979882337
2010-04-23,0.7098267683218751,0.7056795913589653,-0.31678215185877434,1.0255668188136724
2010-04-26,-0.4305704355092921,0.9865106788486955,2.2766131119675848,0.526238524898659
2010-04-27,-2.365964017870148,-3.7426897309752682,0.41888678896651044,-2.648646628174589
2010-04-28,0.6441958378180956,-1.7856217351184256,-2.6008988601896377,-0.3020511889099353
2010-04-29,1.2860180281289324,1.4094046002782967,,0.556920280319062
2010-04-30,-1.6787810139866188,-0.39893938513264615,1.206540000639933,-1.154778294295511
2010-05-03,1.3035257453261728,-0.012784818136868381,,
2010-05-04,-2.4127199957417744,-3.9240268865529337,,-2.5939893071562636
2010-05-05,-0.6608341800780515,-1.0699125887080108,,-1.2871040758827945
2010-05-06,-3.288844064396379,-2.5665312908380145,-3.3259025654711394,-1.526025390202257
2010-05-07,-1.5426646180906722,-4.3527569751144135,-3.1445722924955177,-2.6580917791603653
2010-05-10,4.303470414561517,9.846568404527023,1.5899645385248462,5.032267068882845
2010-05-11,-0.3403075918466669,-1.0350975221380843,-1.1422312064834017,-0.9923918660774689
2010-05-12,1.364599240182507,1.2313666343732876,-0.16408779818775088,0.9199763288515683
2010-05-13,-1.2219499889225105,,2.1559155990143353,0.9281617201221337
2010-05-14,-1.8978981387950178,-4.8317875967091695,-1.4992415951713411,-3.1938150409342114
2010-05-17,0.11087536210085958,0.053903813718836346,-2.191092074208001,-0.007598805701469757
2010-05-18,-1.4297631784997655,2.35763364347914,0.06719160938537527,0.8476995551312427
2010-05-19,-0.5143468860016043,-2.9612758377028925,-0.5462688706169061,-2.8514880996548087
2010-05-20,-3.9755795837765895,-1.9233325504741217,-1.5485209918351117,-1.661622372132321
2010-05-21,1.4912632585704522,0.17885184118462405,-2.48078729309249,-0.20126674735152505
2010-05-24,-1.2992046323687667,,-0.26751004148888313,0.1322515921851064
2010-05-25,0.03538747646523177,-3.3850890926612642,-3.1067774663950942,-2.5754877192801118
2010-05-26,-0.5677078693651083,1.6673596480274,0.6613520022295205,1.9521985165985356
2010-05-27,3.2347311768676335,3.457633833788165,1.2217796243744417,3.07061136977822
2010-05-28,-1.2451892345405113,-0.2025463452943299,1.2705695512030601,-0.1309814298897649
2010-05-31,,-0.1454753709028367,0.05856871023421917,
2010-06-01,-1.7314353324598741,-0.14107897458934815,-0.5838678716489909,-0.48494735275070866
2010-06-02,2.5514428108341924,-0.17663610673723795,-1.1244172150338017,-0.23268000442957515
2010-06-03,0.40431919834427177,1.2291626066551764,3.186654163352287,1.1561120928659463
2010-06-04,-3.5017442089830375,-3.1064065581901446,-0.13121122382031558,-1.6484565077321989
2010-06-07,-1.3624466165715887,-0.9292813262353761,-3.9176136962824515,-1.1162321624295757
2010-06-08,1.0916267643518829,-0.7590039865562836,0.17987159078280968,-0.8101200289839738
2010-06-09,-0.5959396741888057,1.8092121567635289,-1.0413771801326632,1.140987976076424
2010-06-10,2.9079845666177384,2.0157827321267696,1.09074631212156,0.9120884122442163
2010-06-11,0.4370115742617031,1.1271240462399135,1.6895710607245817,0.6060544709644233
2010-06-14,-0.1806293931756464,1.696840919299536,1.7830313713986357,0.7408994369189514
2010-06-15,2.3222450598500366,1.2163686065877144,0.08134505823846894,0.3013410696585339
2010-06-16,-0.0556089354095235,0.08941741957011473,1.796694610396088,0.38448163165440974
2010-06-17,0.12821858123892582,0.3447917916959753,-0.6752556348276428,0.30500033742946187
2010-06-18,0.13162641384552032,0.32569741995738255,-0.043820820631168544,-0.059023062680729765
2010-06-21,-0.3864297943398931,1.135283896784678,2.4020319843049975,0.9156604496181941
2010-06-22,-1.6201225086989623,-0.8088211771114295,-1.2296428887374589,-0.9880528542009159
2010-06-23,-0.29899392610692743,-1.5106381171328565,-1.8884957700203486,-1.3141045657777184
2010-06-24,-1.6946283204950952,-2.2235923643130207,0.04674228454941698,-1.5235646104091671
2010-06-25,0.28552819315450506,-0.609343240280591,-1.9410872735251772,-1.0584859245927447
2010-06-28,-0.2036009610653977,1.488155727181173,-0.4481413084320707,0.4981171934097972
2010-06-29,-3.1508230342208954,-4.300360929522817,-1.2797787033292707,-3.154709257489685
2010-06-30,-1.0164453973334986,0.6620338178078278,-1.9842069458139378,0.05492177014350119
2010-07-01,-0.324571330924428,-2.147391565446366,-2.0571154841864114,-2.28547495984035
2010-07-02,-0.46732717543020996,0.14720088795217023,0.13166783919338343,0.6698620698266211
2010-07-05,,-0.5777145266092631,0.6829332284267409,-0.30222962288064537
2010-07-06,0.5344725887457713,2.786362679195342,0.7660392618426215,2.8913491868665986
2010-07-07,3.0850023008263783,2.137012004171357,-0.627251163081155,0.998020381537934
2010-07-08,0.9368654951658506,1.2085104068456864,2.7222996764789897,1.7924888700939334
2010-07-09,0.7178063766628995,0.552771785661843,0.5185924611227577,0.5352392564855535
2010-07-12,0.07326336059527705,0.1822200043696931,-0.38895280727739845,0.6621466726736358
2010-07-13,1.5261822735573638,1.8991366085561623,-0.11401299136846177,1.99278485680221
2010-07-14,-0.015514366479330022,0.05002686228490205,2.6693441266878892,-0.33255767263753455
2010-07-15,0.11953885564128797,-1.3286277807808666,-1.1263529927951765,-0.806521383149672
2010-07-16,-2.9242909700749387,-2.1390291091645253,-2.9034354295575326,-1.0105947771686274
2010-07-19,0.5964069587908405,-0.4170298262612171,,-0.20568343865612349
2010-07-20,1.1351874168992637,-0.2782303247108153,,-0.17107266861096093
2010-07-21,-1.2902699582285848,0.46479882117198557,-1.3863223414169568,1.450660394595893
2010-07-22,2.226368782242538,2.790383074834768,-0.6265004692671994,1.8844771024776108
2010-07-23,0.8186420184344456,0.18110125120704978,2.2527425088545883,-0.022579745678186214
2010-07-26,1.1137908716730038,0.8784068335108586,0.7679113931596149,0.7220789515189452
2010-07-27,-0.10499083075199422,0.9502211414092798,-0.07168804680173224,0.27247137745955996
2010-07-28,-0.6946032638279753,-0.11561729488862582,2.6642441792875005,-0.860993177355418
2010-07-29,-0.4167292220516927,-0.47762657071706016,-0.5887121648964211,-0.10721001634017568
2010-07-30,0.00634971961988029,-0.39271759141543683,-1.6505037630453856,-1.0594121029932069
2010-08-02,2.1783528781166517,2.8767466613032866,0.3455146880645188,2.611106406367014
2010-08-03,-0.4807894641330357,-0.1134505286531251,1.2842591874553833,-0.011119508809542822
2010-08-04,0.6032878060028501,0.21651508246618434,-2.133909796523703,-0.19104320130551855
2010-08-05,-0.1269329843214706,-0.2033864256812734,1.719499554483761,-0.3794720071669033
2010-08-06,-0.3710915566397688,-1.4289325111572104,-0.12230287804602114,-0.6244043254907794
2010-08-09,0.5468087107406205,1.7098067597083322,-0.7247629416596624,1.4540110085933478
2010-08-10,-0.5985281603927639,-0.9685021676106409,-0.2242308550314931,-0.6322522978583933
2010-08-11,-2.858340599796172,-2.7466475538018287,-2.740583041510547,-2.4705577139425117
2010-08-12,-0.5393266400071539,-0.12157240684018689,-0.8674235385997875,0.3976659272115768
2010-08-13,-0.40316907121891177,-0.44644842305405774,0.44265215738246155,0.1764418175811855
2010-08-16,0.012045128871118749,-0.38616296377904646,-0.6156077899957424,0.013271957798011158
2010-08-17,1.2118489601347981,1.4496224210740927,-0.3811919642993544,1.4021515466328793
2010-08-18,0.14816804859387744,-0.33038637309390495,0.8570795858423352,-0.8954900092845719
2010-08-19,-1.7080435856896337,-1.9853749736356896,1.3131211183820213,-1.742451499575104
2010-08-20,-0.3669753922920016,-1.1671513979635506,-1.9771889456659864,-0.3074974190967694
2010-08-23,-0.4048490794552606,0.6356545170202565,-0.6852804715292038,0.757426876455547
2010-08-24,-1.4618768361991386,-1.7553706685538906,-1.3422454343453794,-1.516751681184303
2010-08-25,0.3283944691637508,-1.0434716003249633,-1.6788012797947616,-0.9079123698025882
2010-08-26,-0.7714466580892143,0.7504426002774345,0.6882774724941143,0.9040295304084012
2010-08-27,1.645071040328272,0.8959055548523054,0.9451548202749294,0.8844032658775092
2010-08-30,-1.4828611113085088,-0.525262841573948,1.7442273553312404,
2010-08-31,0.039071808849211465,0.24352940505210086,-3.6190943212712767,0.45268226674473055
2010-09-01,2.9077736386750708,3.459178320351164,1.1600547209452472,2.6664162439809402
2010-09-02,0.9039852986734154,-0.0029492207135994875,1.5099939397785533,0.08568364742913559
2010-09-03,1.3132393793161334,1.1367143978857186,0.5643424174520462,1.0593512335370647
2010-09-06,,0.2680127020102674,2.033041551636927,0.20244038797319064
2010-09-07,-1.1537491412767942,-0.9648439491763305,-0.8130774032945709,-0.5789707446956172
2010-09-08,0.6418059490902905,0.9390487481200083,-2.207144651301185,0.4041600080467944
2010-09-09,0.4820652058996622,1.0673392120670755,0.8143297530452287,1.1809106136517755
2010-09-10,0.4851545040690297,-0.07298549290819523,1.5354610170177807,0.13459508655522257
2010-09-13,1.1069126603144852,0.8830182887710869,0.8905875803248975,1.1547851177136081
2010-09-14,-0.07133739296074637,0.05025054242544513,-0.24177644745364546,0.034131311318041924
2010-09-15,0.3534883802268851,-0.4324316925614191,,-0.21216954264122734
2010-09-16,-0.03644100558464203,-0.34952722637990874,2.2351141287618503,-0.27938768729480756
2010-09-17,0.08265141149328414,-0.9830496862027083,1.2185805343658984,-0.5720214966981274
2010-09-20,1.5095287889557163,1.6295136992486192,,1.6920572894962405
2010-09-21,-0.2567313120714232,-0.2901397045510734,-0.2494201680383057,-0.4705350846132106
2010-09-22,-0.483717279445095,-1.5063424786492696,-0.37342734290710666,-0.4367381921595026
2010-09-23,-0.8366240177841711,-0.5157152907049323,,-0.08649076469442463
2010-09-24,2.097291554780867,1.9576241833762609,-0.9943399414352072,0.9223418439841424
2010-09-27,-0.5683553181934364,-0.5896833669106094,1.3784861958480832,-0.4493441600565973
2010-09-28,0.4838660735848599,-0.0616096679459055,-1.1244733211496438,0.08967163009749868
2010-09-29,-0.25911128831443975,-0.792797632844966,0.667750063842476,-0.1632641695914927
2010-09-30,-0.3088486706455562,-0.1748918734233662,-2.007917732337816,-0.3723676437308754
2010-10-01,0.44067143598951475,-0.5470004659186678,0.3715956079451743,0.795225744133532
2010-10-04,-0.8067386519721609,-1.1737456719317585,-0.24669206746601446,-0.6619493834538304
2010-10-05,2.0646722507163595,2.1079339007037845,1.4571846370207808,1.4260647698606022
2010-10-06,-0.06722304595951911,0.77421020164401,1.7977393992538282,0.8058591455904818
2010-10-07,-0.16478755817939117,0.24717207699795907,-0.06833232555614188,-0.3402798661834794
2010-10-08,0.6103613171283939,-0.05204129895428622,-0.9954552800733651,-0.07950741025677388
2010-10-11,0.01458262731874882,0.15389863893835454,,0.2612500106812021
2010-10-12,0.38114836641494065,-0.5020240920128316,-2.110367117842138,-0.19057363607011268
2010-10-13,0.7095785561559431,2.307673163232149,0.15825885547702256,1.5041006615069463
2010-10-14,-0.3648032184402794,-0.15642797664146002,1.8960889822814408,-0.3520772440932518
2010-10-15,0.2025432873274724,0.19514021974496032,-0.8725774682153187,-0.4164318086520069
2010-10-18,0.7217634690706021,0.3186748660919392,-0.018525077013720193,0.6832184465183744
2010-10-19,-1.600464402905466,-0.47080870233662253,0.4302989001251589,-0.6744521300564799
2010-10-20,1.0469082613678182,0.49886956384881387,-1.6685569753466467,0.43733888940611365
2010-10-21,0.1772336952799769,1.073293834224831,-0.05458064717451805,0.5049284762797868
2010-10-22,0.2386408784290417,-0.2970816716727498,0.5342669038528314,-0.2869741915411339
2010-10-25,0.21446701468814666,-0.07867444218749853,-0.2714042556258178,0.1844554396745579
2010-10-26,0.0016885142217759608,-0.5296966977194728,-0.25327087302642326,-0.7801597444341724
2010-10-27,-0.2694209639216183,-0.9458886475578687,0.10285845806485838,-1.0798693143106775
2010-10-28,0.11242172367564862,0.5677636221283144,-0.22396353624998255,0.5634099029878215
2010-10-29,-0.04393838135685613,-0.01898030627316416,-1.761956885169269,-0.047558940886816004
2010-11-01,0.09460857172536308,-0.290757574375089,-0.5200210763909752,0.34125350789793174
2010-11-02,0.7729336064693726,0.8522739299275273,0.057448304106344494,1.0967592419126149
2010-11-03,0.3671306443685296,-1.074609333236598,,-0.14600403092579484
2010-11-04,1.909930440966523,1.8822399337972584,2.1470922879901266,1.9601345215994215
2010-11-05,0.39150790536108815,-0.28714618035472483,2.815178704428156,0.21468543405624985
2010-11-08,-0.21232098228605167,-0.27785949402332477,1.1047189548708758,-0.43324649539453475
2010-11-09,-0.8084894540661303,0.7876931713998836,-0.39562388723428654,0.429847400376282
2010-11-10,0.43665335797253846,-1.5588014311385123,1.39340773129355,-0.9972678246958466
2010-11-11,-0.42511498908570644,-0.5182175602236327,0.3142442349282959,-0.02922442257329294
2010-11-12,-1.1878766244753258,-0.31095120132844656,-1.3953918860078574,-0.3151937714198638
2010-11-15,-0.12181773094548376,0.917677773863268,1.050526416335451,0.4045696065077209
2010-11-16,-1.633815741468858,-2.3687546774446844,-0.30991883720705715,-2.408330447266138
2010-11-17,0.02121403759884899,0.7495798079133031,0.1485106628384969,0.18814362774417503
2010-11-18,1.5240583543647546,1.8569172594133043,2.037566297634008,1.3279682769299583
2010-11-19,0.25371519119099517,-0.3325740219765727,0.08744018410915544,-0.6242752200547486
2010-11-22,-0.15766088850606153,-1.2133426839248784,0.921674181588017,-0.9111999994663833
2010-11-23,-1.4387031590549881,-2.596521664953144,,-1.7670344329498988
2010-11-24,1.4812715518616848,0.678502832364547,-0.8446692843781634,1.348972150636385
2010-11-25,,0.25456975944235793,0.49378255207983557,0.7361745943422093
2010-11-26,-0.7496591424233756,-1.0210934514419456,-0.39961837812985124,-0.5313307614571272
2010-11-29,-0.1379810265237147,-2.4784324741897734,0.8572163333710137,-2.098175730227503
2010-11-30,-0.6088715610164108,-0.7130324941600819,-1.8836215604439488,-0.40977728696436344
2010-12-01,2.1386622263129595,2.6386035687521847,0.5120165325696036,2.044691087117201
2010-12-02,1.2737100160620685,2.1631576980462697,1.7907268457751258,2.1928836672671537
2010-12-03,0.2599854016351877,0.035946786155616195,0.09633714211414457,-0.38739711189172965
2010-12-06,-0.12990821033005417,-0.447736642451968,-0.10901493862256473,0.434194312480507
2010-12-07,0.05149475844579143,1.1764641076946525,-0.2573414327553536,0.6598323583279608
2010-12-08,0.3694925752615319,0.5766951230667949,0.8955888128063805,-0.24131701790839344
2010-12-09,0.38353835670088543,0.7689549310162747,0.5219746398260838,0.23270857301866954
2010-12-10,0.5983703744360191,-0.04154513399523552,-0.7213447256445349,0.086051119671815
2010-12-13,0.0048319150458553395,0.5562917112564847,0.7991858891937653,0.8189290997970389
2010-12-14,0.09105416846804104,0.220387025255242,0.2220199947171153,0.5173665492700152
2010-12-15,-0.5135617015335825,-0.6900835618836254,-0.0677695314648119,-0.15288704120273167
2010-12-16,0.6166045704273593,0.133269791515378,0.01464294146540368,-0.018703894860294668
2010-12-17,0.08364544598933321,-0.8472850948605171,-0.07237368708707947,-0.15826383253951803
2010-12-20,0.2545111460543481,0.6165001694282246,-0.8520412017364976,0.3366426684898727
2010-12-21,0.6011993849786457,1.3215249081571123,1.4972889926916366,1.0166037791227822
2010-12-22,0.3373857625541987,-0.2561544563212337,-0.23217457180635392,0.5312019031448401
2010-12-23,-0.16456817776040467,-0.17822570811274474,,0.2103593141663751
2010-12-24,,,-0.6524905602317332,0.2132413084174445
2010-12-27,0.06125096248110751,-1.3358065155332888,0.7443613946866989,
2010-12-28,0.07710265951414996,-0.07821749544776324,-0.613702514404757,
2010-12-29,0.1008636510665184,0.5976486558378014,0.5030754306632801,-0.20824143870612488
2010-12-30,-0.15093576964178013,-1.2106488847135388,-1.1239853154178192,-0.4244855305355344
2010-12-31,-0.019080765268331135,,,-1.197903250155008
2011-01-03,1.1251294147760937,1.1472742445758577,,
2011-01-04,-0.13139246526350234,0.16679539219701667,1.64040646771344,1.9138055258057562
2011-01-05,0.49946760743084795,-0.3673867156541277,-0.16680486340199252,0.4976042460219432
2011-01-06,-0.2125214370637174,0.08783081417753635,1.4250500656624254,-0.404528338863841
2011-01-07,-0.18464857690823067,-0.9914185096602246,0.10707020729832095,-0.5864858925065164
2011-01-10,-0.1377275180819204,-1.7012086495335588,,-0.4689890330102031
2011-01-11,0.37182062584069087,1.2855001500041041,-0.2884360328325286,0.9640634428560446
2011-01-12,0.896725379885055,2.907682737769779,0.02016904190842439,0.6083915542058449
2011-01-13,-0.17122112404592826,1.2601274424972608,0.7293930566010687,-0.4439126225658896
2011-01-14,0.7357410347301752,0.16380294135354134,-0.8603646201979842,-0.3625449620045629
2011-01-17,,-0.33510474252214095,0.036380636714561376,-0.2736100397754626
2011-01-18,0.13754642661831795,1.1949848710196775,0.1533654496290282,1.1742224162672343
2011-01-19,-1.016716579338528,-0.7448898529863968,0.3617293353302742,-1.3246939170402428
2011-01-20,-0.1295798403834425,0.12509998425782598,-1.1411737099461305,-1.8371806945591374
2011-01-21,0.24106376042603017,1.4629044596103924,-1.571984690999173,0.48282005102588954
2011-01-24,0.5819315234595557,0.2857327229516038,0.6846979940469566,0.8040464734653696
2011-01-25,0.02634277736186519,-0.7168837333476397,1.1466945777719673,-0.44175742602554635
2011-01-26,0.4212024148480431,0.3375211589957239,-0.5992404736208101,0.8665054898949975
2011-01-27,0.22417910607996916,0.7375563426536225,0.7352303711568808,-0.06871115552495866
2011-01-28,-1.8013805424183182,-1.1985620270384523,-1.1355783289527466,-1.413102403576616
2011-01-31,0.7633349932881117,-0.01692689009127335,-1.18865733963478,-0.31504671388482564
2011-02-01,1.6555791837834732,1.7844852902042518,0.35666310500470644,1.605690756813516
2011-02-02,-0.27262302593635823,0.1956934849591363,1.764097294456235,0.7074899398112677
2011-02-03,0.23514322901272422,-0.5728849511799083,-0.24893830308130305,-0.28039294545258997
2011-02-04,0.28801110627521,0.25672166171766264,1.0694721433313958,0.2353803118523956
2011-02-07,0.6220782345953246,0.9276922548947297,0.45913705656275283,0.8897521944581044
2011-02-08,0.41760203758389736,0.3727585778104725,0.41398577344597953,0.6637943933323953
2011-02-09,-0.2789653077800658,-0.3582377114087265,-0.17079662018488762,-0.6423158756806657
2011-02-10,0.0749212207498573,-0.19613317495341676,-0.11477560294590461,-0.5351073495971193
2011-02-11,0.5492261501887086,-0.04329929382453912,,0.7100958040586747
2011-02-14,0.23820846440685273,-0.1982619283337428,1.124090202530681,-0.04618996514533791
2011-02-15,-0.32401546915794555,0.3994185495738378,0.19681150353356713,-0.3802537337945111
2011-02-16,0.6237938698851586,1.0327734374500963,0.5717504014091546,0.7952214317716866
2011-02-17,0.30709708803797753,0.08553446407706389,0.26195165329934156,0.03450504370654528
2011-02-18,0.19228727220248487,0.11283941996591551,0.05682948056939807,-0.0723049788133423
2011-02-21,,-1.8308668955066665,0.13576264471097943,-1.1274929144525103
2011-02-22,-2.07422049204542,-0.9677062063170538,-1.7919633227780452,-0.29971051415849104
2011-02-23,-0.6130715010509213,-0.9568601192179393,-0.8058920721349949,-1.2298470639780845
2011-02-24,-0.09948719612431489,-0.19613794294546238,-1.2019048527989185,-0.05910415167633687
2011-02-25,1.0495248165325322,1.2096281667573372,0.7059293029474389,1.3623032880381913
2011-02-28,0.5545679951232785,0.9359705899836257,0.9203485150079516,-0.12005128818231015
2011-03-01,-1.5864861791058615,-0.9946138542586525,1.2156544093175015,-0.9757189223535079
2011-03-02,0.1613897889519933,-0.8236223655708308,-2.463132521891076,-0.35272050644614694
2011-03-03,1.7072434579239015,0.3522227289520785,0.8884950190790164,1.5134549838375477
2011-03-04,-0.740538978936911,-0.6778882092591587,1.0116838661843985,-0.24509528858960294
2011-03-07,-0.8376215256269859,-0.6040221815717395,-1.7797863574561035,-0.2774963426730892
2011-03-08,0.8883161530176764,0.47644743963761726,0.19182789577811832,0.016738363239632292
2011-03-09,-0.13626313929711031,-0.3506427129885026,0.6091471658804082,-0.6296140077559187
2011-03-10,-1.9051280476330312,-0.8684681220758605,-1.4756832041268098,-1.5616565574168462
2011-03-11,0.7055564524569569,-0.8937516802623335,-1.7396335241926408,-0.284386166909556
2011-03-14,-0.6067696956773894,-1.1063660961340815,-6.381455356888033,-0.9221102781808099
2011-03-15,-1.1263544394846114,-2.4098547462482856,-11.153431666180325,-1.3931682656364686
2011-03-16,-1.9687481949372199,-2.287290624536098,5.522312869678281,-1.7196086616738882
2011-03-17,1.330926623187434,2.3576616980928833,-1.451587037738733,1.7336594890862145
2011-03-18,0.43009395825457375,0.23124087080637068,2.6868745733056087,0.385485217828041
2011-03-21,1.4874667930182994,2.4128141119816426,,1.1821906921428038
2011-03-22,-0.3556885341038374,-0.21065230787717937,4.269251164155108,-0.40523576080850887
2011-03-23,0.290974225850249,0.39992716735453016,-1.6670795985687548,0.5744605410907155
2011-03-24,0.9297393435475421,1.507991642634554,-0.15314124775827054,1.455904063440805
2011-03-25,0.31561510021891337,0.05325612593320983,1.0660516629243943,0.3378107024071042
2011-03-28,-0.27516184993912063,0.11774387231033856,-0.6058460691289014,0.06268702184417663
2011-03-29,0.7035239607302124,-0.13148927304245106,-0.20541347921465558,0.46804000139317736
2011-03-30,0.66624626262346,0.8725349058696708,2.6056529753317292,0.27102595395778195
2011-03-31,-0.1831177104975268,-0.8732226448589842,0.4758520371130004,-0.6662699551059248
2011-04-01,0.495071294445637,1.7709525315419583,-0.4799761234272282,1.6965361162698755
2011-04-04,0.03451501808520163,-0.2392338040180242,0.10809543489802564,0.1180703013865525
2011-04-05,-0.01800714575308504,-0.16523762521680752,-1.0689818866641332,-0.16466770070682202
2011-04-06,0.21812967581533727,0.6929610717079093,-0.32479005158396745,0.5644011504495339
2011-04-07,-0.1521162699225087,-0.2625044822095468,0.06841687624383752,-0.5594104361033914
2011-04-08,-0.4012483000974676,0.7050714262631708,1.8302107153751024,0.8024431863985271
2011-04-11,-0.27972882914015784,-0.33829292372420383,-0.4965160888039222,-0.03963767108032812
2011-04-12,-0.7807095445724777,-1.4305523331628933,-1.7063010215000673,-1.4794851787925722
2011-04-13,0.019021749031011836,0.6001028553670018,0.8951711679326735,0.7666056085071205
2011-04-14,0.00836730908613248,-1.0995904725767502,0.1320567033536335,-0.7783456774987485
2011-04-15,0.39177288255682896,0.04557582853434994,-0.6484716490495757,0.5384751190403492
2011-04-18,-1.1078997728578344,-2.465530281517836,-0.364203778330463,-2.1220894134108548
2011-04-19,0.5714810218094613,0.33827139341990886,-1.2172174779571776,0.45550864325925033
2011-04-20,1.342443513234759,2.2087550306128634,1.7408182105464576,2.104244118475229
2011-04-21,0.5262908499656049,0.5077102966263958,0.8184454248180373,-0.06644187626729803
2011-04-22,,,-0.0367572709791375,
2011-04-25,-0.1593939550096124,,-0.10592033654432953,
2011-04-26,0.8939507790192813,0.647020519911301,-1.178024027811908,0.8454942347412953
2011-04-27,0.6230397799829035,0.7493770811097811,1.3833544897829952,-0.01976843899136327
2011-04-28,0.3549118471434909,0.9273126916800933,1.616080445595891,0.028006146409964572
2011-04-29,0.2298019742020152,0.19678700220211454,,
2011-05-02,-0.17542491090454249,-0.07840706644355322,1.5559941650208131,
2011-05-03,-0.3385026371052646,-0.28289598663047144,,0.21394255097586523
2011-05-04,-0.6878914252832047,-1.6252556016945974,,-1.6375571810492318
2011-05-05,-0.9111217180694631,-0.8668837191515344,,-1.0769519185865661
2011-05-06,0.38126429958769137,0.8966854042092187,-1.459997511139477,0.9548826105101327
2011-05-09,0.4533870101931292,-1.724975795787831,-0.6596309402850054,-0.5721666580454254
2011-05-10,0.8041616009663244,1.2538251802893363,0.24860777831943182,1.2740893726634894
2011-05-11,-1.117368968788579,0.11595482473714114,0.46232826191765497,-0.7153054316679786
2011-05-12,0.48834936721675604,-0.866289896648631,-1.507715116724384,-0.5200917687769646
2011-05-13,-0.8100047045425107,-0.7725882416978358,-0.7010551556852818,-0.3217972402383751
2011-05-16,-0.622371863809601,-0.46018937819445327,-0.9420530956706585,-0.03712711042371808
2011-05-17,-0.03686285233301945,-1.1066404353392123,0.09118516677837363,-1.0641049141833392
2011-05-18,0.8765271983703471,0.6192169628304711,0.9887235826022689,1.0607252918385157
2011-05-19,0.21755725891674516,0.8093289364954792,-0.4279421431064634,0.5471624409086218
2011-05-20,-0.7717974612614142,-1.27496223385819,-0.14291978255229765,-0.12600278873193815
2011-05-23,-1.1997264840988286,-2.1147187928182376,-1.5361370132323415,-1.9110608178408484
2011-05-24,-0.08277226453321518,0.2505576199671289,0.17467755957607523,0.38480333392474364
2011-05-25,0.3178113156669937,0.554282772136272,-0.5744978340551654,0.19951740109593885
2011-05-26,0.3945322767698656,-0.6060566654859656,1.4661356886813692,0.1855129371577391
2011-05-27,0.40726153187664593,0.6968907901351962,-0.42034641147328244,0.9797099119163377
2011-05-30,,,-0.17838637472866736,
2011-05-31,1.0537014856367932,,1.9664542177533662,0.8567497530375334
2011-06-01,-2.304822570064058,0.2925421698318331,0.266619726948214,-1.030329820846454
2011-06-02,-0.1225586114047772,,-1.7076762319490513,-1.3705508180192894
2011-06-03,-0.9781492665191571,-1.3726896373686515,-0.6597309954154085,0.12133913109799721
2011-06-06,-1.0818516013721968,-0.8562581932275215,-1.1854423995439234,0.13995658914094378
2011-06-07,-0.09568650426681202,0.33105456740205597,0.665141791093582,0.02558002640231649
2011-06-08,-0.4195664421607681,-0.8120807333938274,0.06891408590856685,-0.9560155821276339
2011-06-09,0.735040932899178,0.9424738675906319,0.1870359912885533,0.8126764120348184
2011-06-10,-1.40784828818461,-1.6542888259733601,0.4982736942537258,-1.5574092854739874
2011-06-13,0.06685325595015001,,-0.6985388297382045,0.13346037603287897
2011-06-14,1.2532913485107322,1.7197729792425065,1.04844167510727,0.5113791944475921
2011-06-15,-1.758556950725776,-1.7578414804843234,0.2774828716351152,-1.048018790089067
2011-06-16,0.17527979756826184,-0.0322176298299226,-1.717554800175236,-0.7656494364987054
2011-06-17,0.30403902917992554,1.4361950309332627,-0.6382892421745723,0.28211901045320786
2011-06-20,0.5380689090158874,-0.8013665947289361,0.031219560529827106,-0.37691901198098066
2011-06-21,1.3334179061463836,1.9452858626449299,1.1198156042800278,1.4282577218867942
2011-06-22,-0.6489459844407186,-0.2472700070536682,1.7787543442462805,-0.039829321316631194
2011-06-23,-0.28319928581943543,-2.324055823297666,-0.34005196831508044,-1.7227062383025071
2011-06-24,-1.1795077176858015,-0.5500634290447337,0.8505142017922296,0.40978052204145854
2011-06-27,0.9142536655730282,0.2959682407676745,-1.0427501534696404,0.43081694261033476
2011-06-28,1.2861292735997232,0.9703408716118744,0.7351136488146892,0.7763869168574189
2011-06-29,0.8248633534912564,1.8750660367313543,1.5250471961493872,1.5332119148148138
2011-06-30,1.006837159516305,1.6273347585659792,0.1920129328787823,1.520152540663311
2011-07-01,1.4306869106082587,0.948258138294289,0.5281463792748298,0.7389687915136278
2011-07-04,,-0.19074541533088407,0.9783645609132918,0.46139006943093364
2011-07-05,-0.13370725450787546,-0.688028019053899,0.07393202871384119,0.107959982250172
2011-07-06,0.10010578196055775,-0.6292361717733286,1.0972020777934688,-0.3508820972314197
2011-07-07,1.0399582892092418,0.4185256843872054,-0.11254376577110037,0.8575660320389034
2011-07-08,-0.6985458106935738,-1.9316939313360315,0.6590280499546353,-1.0626739488193593
2011-07-11,-1.8256166936573948,-2.944268317598464,-0.6750093952589964,-1.0302260759122106
2011-07-12,-0.4443369829837174,-0.5778589824708469,-1.4364549888572498,-1.0205068022154151
2011-07-13,0.31010271091220787,0.795777552901189,0.37427380494285956,0.6352230652650448
2011-07-14,-0.6738782369335006,-3.1073980177567684,-0.2715633463076017,-1.0107783035314455
2011-07-15,0.5539055540283222,1.635497530227692,0.3852186911540656,-0.056451790226397236
2011-07-18,-0.8163117539368159,-2.0016665879797557,,-1.5677532435979913
2011-07-19,1.6177149646843247,0.36616905775206376,-0.8532994959008278,0.6445632729615625
2011-07-20,-0.06710584073994497,2.764273096385761,1.1679151892439066,1.095869806235683
2011-07-21,1.3455262786265187,-2.764273096385761,0.04485604354265149,0.7844395416043426
2011-07-22,0.09074395131127844,5.204913611478013,1.2086104982653723,0.5931642998326936
2011-07-25,-0.5658995223243757,-1.0842724476455956,-0.8136017261429984,-0.16357423733133203
2011-07-26,-0.4113420062329176,-0.11126794984992472,0.47360225015413704,0.0742368760370482
2011-07-27,-2.0517724807291415,-1.6910728298726418,-0.5016592524091479,-1.2404407347288426
2011-07-28,-0.3239207155504964,-0.03527175262796334,-1.46219641575005,0.28304162601138216
2011-07-29,-0.6471427287173093,-0.8349610069402935,-0.6923917476235886,-0.9924450586677125
2011-08-01,-0.4140860866231222,,1.333277910444508,-0.7040874780379625
2011-08-02,-2.5888909190624254,-4.812969862103156,-1.2157883809853942,-0.9745309089034038
2011-08-03,0.500314595271778,-1.8664998632474727,-2.129770222069638,-2.369412590667963
2011-08-04,-4.900165504374154,-3.4845866217949606,0.22843785141866135,-3.48745261527732
2011-08-05,-0.057508298927277934,-1.551596773208086,-3.7907241891199206,-2.746389214139633
2011-08-08,-6.895836939262434,-3.7859029300898683,-2.199528577936327,-3.4512925214361445
2011-08-09,4.631744106338775,0.32001067577667186,-1.696956382752468,1.8742162902064763
2011-08-10,-4.515679702747466,-6.318182571387609,1.0483175446495352,-3.100880675759221
2011-08-11,4.525059436377177,2.8235717079771128,-0.6303867633228322,3.060211451347783
2011-08-12,0.5247875067276198,4.063552464040754,-0.20306535649883273,2.9994273205389277
2011-08-15,2.1550727976033635,0.7405303973899713,1.3594618991728424,0.573541905024122
2011-08-16,-0.9786275177620318,-0.0348550980054263,0.2310621702994453,0.13074094375209455
2011-08-17,0.09469381398128363,0.32010903227899234,-0.5523909404162808,-0.4864732777088321
2011-08-18,-4.561859893236342,-5.489143917632067,-1.2610563965330002,-4.5941403487448795
2011-08-19,-1.5122756128207904,-2.177984478827444,-2.5423951176314574,-1.0145234677398918
2011-08-22,0.025800787322438623,1.1201060554785869,-1.0504322985125825,1.0753746966114974
2011-08-23,3.3710248386474184,0.7569594894797582,1.2082289620618525,0.667016637407869
2011-08-24,1.3034651368546868,1.7447057904835361,-1.0752588074762315,1.4803904784093547
2011-08-25,-1.5687934737961484,-0.9875736987590145,1.5248425861154047,-1.447249884324009
2011-08-26,1.5008418274915059,-1.1917171312886943,0.2893538549676222,-0.02339334018071071
2011-08-29,2.7887505012164304,2.206092869343923,0.6070497616573078,
2011-08-30,0.23442750237698817,-0.007152323226922164,1.151928956203463,2.6697543097755627
2011-08-31,0.4909908712070532,2.7721280420304417,0.014515577525031631,2.359622613288437
2011-09-01,-1.194246079230421,0.15929071119238358,1.172300385672287,0.44760543187472024
2011-09-02,-2.5607017291752854,-3.7574548699455868,-1.2221158203573168,-2.365972407529604
2011-09-05,,-5.243817427248398,-1.8751989727102014,-3.6446013368204078
2011-09-06,-0.7464076457609714,-1.297726373324437,-2.231912049100515,1.0565961319782602
2011-09-07,2.8243824959147013,3.3591174240854116,1.9919990038875568,3.0893934983682314
2011-09-08,-1.0668890387302454,0.5673822404516748,0.3384494411472261,0.40904090595148546
2011-09-09,-2.7068562510962124,-4.236106642654036,-0.6327173701567546,-2.381894036149035
2011-09-12,0.6941568182023516,-3.8670878891719163,-2.3388592843174294,-1.6453895415107667
2011-09-13,0.9078726180353769,2.065233057682203,0.9430905570132708,0.8676324084179399
2011-09-14,1.338976051823071,2.2690120248141987,-1.1436226812268302,1.0133473175718777
2011-09-15,1.7041046718104802,3.4086920976501567,1.7488811749100108,2.091987882395685
2011-09-16,0.5690475561936026,0.16964068056424253,2.2278863198172516,0.5772515795829491
2011-09-19,-0.985094868808023,-2.9696324528850404,,-2.047489755270604
2011-09-20,-0.16623864527245402,2.091883657162441,-1.6254741490625335,1.9599075059643312
2011-09-21,-2.983099508714737,-1.9779324587543279,0.22814653277674068,-1.4138347669828022
2011-09-22,-3.2402456759229814,-5.0198114274185635,-2.091238570311482,-4.77922127967183
2011-09-23,0.6063588829469779,1.5058308135795784,,0.4985904688870946
2011-09-26,2.3068021296968944,2.7898994243257036,-2.198335842056487,0.4450510153716891
2011-09-27,1.063166535729465,5.176282684515066,2.777135618219795,3.9433085147850377
2011-09-28,-2.090819585269532,-0.7957694723492281,0.06618283632118249,-1.4555466611785306
2011-09-29,0.8081486435359331,1.6313598359910308,0.9884086579893037,-0.39945308076738684
2011-09-30,-2.5291274478866477,-1.4927091392777925,-0.01080859213420382,-1.322979519661338
2011-10-03,-2.886360290378409,-1.9185804832547504,-1.7953819883961941,-1.0388176522980075
2011-10-04,2.22393061311541,-2.2297553020938388,-1.0512089611703246,-2.6169438961696656
2011-10-05,1.770791894551138,4.137324735138037,-0.8686937643460624,3.1416254264312826
2011-10-06,1.813816846648031,3.132910945686529,1.6449831148337424,3.6392067914334802
2011-10-07,-0.8196811187622721,0.9035053833336804,0.9762144881229062,0.22841804396254162
2011-10-10,3.3555643919288336,2.2489061064695726,,1.78656453372259
2011-10-11,0.05438556372530101,-0.20833812553666675,1.9340803249717098,-0.06113749767173715
2011-10-12,0.9747046937637727,2.396808213322199,-0.39719267456419516,0.8507476340707143
2011-10-13,-0.2978102395136517,-1.6847439175317724,0.9605914549336347,-0.7081485606965643
2011-10-14,1.7230948802477997,0.9795283496840668,-0.8569757006940293,1.1591879626436707
2011-10-17,-1.9559937599448851,-1.6950503547909612,1.493594108815799,-0.5447951540920926
2011-10-18,2.0213049380310544,-0.39283733562784917,-1.5627747818369286,-0.4849285849825691
2011-10-19,-1.2729818787025948,1.0036992121427168,0.3497673486450026,0.738433835741148
2011-10-20,0.45438398210837505,-2.5343363343459657,-1.0357153776297423,-1.2145712564457511
2011-10-21,1.8634067492434347,2.852699248664514,-0.037563904218806954,1.912983387270728
2011-10-24,1.2790806680372135,1.34112375034654,1.8843454771838353,1.0764075510703464
2011-10-25,-2.024834619938165,-1.0655711870105833,-0.9277534796714448,-0.4081803358529257
2011-10-26,1.0481430544087011,-0.3804178242328149,-0.15807230960032115,0.5000632302971653
2011-10-27,3.371659116813408,5.897820949559929,2.0150069494528466,2.8509893913652107
2011-10-28,0.03891535285420744,-0.5895538029217384,1.378779367602867,-0.20321677237049585
2011-10-31,-2.5048616612978414,-3.1828932291549705,-0.688295439545783,-2.809972803837546
2011-11-01,-2.8340059621593916,-5.404602251259938,-1.7153797650779623,-2.2361378649037533
2011-11-02,1.5976363304396557,1.4131429333686718,-2.2328724102438358,1.1462021353830565
2011-11-03,1.8607607200930687,2.4161565210110147,,1.1151823942794792
2011-11-04,-0.6299819537189499,-2.4344802786343323,1.8459660417988744,-0.33234446197756284
2011-11-07,0.6276008211166584,-0.6809188300261226,-0.3905923620992624,-0.29716257825178616
2011-11-08,1.1667310321724855,1.1915107181038387,-1.2808835210174507,1.0200393909469696
2011-11-09,-3.738534709898822,-2.3640418523751983,1.147918525699687,-1.9388132393771684
2011-11-10,0.85872010994823,0.24554403685090875,-2.9515016808844052,-0.286104036911361
2011-11-11,1.9293223004513749,3.052387951312596,0.160678322384733,1.830774875755381
2011-11-14,-0.9596036687555376,-1.582038672252306,1.0425329032489827,-0.4772053193311976
2011-11-15,0.480559827730076,-1.5111538133480096,-0.7205424995795795,-0.02899673229705968
2011-11-16,-1.6755798341955064,0.6174316184460515,-0.92642962023195,-0.1523598643814239
2011-11-17,-1.6942671987706603,-1.116455093632318,0.194415815956539,-1.5715492816338994
2011-11-18,-0.0394756490472048,-0.27235878790241586,-1.2426452914901631,-1.1162770336961003
2011-11-21,-1.8824571104948618,-3.475473650057914,-0.3186074422893981,-2.6509474455570725
2011-11-22,-0.4149438857005805,-1.0923766367152865,-0.40244040661914227,-0.30299547825851647
2011-11-23,-2.2342970458596234,-1.8906467645683378,,-1.2951295894939818
2011-11-24,,,-1.8151078529605513,-0.23763977031254768
2011-11-25,-0.2689119300250731,0.6877307811360645,-0.06334272798884655,0.7209322947797858
2011-11-28,2.8821079038610087,5.101474869357325,1.550181141226048,2.8271911032879515
2011-11-29,0.22112069693971392,0.55700804928982,2.2706200988110936,0.4544730870071234
2011-11-30,4.240343833622706,4.2183011102205015,-0.5109857455234845,3.1065713661947214
2011-12-01,-0.19104695778526803,-0.714425054647716,1.9113971362266113,-0.292870375603016
2011-12-02,-0.02410153733274356,1.2310215103597422,0.5379024380459896,1.1411513892232605
2011-12-05,1.0234463299266139,1.141375758406138,0.6024387381543761,0.28237018821624105
2011-12-06,0.11051379065261102,-0.5365930665151453,-1.3991233821183613,0.01257455621761494
2011-12-07,0.20163207826575658,-0.5015309188336481,1.6998381224722081,-0.3922473052009323
2011-12-08,-2.1368498950929293,-2.4551305094888676,-0.6624591066382024,-1.1440939853649468
2011-12-09,1.6742412907085225,2.3557244635764363,-1.4897062768563174,0.8244919243255211
2011-12-12,-1.5026386904779088,-3.171529188261246,1.3654480686300374,-1.8490874112403688
2011-12-13,-0.8723953020305153,-0.3743561544487406,-1.1741044382493016,1.1412419485646197
2011-12-14,-1.14132514971379,-2.4658256643100174,-0.39456244893685266,-2.2732928963684174
2011-12-15,0.3237852858082313,0.8567345580276609,-1.6780172453895403,0.633379692662217
2011-12-16,0.3210989101900097,-1.0014480879787513,0.2902377506140752,-0.2521292751364257
2011-12-19,-1.1802198458557456,0.010440204238548745,-1.2648464497248213,-0.41479194340467984
2011-12-20,2.938929593094386,2.6624380069327103,0.48531714054131925,1.0125653926566613
2011-12-21,0.19476081648539534,-0.8005738654186523,1.4705743801156856,-0.5532269026305769
2011-12-22,0.8231577169830473,1.2693361878761245,-0.7691497033606609,1.240942722117211
2011-12-23,0.8994480783105274,0.7604075364039176,,1.015536851941512
2011-12-26,,,0.9977230235596934,
2011-12-27,0.007910481903916633,-0.002622256584139393,-0.45839919488752656,
2011-12-28,-1.2556506256502509,-1.5523915539325195,-0.20089276959680546,-0.09619319843707785
2011-12-29,1.0650172463281038,1.6383678593270723,-0.29401661119443645,1.0727722739185097
2011-12-30,-0.4300570740064735,1.0532062785609142,0.6699818516819889,0.09875125710028243
2012-01-03,1.535548367017725,3.117664054869085,,2.2640753644656897
2012-01-04,0.018790634443721643,-1.688719871860922,1.2313750689132874,-0.5524081218466037
2012-01-05,0.29393926694947226,-1.4634863684300115,-0.8376040894150449,-0.7828071299874395
2012-01-06,-0.25401850025392747,-0.7411657549226014,-1.1654851332565386,0.45060197982795813
2012-01-09,0.22590443626082646,-0.532157656438148,,-0.6641898085153031
2012-01-10,0.8846523613060597,2.6337764947322206,0.37959835806180564,1.4926511213774418
2012-01-11,0.030954934463256478,-0.33966300788872417,0.30373354836097377,-0.4556927282994394
2012-01-12,0.23338827385686045,0.2706341290735992,-0.7400770534355061,-0.148235345692882
2012-01-13,-0.4960204447868932,-0.3347706819971208,1.3553723376361404,-0.4566749185913821
2012-01-16,,1.0022298045062605,-1.441622804279774,0.368334127915837
2012-01-17,0.35466577681741995,1.4741092601949113,1.045320169069086,0.6448583399981445
2012-01-18,1.1046689130221665,-0.2502467436079847,0.9893691106368507,0.1474132872987255
2012-01-19,0.49265017172448466,1.840213195765994,1.0366382880707903,0.6781160005710163
2012-01-20,0.06692357932855941,-0.3323770285350136,1.455620009603642,-0.21970919114586707
2012-01-23,0.047123192204079345,0.5948575900786679,-0.005247023693755182,0.938223559693796
2012-01-24,-0.10263438252238188,-0.38452304696958706,0.2214055073993748,-0.5323207387791129
2012-01-25,0.8641694717195669,-0.45124832672671644,1.113376574387992,-0.5037074605267478
2012-01-26,-0.577050828798864,1.609360723620945,-0.3859520277543993,1.2536878982452038
2012-01-27,-0.15941475452905252,-0.9712017503187731,-0.09326940727696353,-1.070385791319417
2012-01-30,-0.25253090863452954,-1.3219945507620068,-0.5463230739415792,-1.094304482549191
2012-01-31,-0.04570511280785894,0.4994449555284497,0.10752669514335622,0.18497807241164566
2012-02-01,0.8860237474266341,2.215156816365571,0.08267260872099058,1.9020315711292923
2012-02-02,0.1094547830667203,0.2974321286656867,0.7579812415393405,0.09320783301962621
2012-02-03,1.4499725948107667,1.4820130437433576,-0.5069891568284746,1.7953496324221163
2012-02-06,-0.04239640135317302,-0.28906857669683816,1.0953298686825264,-0.15093152573371071
2012-02-07,0.20213375254707344,0.24811690113990537,-0.1308998618160473,-0.03225785090563704
2012-02-08,0.21578809333249183,-0.047749583292677755,1.0937455196376789,-0.24476738269925136
2012-02-09,0.14730251258781024,0.3741684436436188,-0.14818223681611897,0.33301248674195705
2012-02-10,-0.6910122643615679,-1.6622108161394422,-0.6136188857073677,-0.7337531199251401
2012-02-13,0.6777023326496767,0.43360400944587596,0.5796154913332074,0.906620246722234
2012-02-14,-0.09399650039254581,-0.13052656056276035,0.5860068012687236,-0.09826342392571519
2012-02-15,-0.5397747536216357,0.22760497055376305,2.274725281209733,-0.13059095600844728
2012-02-16,1.096536583327623,-0.18501215224384637,-0.24045536540757695,-0.11547842800005981
2012-02-17,0.23461758829403934,1.2360261627578417,1.5688024284360225,0.33417096213419484
2012-02-20,,,1.0696856731131632,0.678455774700204
2012-02-21,0.0719663757696054,0.8411909317163513,-0.23295540514549629,-0.2880300028923699
2012-02-22,-0.33456974121452987,-0.8931845025833773,0.9568393484173043,-0.19586824729707075
2012-02-23,0.4262903180605626,-0.43444460325678946,0.4341651235135302,0.35935429767324223
2012-02-24,0.16708411755086416,0.6204541661286811,0.5384797546733822,-0.04716254930343666
2012-02-27,0.13536425518791972,-0.4220935561459527,-0.13951539385992362,-0.3290947754631901
2012-02-28,0.3350713492315194,0.2646615174154654,0.9153586105881573,0.20770564629444266
2012-02-29,-0.47482427569534025,-0.3024692394151707,0.007412445016541369,-0.9559864458681844
2012-03-01,0.6139156544533009,1.444461615312509,-0.16335174685018217,1.0133242514687169
2012-03-02,-0.32510350278585065,-0.0981389052766346,0.7150382013476175,-0.3411424506495564
2012-03-05,-0.3877200502821587,-0.6422299616548166,-0.8055286903964287,-0.6159972179432316
2012-03-06,-1.5489506127543962,-3.4724377033330533,-0.6305282393638478,-1.8728105002312034
2012-03-07,0.6876921722994034,0.7034686366360177,-0.6409026585268762,0.44301630455265695
2012-03-08,0.9770049174722573,2.148828759654897,1.994381904968634,1.172439937569969
2012-03-09,0.36246730207318834,0.06878417881805987,1.6324309955772165,0.4733018271863898
2012-03-12,0.01604477867873655,-0.038958301716718324,-0.4024292665290474,0.08997742218674887
2012-03-13,1.7969133090434575,1.6503462171025163,0.09318060522094385,1.0651074928047066
2012-03-14,-0.11969780885960901,0.7003666989958468,1.518249639913627,-0.17645136071919865
2012-03-15,0.5949465701560186,0.742151681968295,0.7213421208795978,-0.07907904590318537
2012-03-16,0.1118772476700336,0.5509177461214598,0.06467949665154293,0.4182649191116994
2012-03-19,0.3965971514070965,0.004595724806755186,0.11997104868779473,-0.07546094292365524
2012-03-20,-0.3005028734389903,-1.2270020949567417,,-1.1761400343011985
2012-03-21,-0.18729499037748454,-0.3510771665179213,-0.5487326578769824,0.010185475528956545
2012-03-22,-0.7232634226897794,-1.4657607575457199,0.4016103803424542,-0.7889116956713238
2012-03-23,0.31040360075564877,-0.18949257121612106,-1.1481623327856738,0.15725191614492928
2012-03-26,1.3790299964088426,0.5701626567734763,0.06760465412192218,0.8131005634513855
2012-03-27,-0.2820749754246066,-0.5788732640605865,2.3372601598291354,-0.5623401384353244
2012-03-28,-0.4953758683289067,-1.1362390196265615,-0.7102590773051531,-1.0378066044884449
2012-03-29,-0.16092239433875832,-1.7756058905415095,-0.6678752725715498,-1.1600857311524493
2012-03-30,0.36916136216209594,0.9955432897445604,-0.30923807381864066,0.46044996863354726
2012-04-02,0.7476626120983099,0.9601397273727663,0.260585370296873,1.8276940600932434
2012-04-03,-0.3996611820141993,-1.7015971315745837,-0.5900781242901942,-0.6249396866707002
2012-04-04,-1.0254926852537594,-2.4919773426020697,-2.3191276839266806,-2.330703997828998
2012-04-05,-0.06292401524214952,-0.24712689993027226,-0.5348282188963438,0.3482898401562906
2012-04-06,,,-0.8137371167187268,
2012-04-09,-1.1423437999542152,,-1.4785044346735887,
2012-04-10,-1.722902527718606,-3.0129115751988955,-0.086356259609488,-2.2634891470238117
2012-04-11,0.7421289800123354,0.8505539308318433,-0.8346661021510826,0.696334997771153
2012-04-12,1.3685315235976603,0.46360584936655513,0.6958671044209552,1.3362643458345147
2012-04-13,-1.255346712505645,-2.615706832235265,1.1814727349007015,-1.0332541574083365
2012-04-16,-0.0503727240173113,0.4215361803433737,-1.7516155345258966,0.25622690086546385
2012-04-17,1.5367979157954181,2.8218119746035164,-0.06263087628326502,1.7615701690180785
2012-04-18,-0.4063533761746285,-1.6703637981144936,2.1174753633193433,-0.3769919369968733
2012-04-19,-0.5952075477202001,-1.8719277151266311,-0.8192958061496114,-0.012179514844490313
2012-04-20,0.11685826213376771,1.1575605868346273,-0.28219233106643316,0.47930240678653036
2012-04-23,-0.84431131028877,-2.916733615984235,-0.20090984093474873,-1.8640504570525351
2012-04-24,0.3673019641628805,1.7333522355724718,-0.7798994193755959,0.7718634547362768
2012-04-25,1.3552342898741188,1.68573205423721,0.9771424979225785,0.1645007970283885
2012-04-26,0.6657952133507727,-0.009470066739503125,0.00857940041552041,0.519731413645097
2012-04-27,0.24114139290238867,0.914144090476654,-0.4290844605817412,0.49280673095406513
2012-04-30,-0.3891062275370061,-1.6166567531015197,,-0.6826016014041869
2012-05-01,0.5642435719684258,,-1.801033159895482,1.2883362720343072
2012-05-02,-0.24998055766589644,-0.7013639736268118,0.31284518107685955,-0.9351614141792197
2012-05-03,-0.7688351103507074,-0.1402522978764864,,0.14750928696116716
2012-05-04,-1.6278995721589418,-1.7092476949967406,,-1.9524858863565697
2012-05-07,0.035051958289678,1.5337621842458127,-2.8230952272878085,
2012-05-08,-0.42878531349686,-2.0792029966895775,0.6831506745434979,-1.7931379267016823
2012-05-09,-0.6724827531781941,-0.46978281597889193,-1.4988264768330595,-0.44205146669558104
2012-05-10,0.25142474063848397,0.9725072181931971,-0.39224363241636695,0.25103456751782716
2012-05-11,-0.33930913342814506,0.3180937205314649,-0.6273020169226484,0.5665737535677451
2012-05-14,-1.1175073102339006,-2.3602669103546248,0.22904123727016668,-1.992639067152524
2012-05-15,-0.5762408276502207,-1.062874622025678,-0.8179215017378283,-0.5117803742022531
2012-05-16,-0.4413543928947661,-0.15295484512396484,-1.1249787365866126,-0.5957887429564934
2012-05-17,-1.5165797405604309,,0.853279832696785,-1.245395326607479
2012-05-18,-0.7415201826755258,-1.4190022095164068,-3.034105100974216,-1.3351094921123519
2012-05-21,1.5908684395839146,0.2547224628231426,0.2618710371788069,0.698064752422134
2012-05-22,0.04862187951424346,1.9659895078560474,1.0988926263298282,1.845432496490318
2012-05-23,0.16922705145487882,-2.718050651389081,-1.9981172930849667,-2.566284325382817
2012-05-24,0.13790801585873425,1.0474214742985488,0.07920890086445809,1.5768271946914325
2012-05-25,-0.21679807027599196,0.24778216993626145,0.19843676941206922,0.026162486711456268
2012-05-28,,,0.14860936658322998,
2012-05-29,1.101805527882771,-0.07218850663557319,0.7412072586587826,0.7372568403788193
2012-05-30,-1.443862930479689,-2.0639212802130658,-0.2763364937392154,-1.755224392603516
2012-05-31,-0.22792610600435026,0.1303391752343508,-1.053344363594455,0.4445223704378165
2012-06-01,-2.495129541436114,-2.401492381143022,-1.206875469633495,-1.1473357653725813
2012-06-04,0.010954819498731894,0.49667377036808347,-1.7283073023182993,
2012-06-05,0.5710514594359672,0.4008433825730684,1.0357693503804555,
2012-06-06,2.278777604804816,2.3868325534967205,1.7916591966670836,2.328109788840216
2012-06-07,-0.010647016016740452,0.24995738510140697,1.236700176499106,1.1761637743097353
2012-06-08,0.8081420799989303,0.03824716851852372,-2.1108471597669265,-0.2333883966560535
2012-06-11,-1.2700423815401152,-0.2896092917330506,1.9391742300818748,-0.04969303644930534
2012-06-12,1.1583389901240082,0.2653505747908902,-1.0276586885080263,0.7573832997000096
2012-06-13,-0.7048030071103994,0.0056039446318045805,0.5970403948625247,0.1843415420491823
2012-06-14,1.075659264986939,0.2194911991386661,-0.22090693949010642,-0.3049926512943557
2012-06-15,1.0284745652146654,1.5254009870604435,0.00502577647925051,0.21377340540613687
2012-06-18,0.14437039589356715,-1.1801315527360856,1.7547730436630715,0.2242554304624278
2012-06-19,0.976783441761242,1.9464796614030888,-0.7498432762199414,1.7188519276544412
2012-06-20,-0.16877805127712975,0.4303709045976767,1.1079899387913983,0.6423661303786687
2012-06-21,-2.251320818337632,-0.36624653288033215,0.8165633811005435,-0.9992290243047819
2012-06-22,0.7148989234504022,-0.5749766007415502,-0.29190907381693165,-0.9512568291134116
2012-06-25,-1.6083502390602966,-2.5988648535951064,-0.72697065983931,-1.1491862953606713
2012-06-26,0.4761368161021018,-0.12961871616941067,-0.811907035956061,-0.06790782253833783
2012-06-27,0.894478141961752,1.754307455206483,0.7646140866835793,1.4019116478749538
2012-06-28,-0.21120283457669586,-0.369630989622749,1.6316564844251147,-0.5591337919360839
2012-06-29,2.461479373492015,4.844530137561787,1.4839569156055887,1.4117728688333386
2012-07-02,0.24562921587065745,1.2008618293960716,-0.03664360857023041,1.2379954494258882
2012-07-03,0.6212771568424813,1.2292747529701664,0.6984990152341553,0.8315522689898103
2012-07-04,,-0.3462251151860052,0.4136330256985232,-0.05628102463930418
2012-07-05,-0.4698041566321365,-1.1959254119144447,-0.26803973108844303,0.14239303434724349
2012-07-06,-0.9477418655581715,-2.1861584278279445,-0.6524665251596673,-0.5283934987298622
2012-07-09,-0.16401761705182594,-0.340550749624402,-1.3826838869203328,-0.6253449244137954
2012-07-10,-0.8159121789590884,0.6237574596553941,-0.44100632723083066,0.6518310145001038
2012-07-11,-0.001492368899036478,0.1951785229620029,-0.07601300483894846,0.007060048734608415
2012-07-12,-0.4999574352459568,-0.8144431884010928,-1.4910089155355521,-0.9971020848407619
2012-07-13,1.6362759247573244,1.3853301466599355,0.0471259004168445,1.0253459139953236
2012-07-16,-0.2316995891620266,-0.31611854506667925,,-0.06532542603316926
2012-07-17,0.7382355809911978,-0.05374367779049649,0.3533348902262645,-0.5898224545276776
2012-07-18,0.6658275330084784,1.4971209320062684,-0.32330637410264984,1.002221533005887
2012-07-19,0.27134152485110974,0.7739048851396646,0.7853987563187559,0.4982534978918096
2012-07-20,-1.0112620534168393,-2.869052663226057,-1.439207959628952,-1.0980295191879819
2012-07-23,-0.8948979003707613,-2.6274885720794394,-1.8809264944628978,-2.108125049192111
2012-07-24,-0.9082050192423807,-1.2824456865335954,-0.2380558967212565,-0.6290130812558914
2012-07-25,-0.031391072211839344,0.35029943772952876,-1.450001955443092,-0.016374460141044267
2012-07-26,1.6405662864951154,4.170991838242433,0.9185526985449499,1.3530512273696615
2012-07-27,1.8900814490450557,2.2046958391994664,1.4526055866335597,0.9642587143980919
2012-07-30,-0.048347644461088635,1.6839670153085073,0.7999166123882517,1.1730736708630118
2012-07-31,-0.4326172766219827,-0.6253768342703303,0.6880283409465449,-1.029240405222609
2012-08-01,-0.29041929017452617,,-0.6138363818257275,1.3658886961554373
2012-08-02,-0.7531963624136218,-2.717917359488542,0.13102122640376024,-0.8879101460596672
2012-08-03,1.8861288185302527,4.7127521239962,-1.1398040995183933,2.183569222775894
2012-08-06,0.23265607240574582,1.1207388798549545,1.9811506305744686,0.37081476289966275
2012-08-07,0.50937627425931,1.6910998756604734,0.8787425677592609,0.5562313160883292
2012-08-08,0.06206338074532525,-0.3267290021082836,0.8804458380213376,0.08042555031284593
2012-08-09,0.04135999951726532,0.19551030595783558,1.0911727952752415,0.09574945083272723
2012-08-10,0.21860506671051994,-0.5686982004543317,-0.9754860162432877,-0.07522100959924671
2012-08-13,-0.12526850781942045,-0.30005146801972415,-0.0707676673057378,-0.2602997498934556
2012-08-14,-0.012815461202020373,0.6736509000409896,0.5021556011142181,0.5625516586983181
2012-08-15,0.113899162944886,-0.078152237358875,-0.054212999999059264,-0.5436899853240362
2012-08-16,0.7075420387505638,1.069810287315054,1.8617652864943324,0.025712449252424108
2012-08-17,0.18703837394768996,0.6087606946880264,0.7640600522718088,0.3063244571315238
2012-08-20,-0.002117505365362149,-0.2110215080569411,0.09447275470684247,-0.47958437474751037
2012-08-21,-0.35036668144439176,0.966395733418679,-0.1553925689954383,0.5666918311948876
2012-08-22,0.022637762345656398,-1.5189464223746896,-0.27535864513570374,-1.4323138901360721
2012-08-23,-0.8104999597722262,-0.9652078893260807,0.5066120780732319,0.04155387189470616
2012-08-24,0.643398834326181,0.20808736773485492,-1.1766375897883208,0.0
2012-08-27,-0.04891344205226744,1.1270464829278737,0.1611562633151209,
2012-08-28,-0.08085090427956132,-0.8034379049397522,-0.5750943652175877,-0.015579621767969343
2012-08-29,0.08439929642989341,-0.3236085779881215,0.4034621868882482,-0.55907143963978
2012-08-30,-0.7836429729673355,-1.2579637886968698,-0.9530508756757428,-0.4187391619730363
2012-08-31,0.5060469767645515,1.5238125730143715,-1.6144046316707517,-0.13997027917262983
2012-09-03,,0.9160141978155067,-0.6357391381230926,0.8177955191841946
2012-09-04,-0.11666393226885674,-1.0870090367531837,-0.0954461283219743,-1.5117852153881728
2012-09-05,-0.10682316532886205,0.21605753895590496,-1.0964033480219015,-0.2489007856581793
2012-09-06,2.022953661200688,3.3481649633041677,0.008640358580258578,2.088363033819185
2012-09-07,0.40417949889430815,0.539154522767582,2.177361262678268,0.30245182691359673
2012-09-10,-0.6166805654652663,-0.3974668644502799,-0.025706226415245226,-0.027608032191217546
2012-09-11,0.3130052101452563,1.1450712172128341,-0.7013787998328525,-0.017263106474807444
2012-09-12,0.2090505602597048,0.2791691942832131,1.717576524828246,-0.17452632062919804
2012-09-13,1.6178172153844095,-0.844953873879728,0.39198282892201064,0.65161072978146
2012-09-14,0.3951135292808772,1.9985984812552537,1.8093957578656727,1.6309883133301284
2012-09-17,-0.3129582860266211,-0.4244778121262449,,-0.37428971342485795
2012-09-18,-0.12805951321173126,-1.1746423704896536,-0.38964997137433954,-0.4302072538447277
2012-09-19,0.11848517443748818,0.5573076312428427,1.1815407757376661,0.34533201534259206
2012-09-20,-0.054087999282170784,-0.5717941924009651,-1.5855780893820892,-0.5773602580482873
2012-09-21,-0.007532185571701433,0.9376104806175789,0.2530039922691074,-0.03416700809903972
2012-09-24,-0.22351500693797988,-0.7474347462976816,-0.4478725945846307,-0.2360760814500651
2012-09-25,-1.0557389418567986,0.4131618754604993,0.24503297522091572,0.35731782471799534
2012-09-26,-0.5753253211740805,-2.7615712254667635,-2.0540490641209885,-1.575568727600718
2012-09-27,0.9602727708234227,0.3013257715898554,0.48351956983552213,0.19571003757103966
2012-09-28,-0.4487808236766533,-2.088652798021773,-0.8946168029879686,-0.6474840081432731
2012-10-01,0.264799766799495,1.798934787307882,-0.8337826837488294,1.3561154617216076
2012-10-02,0.0871906727265781,-0.2091167555564155,-0.11898110886114921,-0.18916600653788862
2012-10-03,0.3617857293033211,-0.044528352991335396,-0.4469278692953438,0.2801786911195592
2012-10-04,0.714882173169773,-0.27037660353297355,0.8846189623952228,0.034324158829512896
2012-10-05,-0.03216410840751749,1.8123008968327525,0.4377008620924272,0.7385439941778316
2012-10-08,-0.3462723847428961,-1.3971891085627242,,-0.5003093277501591
2012-10-09,-0.9940182135141917,-0.960497332250565,-1.062909654237032,-0.5389712776771916
2012-10-10,-0.6207255566481606,-0.6366697712874902,-1.99662476059288,-0.5799551834174466
2012-10-11,0.01953704369848097,1.2355491260687579,-0.5769153763115042,0.9150041760600303
2012-10-12,-0.2970544956016674,-0.7259665686145667,-0.14823760198581226,-0.6280617255063348
2012-10-15,0.804547075266715,0.6471297976872847,0.5120329420293501,0.21209421036960663
2012-10-16,1.0217555817170876,2.494845686702263,1.4280950435674455,1.1116823285295396
2012-10-17,0.4108606125954317,0.857032711637995,1.2022200964468155,0.6858278478381052
2012-10-18,-0.24467198768949316,0.16951195013534814,1.982261564829635,0.10483929456217567
2012-10-19,-1.6710144600035726,-1.2489320444963425,0.220391980633039,-0.35383717726844566
2012-10-22,0.043948567855078835,-0.43915488764865174,0.08915894372112376,-0.22582877318217953
2012-10-23,-1.454923497073768,-2.1234562382819178,0.039279300655081784,-1.4554054826945162
2012-10-24,-0.30901524835877936,0.5096179390069011,-0.6672816494550204,0.11893616712210786
2012-10-25,0.29910649483948504,-0.2875004833279071,1.1205357880850642,0.005173050092466269
2012-10-26,-0.07292475686444533,0.5088911316675215,-1.3580246640312765,0.027559855078607143
2012-10-29,,-0.6938808658356166,-0.0416486780979497,-0.19997071538710998
2012-10-30,,1.4875616113696921,-0.9831579999932671,0.9411800637163736
2012-10-31,0.015586755128005336,-0.4920730358444203,0.9714005081468358,-1.1553814969957443
2012-11-01,1.0867212600985887,1.2002194514864506,0.20788719825795,1.3603031042535463
2012-11-02,-0.9423718242891788,0.5227224196369562,1.1595761498060853,0.11423547233508913
2012-11-05,0.21614713450572864,-1.164120912998623,-0.48485748402455897,-0.5039429083304015
2012-11-06,0.7822509122727084,0.7230514274885635,-0.3591259356257481,0.7813039520520704
2012-11-07,-2.3990484179204685,-2.266872340617443,-0.025192078851432598,-1.5981122833215622
2012-11-08,-1.2279933313509517,0.001201443110421252,-1.5243299380401254,-0.26798774198351083
2012-11-09,0.16972512798218986,0.02783595551996143,-0.904262047654214,-0.11086114148550763
2012-11-12,0.013047937654864228,-0.2543759206308671,-0.9310494386900459,-0.0416120422924493
2012-11-13,-0.39933834747456487,0.7900671860370245,-0.1775416030195487,0.32890212176894806
2012-11-14,-1.3948870444327355,-0.8175593875808573,0.042487715528949366,-1.1174626118990005
2012-11-15,-0.15948159570164933,-0.44867118937306216,1.886245612367432,-0.7754595267142506
2012-11-16,0.4828274735175775,-1.4092815112308976,2.1782169343643076,-1.279768386539537
2012-11-19,1.9667376739547215,2.758508210709909,1.4198123851793198,2.329235171174915
2012-11-20,0.06631664358280887,0.5758515612200199,-0.1154420692138558,0.18109152032277365
2012-11-21,0.2317493660971337,0.4000488247594802,0.869912269978812,0.06782380083869555
2012-11-22,,0.6097291838138119,1.5523233325101415,0.6757367824906879
2012-11-23,1.2942202068968456,0.8617266155493297,,0.48406391485862343
2012-11-26,-0.20316442693264491,-0.5690717331791717,0.23609449702064467,-0.558341272410523
2012-11-27,-0.5240293685227826,0.036568507338596845,0.3652878421513961,0.22440110848798156
2012-11-28,0.7825330760125482,0.13320015928268703,-1.2273520155032358,0.062046186167030726
2012-11-29,0.42605535668815975,1.3590791022027204,0.9891484619009461,1.1479018973471256
2012-11-30,0.016249433406834157,-0.2497583771413403,0.47891158606176987,-0.05963994888382729
2012-12-03,-0.4756519166260631,0.27571343230352596,0.12875371976566186,0.07497684155968187
2012-12-04,-0.17112757910542342,0.32745667442348747,-0.27230144593701766,-0.037481393871630075
2012-12-05,0.15836076545872046,0.04862161677543497,0.3849463064721448,0.39282256199086873
2012-12-06,0.3301135858709614,0.43575563971751663,0.8027844996284728,0.15771071548051907
2012-12-07,0.29166619993503673,-0.07838160363462521,-0.18634648368287543,0.22004443982357458
2012-12-10,0.03385032499760854,-0.20587638815694476,0.06673632233837878,0.12166603921386354
2012-12-11,0.6527531315292379,1.0731804612206908,-0.08845854400529873,0.057398787991047584
2012-12-12,0.04481393339572648,0.24018337066005202,0.5876428072872031,0.35212029602256223
2012-12-13,-0.634148997700823,-0.10194659617264179,1.6691436839247231,-0.27451164032363806
2012-12-14,-0.41439756794918736,0.10954803042491079,-0.05308851714822538,-0.13163498252311
2012-12-17,1.1800688037810758,-0.09622536511404434,0.9334450020329399,-0.1622378144432446
2012-12-18,1.1421185666775635,0.5876887187228341,0.9531300254776554,0.4000597301669018
2012-12-19,-0.7618145562821255,0.4224068283046556,2.36415708279214,0.4320274895821541
2012-12-20,0.5473104693568764,0.13589741309916192,-1.198746314892496,-0.05537450951980105
2012-12-21,-0.9422944450144577,-0.2715929771113679,-0.9937373111288395,-0.307603933626055
2012-12-24,-0.24432789712660608,,,0.23877523206312645
2012-12-25,,,1.399216532016112,
2012-12-26,-0.479895678992559,,1.479462536495113,
2012-12-27,-0.12191849162670465,0.3336397931385626,0.9012719143859371,0.001672912205563648
2012-12-28,-1.1111445674961473,-1.2521860371198734,0.696968364668038,-0.48654360072113434
2012-12-31,1.680002726988583,,,-0.46688119079885126
2013-01-02,2.5086115958697697,,,2.173635720517453
2013-01-03,-0.20877954235247742,2.7918065065555275,,0.3296135033327374
2013-01-04,0.4853299978980985,0.30052778060252194,2.7789734434993107,0.7003349247426627
2013-01-07,-0.3128003259122103,-0.5102793047983667,-0.8371363133361953,-0.41466042488931265
2013-01-08,-0.32476391807332305,-0.15259330173682528,-0.8618037565945258,-0.18154516089712303
2013-01-09,0.26523453586815293,0.5535540137570294,0.6687745304402526,0.7422513208153347
2013-01-10,0.7568700109210624,0.0694458030311651,0.6977429602558871,0.04589768514993153
2013-01-11,-0.004751511497769201,0.35090025531809843,1.388380710826631,0.3288873626772215
2013-01-14,-0.0931104904918989,-0.09682132845796332,,-0.22405169538650682
2013-01-15,0.11280332953038652,-0.5010330034112442,0.7150163343906613,0.15377915161174371
2013-01-16,0.01969725099559838,0.035156488069088,-2.594613598481743,-0.2176496796625571
2013-01-17,0.5627060541354645,0.604630943204576,0.08674384342661767,0.4641880547367805
2013-01-18,0.33974923781512345,-0.3441031047964671,2.8219222346097084,0.35810827653506294
2013-01-21,,0.6269007074635624,-1.5286689285247235,0.43128133822616377
2013-01-22,0.4418331627712213,-0.36484809697716614,-0.35242024084247703,-0.02912258170226778
2013-01-23,0.15063419242924425,-0.31041326110905487,-2.1035855672675297,0.29732912325499683
2013-01-24,0.0006614661544723788,0.5405751694002703,1.268548075673337,1.0800474848201347
2013-01-25,0.5430708661868344,0.7762770911543093,2.8383850679727374,0.3123673441891128
2013-01-28,-0.18513342747921158,0.011662853863736444,-0.9410304254870994,0.15740493150637747
2013-01-29,0.5093003781205141,0.17365199900822859,0.3910391684160075,0.7092274634549867
2013-01-30,-0.3907244671752075,-0.6257521496155327,2.249621108581046,-0.2542998659032847
2013-01-31,-0.25665919583923724,-1.0723046646708312,0.22208604476823268,-0.7333397200197211
2013-02-01,1.0002513224010023,0.26233227236334145,0.4718296930676047,1.113758907623108
2013-02-04,-1.1605832709651764,-3.183255748724978,0.614742005020652,-1.5944500183826094
2013-02-05,1.0362632222059354,0.9870498734685818,-1.9136022012796516,0.5746408534339054
2013-02-06,0.05490198591342477,-1.2853731984767691,3.703823388430827,0.19875823062758258
2013-02-07,-0.18070310558568892,-0.7451298056794897,-0.9349397885062061,-1.0683829900214548
2013-02-08,0.5641994585043442,1.238683190460499,-1.8117605171077855,0.5683516424697999
2013-02-11,-0.06063012476387186,-0.2927880611318656,,0.21051272127081688
2013-02-12,0.15940011376045504,0.9948016486515776,1.917803858194489,0.9718249318462213
2013-02-13,0.059208777479113905,0.3026952252120019,-1.0407450399478435,0.32605179997808875
2013-02-14,0.06904332650528033,-0.8128977263146098,0.4953322232474022,-0.4997479413232142
2013-02-15,-0.10456277960129157,-0.7652514858571102,-1.1872346226196484,0.01422129737740363
2013-02-18,,0.053131366333492025,2.072903434398121,-0.15972184433792336
2013-02-19,0.7309694441360648,1.7321911210581575,-0.31194007701866866,0.9592648505282853
2013-02-20,-1.248171143000576,-0.8305226454142556,0.8400909734193718,0.25519297872058644
2013-02-21,-0.6323005465665332,-2.3215145978253027,-1.3974633601439024,-1.6379450621359481
2013-02-22,0.8734213386774492,1.930650084501817,0.6768944893893902,0.7000819683710802
2013-02-25,-1.847927558477469,0.8258445110095991,2.4000942253247004,0.31044941260596204
2013-02-26,0.6090876862567818,-3.115310042261399,-2.2871314586190294,-1.3464696970592271
2013-02-27,1.2645699119019582,1.5965835407485862,-1.2787995299424537,0.8812168654495522
2013-02-28,-0.08644534614576926,0.8258708365746159,2.6774597811794365,0.5501823355926305
2013-03-01,0.23211594495267107,-0.6399674689134827,0.40594080174454206,0.27945279509733467
2013-03-04,0.4600126548350403,0.11572662118206622,0.394779375005605,-0.5186978117519558
2013-03-05,0.9520551872499894,2.385267707275851,0.2670596643326917,1.3523857143725948
2013-03-06,0.10839250554139923,-0.11673242175840315,2.1073128124557527,-0.06842984979371636
2013-03-07,0.18148436172067406,0.40814563031918993,0.2996656890662308,0.18031057504543924
2013-03-08,0.44711287129546307,1.399746847968597,2.602356486169022,0.6871587588740624
2013-03-11,0.3243818865874104,-0.36971448678091434,0.5312444131106986,0.3079958037060848
2013-03-12,-0.24061453968018398,-0.2526393909990432,-0.2776553000208182,0.107574811667277
2013-03-13,0.13131891571704912,-0.26290098866113,-0.6121056535658198,-0.4479667813695798
2013-03-14,0.5587352158972436,1.4669676643176643,1.1496908434018849,0.7363075438341582
2013-03-15,-0.16197737499892284,-0.6939158931112743,1.4414390551090506,-0.6098705714423502
2013-03-18,-0.5525570335024099,-0.7456963963341501,-2.7467313018201267,-0.49121623578436413
2013-03-19,-0.24254697268757397,-1.2463367803992043,2.0058348902011858,-0.25738196473099606
2013-03-20,0.6675163815817342,1.3730341498018994,,-0.13359656134923625
2013-03-21,-0.831692375600479,-0.9264229083704834,1.3341537009278426,-0.6879219823773042
2013-03-22,0.7148643803299493,-0.08386776467848023,-2.379847481948616,0.06571591867068349
2013-03-25,-0.33456293009468396,-1.2151789623844778,1.671164221632715,-0.22550596304800052
2013-03-26,0.7754963194635422,-0.30848020392593156,-0.5982878522745594,0.32869538149125077
2013-03-27,-0.05885230525652929,-1.0910822770925144,0.17760515500366836,-0.18455944376150057
2013-03-28,0.40484633961916927,0.4415209230721473,-1.2713152881792311,0.3765850567791773
2013-03-29,,,0.5009351513940885,
2013-04-01,-0.4483616865356588,,-2.14324739463585,
2013-04-02,0.5158933898854023,2.1034682645909797,-1.0903032430046977,1.2245936393521006
2013-04-03,-1.0602133218841736,-1.5338332564549972,2.945102927271037,-1.090559807331637
2013-04-04,0.404027901273718,-0.6683906201516265,2.1790890945393215,-1.1939552633830175
2013-04-05,-0.4304145168907425,-1.388611368572068,1.5635484587543047,-1.497583054185192
2013-04-08,0.6282958765271296,0.15344278454580973,2.7585475438442586,0.4326780487840409
2013-04-09,0.35380658065768955,0.2268308058637203,-0.0018209962197701657,0.5766498006648746
2013-04-10,1.2115443329548725,2.529843745417182,0.7234060180836721,1.168457406129697
2013-04-11,0.3545956179577203,0.4763906899344583,1.9453417608970014,0.44831871570796267
2013-04-12,-0.2840798318548998,-1.5396553831472204,-0.4736251942983216,-0.49529721679721916
2013-04-15,-2.323412455036511,-0.3331958199962237,-1.5656017197347438,-0.6411053493431851
2013-04-16,1.420584082806453,-0.5888394025418187,-0.4092508315173049,-0.6166904855632538
2013-04-17,-1.4431313685983937,-2.1620957762141124,1.2137212267370856,-0.9626477012369961
2013-04-18,-0.6723555969544215,0.07868521461862343,-1.2240846072721467,-0.008007751257288476
2013-04-19,0.8808989051054539,0.7663734751314877,0.7266248069379699,0.6847412904949834
2013-04-22,0.465079821542691,0.3279927662974025,1.8738956236942883,-0.09548666946699313
2013-04-23,1.0365312805553195,3.021663820798892,-0.2857755082336766,1.9785143808203287
2013-04-24,0.0006340170072505202,1.4602562400341412,2.292931384362795,0.4003729824495039
2013-04-25,0.40266145649914264,0.08729791575889934,0.5950430641124882,0.16777940073691155
2013-04-26,-0.1843811801517603,-0.7787939922827114,-0.3016893952933586,-0.25177098251720764
2013-04-29,0.7160315369406867,1.257233619579523,,0.49051816547223126
2013-04-30,0.24818174185821107,-0.19817676012241492,-0.1677386548664117,-0.4329566920592498
2013-05-01,-0.9351472649563597,,-0.4447604965445606,0.3291525196329914
2013-05-02,0.9364003810320654,0.2540980751000177,-0.766075676266631,0.14560706762463127
2013-05-03,1.0479563948170068,1.6335749398778354,,0.93667095401333
2013-05-06,0.19059611284841793,-0.47731084148594505,,
2013-05-07,0.5216639159836944,0.6725171468249691,3.488875820144166,0.5474492251932972
2013-05-08,0.4130538866697009,0.5596297629899105,0.7408904273649597,0.398761573412898
2013-05-09,-0.3693918028773169,,-0.6616549443943853,0.13964871011804547
2013-05-10,0.431234377158507,0.02225811914406961,2.889601887063087,0.4887365956843581
2013-05-13,0.004288844886968235,-0.2822442992938434,1.1886591650378975,0.10258592396379385
2013-05-14,1.0091066969150297,0.6545842684386294,-0.1610666008136974,0.8154528005780648
2013-05-15,0.5101103490210868,0.4977591994840047,2.2618051380442594,0.1121101471042607
2013-05-16,-0.5022331985411022,-0.10256351857718116,-0.3902006829317628,-0.08669187640073517
2013-05-17,1.024741198656276,0.4014462785520756,0.6686267038160665,0.5264430389081198
2013-05-20,-0.07078684047074901,,1.4603359063423582,0.48224328034081054
2013-05-21,0.17209046830028996,0.12979242266819568,0.13148185673799162,0.7124157818479304
2013-05-22,-0.8308074265778842,0.47236823396312744,1.5882558866751495,0.5335598932859398
2013-05-23,-0.29281151046065546,-2.075347440013431,-7.597356673351818,-2.1201790569907786
2013-05-24,-0.05515174989882965,-0.45081586168862486,0.8830674998771215,-0.6366538307265301
2013-05-27,,1.1048271669075405,-3.2678836302807213,
2013-05-28,0.632096210916,1.451670312531128,1.1901899401268068,1.6055471394299303
2013-05-29,-0.7072936243165628,-1.7548112864136378,0.10111928725198283,-2.0136282595220933
2013-05-30,0.36636251143127296,0.4532947759503969,-5.284530467569226,0.4486510928092713
2013-05-31,-1.4410576921856766,-1.0616335558951917,1.3559093762019359,-1.1163158771251958
2013-06-03,0.5918439859741831,-0.7938557003875246,-3.793270968286855,-0.8849480119250686
2013-06-04,-0.5526048005605411,0.2892724031839933,2.0298033413430616,0.5120886707445038
2013-06-05,-1.387555454392242,-1.6970075408913488,-3.9094728292470293,-2.146813337204456
2013-06-06,0.8454454144231072,-1.2299800760765756,-0.8553704523107442,-1.304559443492792
2013-06-07,1.2749914526945183,1.7729185183974039,-0.20549010695134484,1.1907782118770527
2013-06-10,-0.03468736036369435,-0.17195532825553528,4.825704560677302,-0.17951224332790616
2013-06-11,-1.0205264184820706,-1.3401137939407448,-1.4653019672023149,-0.9481555715669998
2013-06-12,-0.8404776908051304,-0.6235835065293571,-0.2127250627266264,-0.6424291429809159
2013-06-13,1.4676069097359523,-0.18055001071823895,-6.561126835240216,0.08092760125801846
2013-06-14,-0.5902401062458651,0.21054899160031226,1.919051520236792,0.05866544832677789
2013-06-17,0.7538875562715042,1.3173303020418636,2.695384340355922,0.3513026313774148
2013-06-18,0.7760963428783185,-0.0651418815243332,-0.19845971523864137,0.6879401636787463
2013-06-19,-1.394830132848135,-0.629537259791757,1.812749024144189,-0.39928357102834156
2013-06-20,-2.53284243922991,-3.7014499986192106,-1.756643851182993,-3.0270182484782637
2013-06-21,0.2666219053526042,-1.4396851107678188,1.6426521902104696,-0.7054584842272504
2013-06-24,-1.2219368959627275,-1.4877806886530287,-1.2729809539090198,-1.4343258511830825
2013-06-25,0.9452456559302824,1.2478417116427387,-0.7178887510146836,1.200242002068208
2013-06-26,0.9544789666189324,2.310163378343155,-1.0489438078113977,1.0369054241976983
2013-06-27,0.6180691300296637,0.6529269074371236,2.9144143209917317,1.2555653817505785
2013-06-28,-0.42987889804679824,-0.6613785421651919,3.4496205961312754,-0.44787178963208163
2013-07-01,0.5389199609390438,0.766672597740925,1.272671234183953,1.4740759614422672
2013-07-02,-0.05450566900506715,-0.7432424063784637,1.7619726553459003,-0.06184578698587018
2013-07-03,0.08237078945754206,-1.2539859891950833,-0.3067431846629276,-1.180820836343699
2013-07-04,,2.9051562429708078,-0.2609479607034615,3.0322644940680377
2013-07-05,1.015004570322553,-1.9277486587100157,2.054794116276071,-0.7220391229980194
2013-07-08,0.5237805213836211,2.0904725447582706,-1.4119499662065493,1.1633130362275423
2013-07-09,0.7203661934862993,0.5000883404536971,2.5440983844301712,0.9719898644048541
2013-07-10,0.018157596462842207,-0.16641839213757947,-0.3897668878030558,-0.12444363833150618
2013-07-11,1.346321276535356,0.8092156467107259,0.38755367527514295,0.5885781166510284
2013-07-12,0.3081730220628742,-0.240841122744051,0.2323760961729704,0.022921235438388976
2013-07-15,0.13739351515562603,0.44091060205975197,,0.6275276904217364
2013-07-16,-0.3715655417707353,-0.7876966084217507,0.6381669911554866,-0.4519725451309853
2013-07-17,0.27702066483987764,0.6085032650045896,0.10898771941896257,0.23613121931500558
2013-07-18,0.5020341712006271,1.3374635520193578,1.3150202086944063,0.9465250303755113
2013-07-19,0.1608755579646015,-0.06698619315104182,-1.4871135616809639,-0.05578106610482081
2013-07-22,0.20309625424266287,0.33923994798366053,0.46587884336162233,-0.11317424425243416
2013-07-23,-0.1853653868336913,-0.09177175504584412,0.8185089620928565,-0.3903049109903023
2013-07-24,-0.3818502729718176,1.0721306017146937,-0.3200939922049173,0.34801591117403774
2013-07-25,0.2553209985189042,-0.43549904980562104,-1.1493905420602246,-0.490596401804666
2013-07-26,0.08279514379090358,0.06092104251536057,-3.0180422886971314,-0.5052236422327994
2013-07-29,-0.3743034175367477,-0.008387799869868928,-3.3744249018671013,0.08387279527006797
2013-07-30,0.03737470853337754,0.635529181893002,1.5160713701121153,0.16297240699643112
2013-07-31,-0.013641851599821564,0.3234799044372849,-1.4634509931777728,0.7595506120862794
2013-08-01,1.2462588230416571,,2.4388584904430743,0.9155809897972489
2013-08-02,0.16391140879470356,1.536110016431813,3.234278548800873,-0.5116343302271176
2013-08-05,-0.14809308775634022,-0.06832365101558935,-1.4491178710780872,-0.42660407170522774
2013-08-06,-0.5739472830554426,-0.6535918263135265,0.9980824272945554,-0.23291200659958378
2013-08-07,-0.38131256619413634,0.13105706319276322,-4.082754663093624,-1.4182038822161402
2013-08-08,0.38779210740464976,0.7998140092929873,-1.5995737371660823,0.28372293102574275
2013-08-09,-0.35763480414265914,0.3098003142385508,0.07076116401538712,0.8190284038972706
2013-08-12,-0.11535858605249416,0.05412515238765181,-0.705822593636718,-0.1383235566981611
2013-08-13,0.27722100072677947,0.5101728214614631,2.5384029923850804,0.570296224836575
2013-08-14,-0.5190063227857422,0.3677749284975995,1.3121877964410444,-0.37123223957973295
2013-08-15,-1.438456494796192,-0.5703300013861323,-2.1381144054270607,-1.5929108792425595
2013-08-16,-0.33100676234782966,0.6470845459298324,-0.7505044720023335,0.25725670321143923
2013-08-19,-0.591777795715398,-1.0891967732313823,0.7882307627472329,-0.5290865002947953
2013-08-20,0.3813913098371202,-1.2606845489058216,-2.6645401130764412,-0.18886926055365905
2013-08-21,-0.5796369467346629,-0.4817899716189622,0.20842256205124698,-0.9763193683337335
2013-08-22,0.8582441743413938,1.3510377239872362,-0.4416674623998418,0.8739954360201807
2013-08-23,0.3939241910212665,0.48702044462149985,2.1860039122657327,0.6986688179690503
2013-08-26,-0.40478392300578037,-0.16290743421309983,-0.17781945797743504,
2013-08-27,-1.6001539229184125,-2.59154908957564,-0.6910610249978077,-0.790226058490795
2013-08-28,0.2743877308969189,-0.24253680780041975,-1.5171709131887923,-0.1693702149262677
2013-08-29,0.19614766490958502,0.5708133667477355,0.9049187146750626,0.8208700679189107
2013-08-30,-0.31793671926347855,-1.3482721549335608,-0.5277731589183432,-1.0887234603682572
2013-09-02,,,1.3653581314489571,1.4444026961710321
2013-09-03,0.4155575226959307,1.1682914545350975,2.9439547847591285,-0.5826830828491225
2013-09-04,0.8084187928560027,0.17925490803012423,0.5381637694366503,0.09735370071801697
2013-09-05,0.12091315394675561,0.5751463082578567,0.07788553235386075,0.8872090639533425
2013-09-06,0.005442965978197378,1.0477672801559201,-1.4611263741251435,0.22783258213348034
2013-09-09,0.9943282138970666,-0.1824388078814465,2.454483704296706,-0.2538556092577693
2013-09-10,0.731894048480175,1.8794383020193095,1.5238899142165252,0.812829837508211
2013-09-11,0.30476346138188504,0.42136113016093546,0.01185479348535523,0.06680487291621517
2013-09-12,-0.3386141827801836,-0.04785156503714916,-0.2623931492079734,0.009107982775091727
2013-09-13,0.2711001653103118,0.17594281234032394,0.12086988979511659,-0.07895353546292228
2013-09-16,0.5677008295821295,0.9556122586506177,,0.5921269168780441
2013-09-17,0.42088695965523115,-0.1275562909302863,-0.6477171230550027,-0.7989022585315197
2013-09-18,1.210412155841567,0.6196700477420158,1.3442977622339924,-0.17366735456363358
2013-09-19,-0.18446541484813395,0.9334360275063069,1.7821149036015171,1.0103103053578977
2013-09-20,-0.7243053962847412,-0.3073313227506702,-0.16103624756258483,-0.4386701800459747
2013-09-23,-0.47307589419514073,-0.7144866501304747,,-0.5929862831981936
2013-09-24,-0.26005214977313784,0.5688482491730262,-0.06656190398235395,0.21479489039073485
2013-09-25,-0.2743225154378415,0.15110958226189908,-0.763670397375904,-0.30480858774240005
2013-09-26,0.34793658479985723,-0.14905486394365397,1.2141003384533278,0.21498811447884236
2013-09-27,-0.4082121663444127,-0.12494681984023259,-0.2642144580880412,-0.8089765437127028
2013-09-30,-0.6047479981190484,-0.9011753254258181,-2.08298782830596,-0.7784299452737287
2013-10-01,0.7966724683406312,1.3686775400892692,0.1998577217664277,-0.034052952291574456
2013-10-02,-0.06668918703409688,-0.50279139033238,-2.1932632071930414,-0.348905180465664
2013-10-03,-0.901997250055242,-0.5563156904937472,-0.09347893781583849,0.1784814038385818
2013-10-04,0.7028466704283254,0.8983940041527916,-0.9434638666226292,0.07595040830175037
2013-10-07,-0.8542747536819384,-0.18013008513451112,-1.2267284042465576,-0.2575416905935768
2013-10-08,-1.2408749931083207,-0.6758907626110755,0.2976082796090296,-1.116928642276882
2013-10-09,0.05737417306050929,0.0475159715396245,1.025550902524941,-0.4392412894494768
2013-10-10,2.159562288283645,2.202281422404795,1.1112827757905563,1.4504827835946088
2013-10-11,0.6266595617328008,0.16387524670387066,1.468797812028555,0.8778739031571448
2013-10-14,0.4066441145288202,0.1145809706441625,,0.3155086439987187
2013-10-15,-0.7088789613758806,0.8983341682395007,0.255144332663626,0.6341529341970187
2013-10-16,1.3732804307132085,0.36013048378578105,0.1771067813765015,0.3429698372857004
2013-10-17,0.6721314413737467,-0.16628561866784963,0.8217266421567615,0.06997517062110603
2013-10-18,0.6527405463622848,0.7584849044018682,-0.1713303829095736,0.7030956217139561
2013-10-21,0.009173220960434492,-0.15375083959821012,0.9026195303958318,0.4760206771107889
2013-10-22,0.5721116239627122,0.5636805732327943,0.13384439547543536,0.6217294881103896
2013-10-23,-0.4735753240036722,-0.9437786715993823,-1.9712861846603147,-0.317126337230178
2013-10-24,0.3252838544355541,0.7199376315176309,0.4175392847034942,0.5781471432037222
2013-10-25,0.4385214392774728,-0.14686724759407355,-2.7874091089756803,0.12057926020840881
2013-10-28,0.13288165192371082,-0.4114553337579707,2.1616283217833043,0.06692893335671357
2013-10-29,0.5568661214094384,0.9419256503294449,-0.48784666274830357,0.7244265690902196
2013-10-30,-0.4887849694569901,-0.3266925381662844,1.2235973476542483,0.04427260061010685
2013-10-31,-0.3846770567937696,0.8925126116769988,-1.2099171190564917,-0.6854708889074246
2013-11-01,0.28992144122090835,-0.5166621460411136,-0.8858963254008145,0.049016315204752914
2013-11-04,0.356419937809882,0.29574914814478603,,0.4282012679322378
2013-11-05,-0.2809530848340458,-0.8285957224110518,0.16744545764382224,-0.24870176678248868
2013-11-06,0.42564687122874645,0.6723237848357044,0.7838201979293302,-0.07561418420092281
2013-11-07,-1.3270435999594987,-0.4400428826491165,-0.7622391692171604,-0.6622589847246729
2013-11-08,1.3338208792264439,-0.2655550937737061,-1.0004633918576644,0.16709001544690238
2013-11-11,0.07226700649729523,0.5887313782929837,1.2910033317242053,0.29769015034268875
2013-11-12,-0.23732054456200302,-0.5963095005313335,2.2097655951739625,-0.023784078997479696
2013-11-13,0.8062752720499056,-0.4461812133804699,-0.14761732313708364,-1.4494714433707756
2013-11-14,0.4825596820451139,1.0706528515672886,2.100705649556467,0.5430191725089628
2013-11-15,0.421314627388103,0.027506799033183427,1.9274052797753072,0.40869557523866007
2013-11-18,-0.3705052423504718,0.8725857478864896,-0.010683187946902706,0.4486900606540445
2013-11-19,-0.20450552776010156,-1.0482204888678126,-0.24918575888737138,-0.37998779097740965
2013-11-20,-0.3642235996161425,-0.060685856135656024,-0.33427236678029715,-0.2526315104708132
2013-11-21,0.8095705420756438,-0.09783804841436705,1.9021832166265185,0.0029890892761841314
2013-11-22,0.4949190500028955,0.3816162618930363,0.10485544114171574,-0.10482495501094036
2013-11-25,-0.1264140787239576,0.5472605723870316,1.5316663936360442,0.30369452564631416
2013-11-26,0.014979323550345924,-0.3302129072492832,-0.6673655746356033,-0.8761705923271634
2013-11-27,0.2481998677461128,0.6518787953122995,-0.423773453608689,0.20021239279319758
2013-11-28,,0.3164345654932177,1.7801570869105277,0.0751653673393804
2013-11-29,-0.07859984571165768,-0.18708448069162387,-0.41575146890391323,-0.05862266990579457
2013-12-02,-0.27227235347160317,-0.3053250510923533,-0.043425728701862454,-0.8349846317800669
2013-12-03,-0.3197955991893764,-2.0801589001980147,0.6023941513054965,-0.9582849256686288
2013-12-04,-0.13043434697870282,-0.7366400073340884,-2.1935798803296436,-0.34349390504520017
2013-12-05,-0.4349015813080115,-1.2982703030868237,-1.506956426012529,-0.17988820435110853
2013-12-06,1.1175194876876127,0.902400319921437,0.8030276413405701,0.8229772373802291
2013-12-09,0.18154512479506835,0.2925299824984684,2.2640631922634213,0.11440339881794159
2013-12-10,-0.3184724895657354,-0.934864329027274,-0.2488708884680335,-0.5534027614913839
2013-12-11,-1.1381397674607108,-0.4586893134306713,-0.618448662256732,-0.23942317284717518
2013-12-12,-0.3777688379155819,-0.653229093687635,-1.122868408484834,-0.9634968479408812
2013-12-13,-0.010141528650642329,-0.21197111789481582,0.3987006568475948,-0.08226125998920253
2013-12-16,0.6300152129396608,1.9269562482575608,-1.6376856876892276,1.2683232166539327
2013-12-17,-0.3105805936371553,-1.2502425177950194,0.8262509332812584,-0.5534899115071212
2013-12-18,1.6510906009174597,1.1266275170114248,2.003343211916331,0.0909194981931094
2013-12-19,-0.05800974283936,1.3225986361185882,1.7262472945915874,1.4162737582784857
2013-12-20,0.4807155440690103,1.142817863410528,0.07059768659072319,0.332035841463707
2013-12-23,0.5304028886206069,0.7045420815698478,,1.0839235220277743
2013-12-24,0.29115043043059785,,0.11908253991084194,0.23331096540673002
2013-12-25,,,0.7565097345198168,
2013-12-26,0.4734304621132779,,1.0219327986147775,
2013-12-27,-0.03366410106071527,1.3089275332847095,0.027817803948160247,0.8434305842580869
2013-12-30,-0.017926996201467205,-0.33611368715575907,0.6921387375660615,-0.2907553943749974
2013-12-31,0.3951856349111438,,,0.26409162106890705
2014-01-02,-0.8901413016629611,,,-0.463358597091279
2014-01-03,-0.03330205201601544,-0.8582548467662932,,0.1903587992968525
2014-01-06,-0.251492725375968,-0.17156161000020376,-2.3754373911156534,0.0
2014-01-07,0.6063345375391549,1.3527467786733638,-0.5958408753009792,0.3677808764873447
2014-01-08,-0.021223150345139885,-0.009645360355570176,1.9231667745238212,-0.500104116385991
2014-01-09,0.03482485435144511,-0.6579661145979188,-1.5069454141366734,-0.45478008001467174
2014-01-10,0.23040304904551334,0.44846615109026544,0.1996043900636124,0.7236927575753782
2014-01-13,-1.265596645879441,0.250641266019791,,0.25635584411656254
2014-01-14,1.075987611993412,0.24360517437553852,-3.1256261903752858,0.14344331414850586
2014-01-15,0.5152889134683036,1.5657988413071422,2.4741325364438183,0.7801729559689718
2014-01-16,-0.13480284864257897,-0.5874419867271996,-0.389976464790287,-0.06600515174337573
2014-01-17,-0.3902780320015786,0.123729738487377,-0.08093750461224403,0.2037407557578419
2014-01-20,,-0.029495353302166905,-0.5914082796889986,0.10830369308312271
2014-01-21,0.27699122428179734,-0.0028493557980624473,0.9815082412091058,-0.03511653353331923
2014-01-22,0.057470004976778455,-0.05742252937874781,0.15814320479066168,-0.11712517961601776
2014-01-23,-0.8929324764570978,-1.0908861162008066,-0.7936768464379185,-0.7794386576877699
2014-01-24,-2.109642142734014,-2.8928323755902596,-1.9579592926042722,-1.631346878065365
2014-01-27,-0.48882218533394806,-0.44945428429663536,-2.538711992223064,-1.7102971172448633
2014-01-28,0.6121875622431716,0.7923090541398281,-0.17054900264810158,0.32918736386839953
2014-01-29,-1.026170390849579,-0.8975241038195136,2.659549882170076,-0.42694056943801684
2014-01-30,1.1204044372218114,0.5249475157821593,-2.480143978436544,-0.08866305613519643
2014-01-31,-0.6486290214249735,-0.44163335301394824,-0.6184804504645314,-0.43068980991698425
2014-02-03,-2.3096604704487156,-1.6728616868615376,-2.000498689205088,-0.6889571366606617
2014-02-04,0.7612043683081993,-0.04960712552648516,-4.266880985391097,-0.25397443965342603
2014-02-05,-0.20302824086568805,0.0006757647679656031,1.219718363122979,0.13326049219273273
2014-02-06,1.236305445337571,1.6165630491134841,-0.17829064118313198,1.5427220825317889
2014-02-07,1.3214193504296645,0.9158162505787715,2.1476475937310724,0.20411873994916618
2014-02-10,0.15680048032544747,-0.19634140006008494,1.7541444272572093,0.30235453208504737
2014-02-11,1.1001375944254654,1.4583856465570477,,1.2228478920976116
2014-02-12,-0.026929864772107237,0.5771208858773136,0.5536881196702481,0.03445993956407989
2014-02-13,0.5793211978776469,0.0988257058153863,-1.8089543663972307,-0.23398285468836377
2014-02-14,0.4797689385548587,0.6791106503060362,-1.53713318184856,0.0630517969174349
2014-02-17,,,0.5579313980495826,1.0806383231422245
2014-02-18,0.1157803392558776,-0.05195597607450253,3.07949142588253,0.8926768920620276
2014-02-19,-0.6545861773195938,0.10772614558227644,-0.5181406761419538,0.004418314683896085
2014-02-20,0.6013341826934138,0.02531206955715959,-2.1725507862651483,0.23953227840465274
2014-02-21,-0.1920566673181412,0.322386809404307,2.841687858058606,0.36773777589527157
2014-02-24,0.6167455552331447,0.8154034155699819,-0.18846522717481662,0.4057186634753407
2014-02-25,-0.1348590676774286,0.005381710998797473,1.4314401659387244,-0.5169238839831891
2014-02-26,0.002169974212495873,-0.29465690082570717,-0.5371297557081434,-0.4592890417320916
2014-02-27,0.4935881408416165,-0.4217649448177596,-0.32019326745800214,0.16311564474875695
2014-02-28,0.27788242813375774,0.45479558545657994,-0.5512683030151067,-0.008804836643072633
2014-03-03,-0.7405866200454803,-3.070904311059053,-1.2805784321511027,-1.4987637091115502
2014-03-04,1.5152322676142305,2.6604422254258964,0.47151092652839566,1.7056014896041916
2014-03-05,-0.005335274966444814,-0.011482467977153021,1.1894448465035623,-0.7118081614081007
2014-03-06,0.1716933496856754,0.2725917966499125,1.5791292301535975,0.19316128582111958
2014-03-07,0.05379445771156455,-1.5776363138705563,0.9163215533988023,-1.1228720412828963
2014-03-10,-0.046335364121929956,-0.0814472820668044,-1.0129033150114708,-0.3462150713831491
2014-03-11,-0.5095096975215263,-0.007759968929299532,0.6852771777246858,-0.059813085895399354
2014-03-12,0.030512432320950467,-0.8798382141154804,-2.62019483507423,-0.9709704452319556
2014-03-13,-1.1770091695883167,-1.509311210933717,-0.09720704939706337,-1.0186293326261975
2014-03-14,-0.28257664174455854,-0.4946790115246458,-3.3514414026615924,-0.39597203368053613
2014-03-17,0.9567717695039057,1.4718237635937825,-0.34951727618235395,0.6184972810762801
2014-03-18,0.7193682245473454,0.8022352186564774,0.9313733981501926,0.5602070742067866
2014-03-19,-0.615052509673486,0.08488002760902447,0.35499361521473816,-0.48867497341280597
2014-03-20,0.6022334087521841,0.4067894036628772,-1.6613561545332445,-0.46815220743301467
2014-03-21,-0.2936980116609256,0.2454199923398903,,0.22596566545551866
2014-03-24,-0.48765809593627196,-1.4174003456080442,1.7496853691161718,-0.5628003583160179
2014-03-25,0.4394270848822046,1.4222412692319608,-0.3606377430450891,1.2876074255867564
2014-03-26,-0.7024936954875827,1.0769673196868723,0.37348882076067014,0.00605444811956346
2014-03-27,-0.19018913439774465,0.11430792728752692,1.0015839246058533,-0.25770085361642714
2014-03-28,0.4629489243409779,1.2267463706848503,0.49893227254642625,0.41351921891479293
2014-03-31,0.7892871384796329,-0.3419574737566933,0.8928417806483679,-0.2603330562552131
2014-04-01,0.7014688044213457,0.7794690804312054,-0.24199918070255677,0.8180589778559622
2014-04-02,0.2849263831839366,0.03482585041751918,1.0379302709651483,0.09615527494659659
2014-04-03,-0.11270852130111919,0.6039875892227542,0.8365611645762883,-0.14878012785093375
2014-04-04,-1.2616542925314,0.7323238722989345,-0.053825631210813185,0.6969086981490236
2014-04-07,-1.0808312332149406,-1.3827537331275508,-1.7067543280886,-1.093239707107152
2014-04-08,0.3743537980176903,-0.26117368453135725,-1.3732306077738343,-0.4858617704726953
2014-04-09,1.0859039341966081,0.16131336949349873,-2.1254753814965,0.6789513897334842
2014-04-10,-2.1105967737387488,-0.9448171410008754,0.0030048275972305305,0.09640150015535198
2014-04-11,-0.9532059739897569,-1.1586586862398107,-2.4068272035018268,-1.216337746417473
2014-04-14,0.8183708150740543,0.481107343802023,-0.3580145380716715,0.3362311086672065
2014-04-15,0.6734579517703843,-1.2871612402618027,0.6209896191888831,-0.6430257782925608
2014-04-16,1.0433867948766107,1.532422080221174,2.9625793772126485,0.6491070453812142
2014-04-17,0.13629237070942324,0.5258110483067568,-0.0010363306715888143,0.622275513817172
2014-04-18,,,0.6825210776353785,
2014-04-21,0.37680156555719435,,-0.026798687085261008,
2014-04-22,0.408378899612849,1.3808694850700576,-0.8554061537484614,0.8491758711649311
2014-04-23,-0.22157668625224503,-0.7440823528769513,1.0886562495770136,-0.10630943800613579
2014-04-24,0.17154882753311895,0.43482839915292004,-0.9759880536003962,0.4230898658121873
2014-04-25,-0.8129344743501576,-1.3384688106400588,0.16833825732387453,-0.25842410484830936
2014-04-28,0.3230811162501901,0.5841766831785833,-0.9821918940776442,0.2166459520575259
2014-04-29,0.47494605046338734,1.344116532326467,,1.0348895493367039
2014-04-30,0.2987549802701217,-0.32120917024887063,0.11107789002000601,0.14908006110250227
2014-05-01,-0.014327174433237388,,1.2575664756450777,0.42534636538249515
2014-05-02,-0.13493550298715462,-0.6430103861134739,-0.19086113711495045,0.1980736189088006
2014-05-05,0.18694675823400786,-0.2078963256288091,,
2014-05-06,-0.9029031461991188,-0.680266114199668,,-0.3494578798608927
2014-05-07,0.5600754871033509,0.3131770689982716,-2.9770207078716027,-0.032367713596315184
2014-05-08,-0.1374569232786449,1.402610597977727,0.9244241656434227,0.6292312798132471
2014-05-09,0.1518323194878768,-0.6327111502566041,0.25250588481657843,-0.3617974959627901
2014-05-12,0.9626256172316161,0.7159995477568515,-0.3532411823043091,0.5443979273358934
2014-05-13,0.042166878828275856,0.14987527148235813,1.931267619135113,0.31038929567674955
2014-05-14,-0.471208956501723,-0.04235643401173661,-0.1365233981660552,0.07853489896358923
2014-05-15,-0.9405904183934943,-1.481125850596321,-0.7493758460068278,-0.5481317268186459
2014-05-16,0.3739962819000908,0.29987680460994426,-1.4201438794398058,0.21756932020142727
2014-05-19,0.3837414189703736,-0.08892440668528678,-0.6415658553736492,-0.16349463673854814
2014-05-20,-0.6519604608542728,-0.18851066819056683,0.4900681331809764,-0.6243347900351637
2014-05-21,0.8083340547746509,0.7290257448943294,-0.23529963616493177,0.27894020875791625
2014-05-22,0.2359444194714122,0.01724955934410133,2.0833772157962116,-0.005862982949267348
2014-05-23,0.4239392917884999,0.4897636794362725,0.8637557571971044,-0.07040411254308765
2014-05-26,,1.1518365781999051,0.9657815233614642,
2014-05-27,0.5969950211528463,0.1199794972533752,0.23256588735325323,0.42604174452307575
2014-05-28,-0.1114692750058488,0.060394575201350165,0.23496180478126405,0.09200127581152628
2014-05-29,0.5352758657361179,,0.07338025305294593,0.2929440517243975
2014-05-30,0.18419804431015763,-0.050529441206670356,-0.33662906928988434,-0.3907878384818986
2014-06-02,0.07275613640587153,0.09857529908181561,2.0532171589774606,0.28595350177784695
2014-06-03,-0.03792884695350551,-0.20835810775636787,0.6561886783337911,-0.4058324037661265
2014-06-04,0.18898766063628614,-0.0960062378689841,0.22397010101755654,-0.25924345210484034
2014-06-05,0.6504082119662691,0.8953236381398,0.07569596886511931,-0.07482483047613897
2014-06-06,0.4617083548019707,0.8300188063763869,-0.014125478899629229,0.6539106907728964
2014-06-09,0.09383308564867576,,0.3096548527514287,0.24465984371691007
2014-06-10,-0.02460138818793922,0.5907941815868512,-0.8579424721270712,-0.020364289289886983
2014-06-11,-0.3543311151666728,-0.7484624393034878,0.49680762012265234,-0.506111495096917
2014-06-12,-0.7114139088909788,-0.1463498743117242,-0.6387543670109963,0.06139738992008148
2014-06-13,0.3129659199070822,-0.04385305594034605,0.8267683043461815,-0.9573554554618724
2014-06-16,0.08363553307866312,-0.6546268784534348,-1.095872530328812,-0.3443536332751407
2014-06-17,0.21702124448887972,0.42559918145119724,0.2853946690979825,0.18045040350536112
2014-06-18,0.7689243160729831,0.11808240954707117,0.9293643195448453,0.17423326057599553
2014-06-19,0.1276663295164404,1.0797829405353454,1.610171440792918,0.43424887475573826
2014-06-20,0.17285634956767382,-0.37599078056747004,-0.07645726597846902,0.25085791783805433
2014-06-23,-0.013247285289885724,-0.6007674551771203,0.12930465288825133,-0.36108153437304225
2014-06-24,-0.6456106498617942,0.06791070754221806,0.04527463475287874,-0.19870918916442548
2014-06-25,0.4885557422717568,-0.9943298329430306,-0.7155362406745525,-0.791383263391765
2014-06-26,-0.11795794276396876,-0.589628327249514,0.273947808519992,0.022273864358979267
2014-06-27,0.1909045238083884,-0.1652936658343762,-1.4044028609342618,0.3364692336132791
2014-06-30,-0.037232599700143254,0.012078288044037322,0.44353041262663595,-0.2058986284096065
2014-07-01,0.6655572896822726,0.9394305496712718,1.0764927641128352,0.8710599388786378
2014-07-02,0.06585960751230857,-0.19843350584185515,0.2851792977768497,0.19824814219688847
2014-07-03,0.5464550227672227,1.1464509548583024,-0.14115181826657164,0.7133741605551691
2014-07-04,,-0.5877877538397414,0.5771569177058566,0.013107314323335117
2014-07-07,-0.39312390543235765,-1.21667942904935,-0.37440584679444555,-0.6223736977192473
2014-07-08,-0.7073762181680543,-1.4509331425401228,-0.4237355007505883,-1.2535188468955738
2014-07-09,0.4633516553258943,0.5861550564450368,-0.07681838813553554,-0.3046857036975936
2014-07-10,-0.41396283244736765,-1.6529356575620824,-0.5647665647016353,-0.6810890528187841
2014-07-11,0.14698419980474497,0.20482979548788194,-0.345153784149943,0.26641975914056815
2014-07-14,0.4831860726996595,0.9084239255834348,0.8718146034802032,0.8320776351398607
2014-07-15,-0.19339645679457007,-1.0130081020234272,0.6408200368648309,-0.5291110748993688
2014-07-16,0.4192285009448682,1.5476898746358714,-0.10307477685636002,1.0996642060241868
2014-07-17,-1.190460592747744,-1.4187181962908468,-0.0587978458829852,-0.6862467310670084
2014-07-18,1.0212608899671238,0.20214692826368008,-1.0106014060312418,0.16607894614502072
2014-07-21,-0.2322946423904959,-0.8617332781636122,,-0.313106864529189
2014-07-22,0.5003611167300193,1.649028934792085,0.8349166813621522,0.9893808575149876
2014-07-23,0.17529007770127336,0.12252266604750872,-0.09598840063240743,0.042673199235032655
2014-07-24,0.04880368125510515,0.8401529413641029,-0.2883723163048302,0.3421489031838476
2014-07-25,-0.486094604610976,-1.4098640022019993,1.1284262532527123,-0.4392820182095747
2014-07-28,0.028811339355350185,-0.1084036883700179,0.4616760322399216,-0.05154753090526043
2014-07-29,-0.4538068413713958,0.5969750936873908,0.5693570579296647,0.2897891417102727
2014-07-30,0.006091091940962912,-0.6701543698078183,0.1801426109755866,-0.5065822850937707
2014-07-31,-2.0201932155229585,-1.7095784123522861,-0.16286143939421294,-0.641314519818259
2014-08-01,-0.286321623129826,,-0.6271505037084069,-0.759176775807191
2014-08-04,0.716331444964613,-1.4565491103011752,-0.31363960550141456,-0.025458313757553697
2014-08-05,-0.9732679197336225,0.05665266532126623,-1.001413682322294,0.07485030289586803
2014-08-06,0.0015638426360098379,-0.7130968284814188,-1.0532840595489645,-0.6952629087788154
2014-08-07,-0.5572115446732973,-1.236654010957139,0.47762459614393293,-0.58639227214492
2014-08-08,1.1465422557972005,-0.20099994064750604,-3.025814321351561,-0.4557616124015951
2014-08-11,0.27556250258413684,1.3454896036487085,2.3549231832763695,0.9909007275725301
2014-08-12,-0.16379823741559107,-0.7836885992103859,0.2032894716458955,-0.006029345244762396
2014-08-13,0.6684767102511202,1.065806878339437,0.34449691216469347,0.36571806781218186
2014-08-14,0.4336398273697917,0.06509267110779149,0.6612954376281621,0.42871613220594185
2014-08-15,-0.006137480757129055,-0.8089731316069049,0.024610990270268474,0.05682936204660649
2014-08-18,0.8495483219659761,1.3077025385969776,0.027804406316889185,0.7773405149722024
2014-08-19,0.49881901791977157,0.5729591209991725,0.8266576333518572,0.5621067282971737
2014-08-20,0.24747482825437928,-0.24649690078479836,0.030158685345327285,-0.3516835056425194
2014-08-21,0.2945547280270411,1.3228176578342854,0.8488919498725878,0.3280852260465039
2014-08-22,-0.19945749188226003,-0.8375368607728362,-0.302067221814184,-0.035422277725949414
2014-08-25,0.4776353863603866,2.138341110616615,0.47546650478746955,
2014-08-26,0.10505288952433744,1.0080241856105232,-0.5911810432614573,0.6986298757054143
2014-08-27,0.004998604328498857,-0.09668626315342266,0.08758738583463099,0.11572697852901825
2014-08-28,-0.16913305449461902,-0.9438827554884455,-0.4836965923175285,-0.36520248304618974
2014-08-29,0.3314914329020091,0.2584773781325822,-0.2284031149832444,0.20549561601708177
2014-09-01,,0.076253565364226,0.3366201473602004,0.08061502598462056
2014-09-02,-0.054421421770278755,0.1649004254469233,1.2329504198195451,0.05712974815743621
2014-09-03,-0.07794447528013393,1.2048673623796802,0.38061068745331994,0.6480435645180194
2014-09-04,-0.1535599204713023,1.7983582586669655,-0.3322448769878861,0.06399113503370302
2014-09-05,0.5023247704959211,-0.06104540441391748,-0.047854737859154284,-0.3334996964367676
2014-09-08,-0.30778458543165854,-0.23567818805627638,0.23223640109026888,-0.29657350299086005
2014-09-09,-0.6566521532684888,-0.6789588300939897,0.28002608741406476,-0.08489300368452746
2014-09-10,0.363944360036772,-0.03914021002984214,0.2513158145537986,0.016107908292184447
2014-09-11,0.08815167647231448,-0.19746940722953354,0.7597992011394439,-0.4475527777339394
2014-09-12,-0.5980405492006291,-0.08311485173049249,0.24540453802295303,0.10876931812795476
2014-09-15,-0.07104037481093783,-0.10422877208942083,,-0.04113971856725129
2014-09-16,0.745650732455605,-0.30898231609164384,-0.2307595057134293,-0.1765173541684817
2014-09-17,0.12948050790884125,0.4864399638167427,-0.14377491562953537,-0.1665101634605648
2014-09-18,0.487925712733972,1.0426017300021684,1.1196702635443145,0.5646976546422877
2014-09-19,-0.047738351040305105,0.05744818891066927,1.5660059032578388,0.27238540191767413
2014-09-22,-0.8045602530218687,-0.4829490801194325,-0.7087635786758639,-0.944793490633522
2014-09-23,-0.5793250079626056,-1.5951685759464596,,-1.4498718418613166
2014-09-24,0.7801976758654128,1.180802330775954,-0.23754237789184174,0.45133546324347407
2014-09-25,-1.6300913265170358,-1.2937779196242616,1.2703265797240348,-0.998054281630445
2014-09-26,0.8539261124001385,0.5378497855355491,-0.8850462438052986,0.14597991861737825
2014-09-29,-0.2550050856915398,-1.018660927656967,0.4964856889584368,-0.04211499291333354
2014-09-30,-0.2789816544312096,1.2156928323554084,-0.8442326048216486,-0.360228914272831
2014-10-01,-1.333710611263772,-0.9609108487612872,-0.5659128655580048,-0.9893738516053574
2014-10-02,0.0005143328250412083,-2.814123850536099,-2.647940653025671,-1.7087612452904466
2014-10-03,1.1103635523903144,0.8638227480915361,0.29747681098832857,1.2563463651209972
2014-10-06,-0.15663860013983566,0.16899783534096713,1.153823616632188,0.5469214143536405
2014-10-07,-1.5241618619128872,-1.8187903900420466,-0.6763773869668199,-1.0429458457721807
2014-10-08,1.7310947498058837,-0.9384947262283561,-1.1972784416339977,-0.20650505945809527
2014-10-09,-2.0877848454314396,-0.3563171415750688,-0.7533494658432005,-0.7790019739417176
2014-10-10,-1.151708002621099,-1.6888161993870554,-1.1590961437180525,-1.4391200859877884
2014-10-13,-1.6605033202522712,0.22772207608223738,,0.4124007499163085
2014-10-14,0.1577619680866782,0.08900763671793044,-2.4080227046315628,0.4153968961974286
2014-10-15,-0.8133300726077763,-3.6803748074308196,0.9130995255057783,-2.873821747578198
2014-10-16,0.01449672004421032,-0.6207589165101446,-2.2484563158723603,-0.2530760216345129
2014-10-17,1.2801813377146587,3.0014841863463815,-1.4066775171309942,1.8295420835050535
2014-10-20,0.9101116121280839,-1.1865222440968992,3.905001445756895,-0.6869444757542809
2014-10-21,1.938537082775138,2.168103632305929,-2.0521860413627024,1.6646697972921842
2014-10-22,-0.7326100661612323,0.5690047631109252,2.610072217915338,0.4290703517391137
2014-10-23,1.2228305721599497,1.1819408602759651,-0.3745517937899123,0.3042384985757707
2014-10-24,0.7028690175716612,-0.4586242767535609,1.0034699981845918,-0.4762694387533628
2014-10-27,-0.15026968788385275,-1.0459186413610766,0.6328504887621378,-0.395229493422633
2014-10-28,1.186836456691065,1.2364656728196977,-0.3828923515516891,0.6063171354258046
2014-10-29,-0.13863159906426503,-0.4532424110486488,1.4506231791305169,0.8042872307035154
2014-10-30,0.6210797247873323,0.44500795948163585,0.6682689892217653,0.15018691133459328
2014-10-31,1.1663114233148697,2.518181411794451,4.712523925599399,1.274410246106683
2014-11-03,-0.011892891639941894,-1.0007120496620558,,-0.8976238872557829
2014-11-04,-0.2833853252665719,-1.5721604295583447,2.697049097728055,-0.5254223183342788
2014-11-05,0.5684311060805136,1.870838319787893,0.44290055932645345,1.3099462624873937
2014-11-06,0.37684036443277336,0.3400291351864482,-0.8588294662994045,0.18487125324373466
2014-11-07,0.03495251267811028,-1.204821020728275,0.5220856607895286,0.24393230054435833
2014-11-10,0.31153270195591887,0.963724621487394,-0.59328078129397,0.6692684901032919
2014-11-11,0.06964516302874202,0.3223001257630642,2.0268131637074305,0.2432278992628767
2014-11-12,-0.07013625789182854,-1.8625721208515245,0.4250527414408012,-0.24776273347448807
2014-11-13,0.05297044284002794,0.3112664444625324,1.131779571767666,0.3699094543724968
2014-11-14,0.02402413485471655,0.10430116695410163,0.5621049431438152,0.28442524359029164
2014-11-17,0.07350887776578219,0.8071951596823723,-3.000572328175366,0.26413897253760865
2014-11-18,0.5120849353688506,1.1483986718948458,2.1579091413451934,0.5545163320032742
2014-11-19,-0.1502286875618708,0.08649565675717952,-0.31941152350327684,-0.18648788859305654
2014-11-20,0.19651640132032355,-0.6717791546765994,0.07001741686885055,-0.2646660781984167
2014-11-21,0.5223212603738148,2.922816926704286,0.32690771366876703,1.0707698739873095
2014-11-24,0.28599298137388374,0.5457459371026374,,-0.3115590937436963
2014-11-25,-0.11506914684167313,0.44890687936582907,0.2882739761250974,0.01931955489204995
2014-11-26,0.2802052471603034,-0.0021643437683849243,-0.13819050142185318,-0.028229717242744812
2014-11-27,,0.5822870338947794,-0.7800903834498385,-0.08623304470631865
2014-11-28,-0.2545664637012557,0.18504157626875184,1.2178753761810768,-0.011896544525313857
2014-12-01,-0.6852789344834243,-0.5558454977808935,0.7432284638033693,-0.9896215799155783
2014-12-02,0.63641667588481,0.16813377364641724,0.41483297437707733,1.2792680384343669
2014-12-03,0.3757673834027031,0.28892316814861374,0.32336422948802124,-0.37893749238158136
2014-12-04,-0.11625717317853557,-1.7540513092544785,0.9367791110854284,-0.5553940121878043
2014-12-05,0.16638315989210284,2.663159738311016,0.18564905191489345,0.9447091423263387
2014-12-08,-0.7283022149715102,-0.9007946486375928,0.0847354367147446,-1.0525570058996792
2014-12-09,-0.023785182583413444,-2.658810839149872,-0.6839921049779818,-2.161929922061212
2014-12-10,-1.648612118304893,-0.37442529042905903,-2.275697057791426,-0.45281937767338576
2014-12-11,0.45254339716205294,0.2586397188977685,-0.8951878350787368,-0.59097056061308
2014-12-12,-1.6346465791658105,-2.948613790251997,0.6594482409454372,-2.5247588838078983
2014-12-15,-0.636278627172171,-2.790828952765345,-1.579214402321405,-1.8889781603782296
2014-12-16,-0.8525259865381329,2.2242359790260124,-2.0327559583925847,2.3829424223078988
2014-12-17,2.0148073243295705,0.06555249535473706,0.38367915321781965,0.07420404633045052
2014-12-18,2.3731374885708867,3.280473512565152,2.294093093548888,2.0231113763259145
2014-12-19,0.45596379674188725,-0.39681993080495914,2.362053378203477,1.2189525684471292
2014-12-22,0.38032224799273706,0.43295720842504437,0.07794431713854522,0.4785924487221038
2014-12-23,0.1744838629704759,1.1834961100296582,,0.3263784688748217
2014-12-24,-0.013930624107505452,,1.2346943340498129,0.177159621819456
2014-12-25,,,-0.25505716464522266,
2014-12-26,0.33041099821211617,,0.057320201106847435,
2014-12-29,0.08614034280896021,,-0.5014024580480836,0.356405799295878
2014-12-30,-0.4900593034504297,-1.7862759766197556,-1.5865340091762548,-1.31256389158807
2014-12-31,-1.0364383561250357,,,0.29131343498516316
2015-01-02,-0.034002147313572095,,,-0.2790978272566136
2015-01-05,-1.844721353258727,-3.6636152110324005,-0.24130373483775003,-2.0147169605674975
2015-01-06,-0.8933254690699499,,-3.065228957564159,-0.793204789921198
2015-01-07,1.1562735844876215,0.12066741164034056,0.012678228317852813,0.8337066113831781
2015-01-08,1.773016812715511,3.515205210107908,1.6549536399866227,2.312689835133419
2015-01-09,-0.8439322147078876,-2.9843741045452177,0.1782686974873826,-1.0542424122112592
2015-01-12,-0.812661684347038,1.3474821617331045,,0.004611492983030985
2015-01-13,-0.2581885435816389,1.5979708275226656,-0.6417879098044921,0.6256006889518773
2015-01-14,-0.5830028967975132,-1.4201242063162312,-1.7221109407289603,-2.377403114451404
2015-01-15,-0.929090300456803,2.1672005602340505,1.8448623277285137,1.7118015370591877
2015-01-16,1.3334893186267571,1.4114292463824896,-1.4396391148789434,0.7893305887849422
2015-01-19,,0.5810231418305278,0.8862854849144952,0.535944214928108
2015-01-20,0.15487524334005798,0.7429879174635445,2.0478067516780385,0.5240227869519387
2015-01-21,0.47204650221894795,0.761673425620657,-0.4954023717241185,1.6167432344163402
2015-01-22,1.5154313070629755,1.60552212024907,0.2804957848255185,1.0144578838129803
2015-01-23,-0.550665627930158,1.7867249432885757,1.0489558451450165,0.5312015556475203
2015-01-26,0.25651679986227194,0.9336767466416873,-0.2471707127384093,0.2864424557520451
2015-01-27,-1.347828781585747,-1.228859156306683,1.7015637638502668,-0.5971886115702318
2015-01-28,-1.3587502811021501,-0.40466626343409473,0.15425525158381248,0.20971306952617397
2015-01-29,0.9489517058263175,0.38242562308994366,-1.0706278583635154,-0.22439498562576432
2015-01-30,-1.3077099006318704,-0.6065560114041801,0.3864445889449897,-0.9026638770254891
2015-02-02,1.2879170000215545,0.5555329915285512,-0.660482325547207,0.4906926090519903
2015-02-03,1.433623857745303,1.2991910381510152,-1.273532212203854,1.3065528560929351
2015-02-04,-0.41647065724523813,0.039536017826868886,1.958621181016973,-0.17186104894744147
2015-02-05,1.0238810710909263,-0.19254392338634574,-0.9898003965592039,0.08596744474438367
2015-02-06,-0.3424027611878877,-0.3173165183415705,0.8185996938692597,-0.1822250936550418
2015-02-09,-0.4256239310481469,-1.4945604404967838,0.35876122600306815,-0.23665455825589987
2015-02-10,1.061897955406188,1.0512803459208797,-0.33508106824893247,-0.11854120619521069
2015-02-11,-0.0029034010157857892,-0.26608366506977177,,-0.15973715573682767
2015-02-12,0.959829506591614,1.2801062599185897,1.8356899660391335,0.14509286572881308
2015-02-13,0.4066459227779262,0.87339539105038,-0.3697726893024722,0.6626973225241528
2015-02-16,,-0.41535497073326155,0.5089928478080097,-0.23888118546651071
2015-02-17,0.15962996977982868,0.14959511110621548,-0.09824270948470826,0.5961399447514282
2015-02-18,-0.031435862322926056,0.7925637197097046,1.172171469420391,0.0
2015-02-19,-0.10626217157181372,0.6407963648671355,0.3599127099029431,-0.13346190872738362
2015-02-20,0.610784272105569,0.07021315805904038,0.3689462502061147,0.3810509139457352
2015-02-23,-0.03033852119855851,0.8288090964629902,0.7316445216501322,-0.043392104984540936
2015-02-24,0.2754972468831163,0.778870925792674,0.7367666017781715,0.5396123491117066
2015-02-25,-0.07660169636025671,-0.15009618622094933,-0.09831621679605718,-0.20454015503403866
2015-02-26,-0.14771186302544592,0.9318942496037153,1.073516004602304,0.20598048158486648
2015-02-27,-0.2960683048631729,0.6707652698681343,0.06465772039216944,-0.04317664952466771
2015-03-02,0.610623818113254,-0.2200227035732638,0.15384212717943768,-0.08785146025349633
2015-03-03,-0.4548872603817422,-1.1758903963476897,-0.06227453765816904,-0.7447773607285768
2015-03-04,-0.43981612301546846,0.962631845543882,-0.5946938350838593,0.43597176616945177
2015-03-05,0.11953652510365842,0.9656201057204328,0.25758747862898446,0.603733762646641
2015-03-06,-1.4275356362467129,-0.016303416330742948,1.1619624767931214,-0.7107454224140497
2015-03-09,0.3936662357975962,-0.203104366831397,-0.9557371907899181,-0.5120266067477175
2015-03-10,-1.7106820937141443,-1.1990348950158491,-0.6698153214925284,-2.558448116713663
2015-03-11,-0.19195206764850425,2.280615212987591,0.31244902783278405,0.27860235066814454
2015-03-12,1.2522702206037017,-0.22548709109333487,1.419047949665142,0.5874269242262642
2015-03-13,-0.6093237090196268,0.4080809035876598,1.376087356386435,-0.3036656933049997
2015-03-16,1.3442909023855698,1.3728400832631493,-0.04254227112561182,0.9376429793707786
2015-03-17,-0.332569770778246,-0.9375461056592371,0.9872073260758896,0.49114211368213034
2015-03-18,1.2085101501629225,-0.09917045587961582,0.551445146892604,1.5613994457872593
2015-03-19,-0.48844891269501645,0.06022307468178667,-0.34811982817064546,0.24590498639831537
2015-03-20,0.8972382193259243,1.4963530204582298,0.4286228610713039,0.86094285224938
2015-03-23,-0.17472566067135986,-0.7280740166546451,0.9876246904562791,0.21621600009975595
2015-03-24,-0.6158345701591017,0.8696787556024432,-0.20730905697234903,-0.25609300919615663
2015-03-25,-1.466592652723886,-1.276013794090325,0.16599239383339182,-0.40969023754495737
2015-03-26,-0.23803307374734572,-0.38755363353786265,-1.4028730216764984,-1.3783615766858048
2015-03-27,0.23657607295035632,0.25146880771700353,-0.9571994426696762,-0.5861678748711796
2015-03-30,1.2162382647149528,1.3169121971564834,0.6500238908937916,0.5295930233019774
2015-03-31,-0.8834686217531029,-0.8193831393572992,-1.0586254990858635,-1.7330123014531296
2015-04-01,-0.3973254201847354,0.4724610103965077,-0.9003311459840901,0.5374575794107272
2015-04-02,0.3523452303713981,0.010231999255871926,1.4496546161678836,0.3518291395844031
2015-04-03,,,0.6312162417069445,
2015-04-06,0.6587072647165293,,-0.19107234989821364,
2015-04-07,-0.20640327085867938,1.4284054372085464,1.2426788622208917,1.8601046121814235
2015-04-08,0.26789415573471587,-0.694687195320931,0.7571436670280818,-0.35109830670627673
2015-04-09,0.4447575873625986,1.0408911311339253,0.7446263838941647,1.1180668201062005
2015-04-10,0.51893768994562,0.9204444893121888,-0.1510331734563053,1.0549385174540404
2015-04-13,-0.4591806820961608,0.31443245011093524,-0.010900544415015645,-0.36032002448393996
2015-04-14,0.16284322585136124,-1.1624509693506369,0.016168878476285897,0.15559142441130547
2015-04-15,0.5134989044996097,0.5013141445269653,-0.19568356541608267,0.3034132850686433
2015-04-16,-0.07787467579856155,-1.3720460308435989,0.08054108081871902,-0.5128080175863303
2015-04-17,-1.1375704189052982,-2.091978454899035,-1.1780440804216141,-0.9377433785756395
2015-04-20,0.9192748586536403,1.1902049084209665,-0.09362105852996905,0.8187021915857073
2015-04-21,-0.1481702504768201,0.0360298000803283,1.3888677904285274,0.15302595529576024
2015-04-22,0.5074582853386467,0.13729708637466587,1.122857746544348,-0.49250629022754566
2015-04-23,0.23549408425527218,-0.7170276309427237,0.26660696722302646,0.36216742293646575
2015-04-24,0.22502668247534885,0.43390315205247276,-0.8337325586532884,0.24071829937941658
2015-04-27,-0.41499132407345485,1.5360847656687326,-0.18357838384499559,0.46984931587576995
2015-04-28,0.2765404437345964,-1.4967824018290443,0.3777458024512015,-1.0400178641134517
2015-04-29,-0.3747348127572714,-2.6816311784543245,,-1.2048711451647875
2015-04-30,-1.0180553033248607,-0.04203186949762738,-2.7235317972071016,0.20565759600543743
2015-05-01,1.086377656345583,,0.05951654735643075,0.3642454827499364
2015-05-04,0.293643314776304,0.4787146243179663,,
2015-05-05,-1.1908003358530372,-2.4064085571147587,,-0.8394699415195106
2015-05-06,-0.4465681140931821,0.32288930188748566,,0.08801624553420595
2015-05-07,0.37667104694749654,-0.05116691035400578,-1.2345250740711577,-0.6758032862226315
2015-05-08,1.3368147987361745,2.588932629820029,0.450978569797833,2.2938008791806297
2015-05-11,-0.5102556456082041,-0.6893194150286774,1.2396060564894285,-0.2401118275589198
2015-05-12,-0.29539964393672236,-1.4257898523688084,0.02002605384348044,-1.3764491780545285
2015-05-13,-0.03050012906520294,-0.5523095635810549,0.710246296005046,0.22761427174096127
2015-05-14,1.0721604261759943,,-0.9888508789439143,0.336143022323121
2015-05-15,0.07681188278665374,0.551469133079685,0.8278246119655108,-0.1794237392388709
2015-05-18,0.3043312472570392,0.4509711175161968,0.7942340770165757,0.12060682327810213
2015-05-19,-0.06435815978420578,2.239844618774711,0.6819803482217779,0.3752538822320517
2015-05-20,-0.0930949450793861,0.35246054811324257,0.846187260310316,0.1742517026112722
2015-05-21,0.2335145908745062,0.1421554258296709,0.031231103261042392,0.08844282498898792
2015-05-22,-0.2236385149483766,-0.26005064432954583,0.30415221451267627,0.2591661955191782
2015-05-25,,,0.7343497047054726,
2015-05-26,-1.033520490750206,-1.63983495554767,0.11608428218305988,-1.1830760800590312
2015-05-27,0.9120918929109934,1.7411720883048432,0.17159406521631837,1.2058220364316696
2015-05-28,-0.126756391748728,-0.8770712821899451,0.38455966128001506,0.10800043417287242
2015-05-29,-0.633851518409756,-2.213759099947765,0.056862770009757924,-0.8056912354453161
2015-06-01,0.20573434991471018,0.1192308294790223,0.03266840186455511,-0.44195515598239865
2015-06-02,-0.1009105165347357,-0.36851031162949965,-0.1297869443803279,-0.36450804514736035
2015-06-03,0.21166294697554378,0.6138017006893648,-0.33976285687717933,0.31991547625249694
2015-06-04,-0.8660562215101031,-0.7686149078304894,0.0716751912564817,-1.3222754098903167
2015-06-05,-0.1437215232732214,-1.312425137452422,-0.13328289661096449,-0.7991976917399057
2015-06-08,-0.6495560338305673,-1.1951428744731984,-0.018138371191511737,-0.21479268481030545
2015-06-09,0.0418265519003036,-0.33270364313047196,-1.779862581156877,-0.5345661046309402
2015-06-10,1.1970491752514079,1.9959776683284858,-0.24881974349355573,1.126328736406812
2015-06-11,0.1737116756528323,0.7185261460433523,1.6652222822781226,0.23982450077770778
2015-06-12,-0.7018874653102358,-1.393137259817756,0.11821205095738918,-0.9067272504609036
2015-06-15,-0.46332896217720076,-1.8643802317029667,-0.09457570262778603,-1.1026076535808116
2015-06-16,0.5673730515754372,0.46487742649343744,-0.6389357793008088,-0.005959529990562373
2015-06-17,0.19776843950722878,-0.7360378947856461,-0.19107015829362695,-0.4406050063701983
2015-06-18,0.9854000054009049,0.6305960540428757,-1.1362903075402997,0.4078103226287766
2015-06-19,-0.5317615237949269,0.15493498574432607,0.9133370866445389,0.038754213731984066
2015-06-22,0.6076367981542319,3.9787608476585135,1.2509228251140314,1.7021464672808406
2015-06-23,0.06356664251931932,0.8280229136200745,1.848998211605668,0.134689667456378
2015-06-24,-0.7380465718305196,-0.4150948541672861,0.2812524025985752,0.1447386168418774
2015-06-25,-0.29780041565965476,-0.0011088296714589774,-0.46412297398017444,-0.5420226424767804
2015-06-26,-0.03901557449221826,0.2892645840447017,-0.31462828733754833,-0.7978453173144828
2015-06-29,-2.1086969508611553,-4.301492697210207,-2.921609785254198,-1.9919635975925942
2015-06-30,0.2654962352467649,-1.2940427145856859,0.6235198340002412,-1.514315738661054
2015-07-01,0.6912096434636972,2.080246897565985,0.46143173991630704,1.334410749425352
2015-07-02,-0.030807018954703835,-0.9492099942905341,0.9457650893789804,0.33083702301990314
2015-07-03,,-0.6224483263107317,0.08420896114849086,-0.6764429745153677
2015-07-06,-0.38692326988973846,-2.2495589107947467,-2.1041359163776363,-0.7636299634940613
2015-07-07,0.6062560593869115,-2.1327089248357467,1.3064109535923407,-1.5962830470014566
2015-07-08,-1.6792964912141883,1.006097835069042,-3.1859180905028595,0.9053756948889102
2015-07-09,0.22596476448200065,2.7428060244998775,0.5953542520909849,1.3907478476053114
2015-07-10,1.2262986385008112,3.1311388701372067,-0.38183112723739754,1.3851568835047345
2015-07-13,1.1005268507354948,1.7311233213423094,1.5547971379282544,0.9633684438963286
2015-07-14,0.4443273236500289,0.4657106197059946,1.4604821399696988,0.23421355399335653
2015-07-15,-0.07352563007367863,0.4613488266322463,0.3818979349704321,0.0
2015-07-16,0.7982733444475087,1.4394160733393946,0.6662351608188288,0.630249326887089
2015-07-17,0.11055716244507963,-0.16523838703719207,0.2463007385319571,-0.3153632574734999
2015-07-20,0.0770936624001628,0.4414895430725707,,0.20053527654724235
2015-07-21,-0.4270796242723307,-1.0531123672404163,0.9208909214388328,-0.2891340908879769
2015-07-22,-0.2390565020189861,-0.3399416950539802,-1.1985032676157914,-1.515320199544945
2015-07-23,-0.5692210211379667,-0.02586401940796179,0.43742562049722267,-0.18464992324993545
2015-07-24,-1.076102069666085,-0.9576193924965892,-0.6763308195871787,-1.1364131792221954
2015-07-27,-0.579175506506413,-2.4434979086938924,-0.9508884550738728,-1.141782040612327
2015-07-28,1.231007380188931,1.1605844144131794,-0.10427489067250661,0.7687353315469991
2015-07-29,0.7292142927383338,0.6008714580476138,-0.1278824555699387,1.1481769422530874
2015-07-30,0.002836690402219233,0.23074854460443106,1.0773695606248523,0.5699291755647096
2015-07-31,-0.2274103801051197,0.4704566944322863,0.3036396684438003,0.4100191741335024
2015-08-03,-0.27606939449054124,0.9593641844173106,-0.18053900211434382,-0.11505066062120761
2015-08-04,-0.22522391669328456,-0.4435703210159403,-0.13514019425553414,-0.029906094648346482
2015-08-05,0.3109838185491043,1.5745793674172504,0.4555860232068554,0.9792444451628413
2015-08-06,-0.7783195922561603,-0.2254536375257743,0.2440928389534136,-0.07851853712779189
2015-08-07,-0.28790228563382314,-0.8395556676992655,0.2905174613321293,-0.4247882078040277
2015-08-10,1.272683563202559,1.0157673310734694,0.4051164852729272,0.2631081371786692
2015-08-11,-0.9603064680182349,-1.9137344306994208,-0.4235047991036467,-1.0701064643177105
2015-08-12,0.09496036382143913,-3.410073808069214,-1.5955210366703554,-1.4098438119278356
2015-08-13,-0.12760258683810477,0.906790558625481,0.9894667694771542,-0.04414765664009224
2015-08-14,0.390433227435949,-0.7169783251111284,-0.370189222463857,-0.2683073394790014
2015-08-17,0.5197891709402214,0.19659305005710337,0.49008975096160867,-0.006112367378463546
2015-08-18,-0.2628982935632962,-0.07206975032438834,-0.3195606515792093,-0.36706831538406703
2015-08-19,-0.8289136409596942,-1.8928424516758469,-1.6276152876500305,-1.8995421269853097
2015-08-20,-2.1325960454146475,-2.2515031687394327,-0.9395469633123099,-0.5574986318503505
2015-08-21,-3.2369242521878228,-3.2187039960712482,-3.0288573365666593,-2.8706247396101503
2015-08-24,-4.021144434651891,-5.503041488064753,-4.715105380491913,-4.779760587289417
2015-08-25,-1.3614249742656348,4.5982007164198535,-4.039247296834603,3.0452580498820936
2015-08-26,3.8291299434532355,-1.4801319990509043,3.151588913188874,-1.6931644380905553
2015-08-27,2.4007254489689878,3.411936880312183,1.069577643059283,3.4971323873021376
2015-08-28,0.060855115687630246,0.17693719116973483,2.980170370806512,0.8987255369984126
2015-08-31,-0.8427078663983956,-0.5173787025622545,-1.2930000091980531,
2015-09-01,-3.002264984242853,-2.5054080539977264,-3.9123496291482596,-3.07831469679698
2015-09-02,1.8127671423214586,0.317181763592167,-0.387683607078948,0.4085035097542544
2015-09-03,0.11641156994190993,2.2023004428447734,0.479579371666361,1.8049962055833646
2015-09-04,-1.5448308754276496,-2.7857724289136243,-2.169565801359319,-2.47132288329599
2015-09-07,,0.555641428945286,0.3832010643785466,0.5215668302803067
2015-09-08,2.4773637197038845,1.1154088430602727,-2.456460753046308,1.171806889760596
2015-09-09,-1.3995035769085007,1.1113549935371836,7.426168603175931,1.339805606174238
2015-09-10,0.5264075444936012,-1.504856189164272,-2.540676111743423,-1.1821111180330135
2015-09-11,0.44770064449863867,-1.0360379024088928,-0.19362544366554602,-0.619217224430102
2015-09-14,-0.40980412230444685,-0.3871996020228252,-1.6479652232213482,-0.5441517933768125
2015-09-15,1.2749687631433027,1.0020098622355533,0.33774730125823993,0.8672797264464904
2015-09-16,0.8667740715376127,1.3682601571318287,0.8018100285205776,1.4814142815319897
2015-09-17,-0.25643444425602624,0.12293357763510926,1.4242993140733518,-0.6797628444541459
2015-09-18,-1.629623095438415,-3.0717714293146514,-1.983812952312114,-1.348962400255438
2015-09-21,0.4555392033672945,0.864711642199012,,0.07533240147132858
2015-09-22,-1.2394930019378414,-3.471804161112324,,-2.8712236890074294
2015-09-23,-0.2050744229593171,0.12800247949016352,,1.611003936204547
2015-09-24,-0.33686518713071933,-1.9888053490671354,-2.796772185898888,-1.1789691768932187
2015-09-25,-0.046590180122052516,3.059996570696377,1.741422369002521,2.4440966403579623
2015-09-28,-2.6001211162808957,-2.3964990627430183,-1.3252623972801914,-2.487720977104857
2015-09-29,0.12320939129821795,-0.3156819357409191,-4.132185399622301,-0.837539237899243
2015-09-30,1.8895898603564554,2.3101742686925775,2.6652160441768658,2.546331622807685
2015-10-01,0.19719386783378923,-1.025010860816522,1.9041538099349609,0.17965741485248543
2015-10-02,1.421379301640524,0.6213815116840493,0.015295485558475264,0.9424368053929655
2015-10-05,1.8124593518502152,3.256123422345425,1.5693269261639387,2.718024952615572
2015-10-06,-0.3594689344143198,0.926620406392864,0.9980820134593671,0.4324771337861577
2015-10-07,0.8003519857552988,0.19575975384178435,0.7498490811180147,0.1610997608475273
2015-10-08,0.877978014455838,-0.04463993516647946,-0.9972098709001287,0.6041918944511337
2015-10-09,0.07248485605151345,0.7829859477846313,1.6266148830032634,0.6473385223600303
2015-10-12,0.1274664477333154,-0.0917250144663484,,-0.7038207045457767
2015-10-13,-0.6848823690127404,-0.8054339099976104,-1.112150675907131,-0.45464176514240506
2015-10-14,-0.47274309119389457,-0.9265825038298203,-1.9030785610031131,-1.1528875559172036
2015-10-15,1.4743551351354967,1.4693016327088415,1.1442881362546231,1.0961158585482522
2015-10-16,0.4560061373696911,0.803230557165513,1.07122402346711,0.6180837669711892
2015-10-19,0.027050894387325997,0.21753534917827722,-0.8817023032660742,-0.4037647285889179
2015-10-20,-0.14221010558941316,-0.500021518499949,0.4178503859684213,-0.11340444277134765
2015-10-21,-0.5842448911133502,0.5058263341854996,1.8886056775194504,0.051992039418991
2015-10-22,1.6490847012593512,2.441660172467408,-0.6402275509145738,0.4385163924478519
2015-10-23,1.0969953969042656,2.1449651782866397,2.0903574515982015,1.057703746736216
2015-10-26,-0.19149330010996835,-0.3277572752706348,0.645014441619729,-0.42142798919151403
2015-10-27,-0.25573858650878023,-0.9885900140041315,-0.9017098783997923,-0.8089385796399284
2015-10-28,1.177048848814355,1.1784755122716817,0.6686875916802393,1.1325503535394077
2015-10-29,-0.04498753806609912,-0.22533385400720363,0.17279339966780327,-0.6545342105651386
2015-10-30,-0.4821481688424889,0.14169666317496166,0.775349928793112,-0.5440160677906647
2015-11-02,1.1803876338814412,0.4748487142833824,-2.1176228305018086,0.010999175303183506
2015-11-03,0.27243529250675635,0.23788633071823995,,0.3420891364037004
2015-11-04,-0.3551666939647369,-0.10229880142951231,1.2957849346623362,0.45793546501133875
2015-11-05,-0.11327897564985534,0.2419197231102288,0.9962409472013434,-0.7513065867069457
2015-11-06,-0.03476817800232013,0.5992172259411177,0.7773965218852652,-0.1745477246911875
2015-11-09,-0.9871290656502829,-1.4477664131772983,1.9386714449016296,-0.926555911275706
2015-11-10,0.15094551534495793,0.2057289383259331,0.1450859045265318,-0.31662077482845774
2015-11-11,-0.3233307321568901,0.6697907766032074,0.10228407350769686,0.34838596581305836
2015-11-12,-1.408916333663246,-1.7764921832677416,0.03238914605177001,-1.8997196208870193
2015-11-13,-1.1270640432154977,-0.801683205221515,-0.5133498850023344,-0.9823676728846209
2015-11-16,1.4793302794234187,0.04700599093361291,-1.0424181488943418,0.45822804465345257
2015-11-17,-0.13402770182464607,2.633193637053921,1.214341805375696,1.971838892887945
2015-11-18,1.6033229877171706,-0.5816526301204661,0.0944445975962438,0.16258145201692997
2015-11-19,-0.1123740328979217,0.4944169623891881,1.0662527878581685,0.807369068324526
2015-11-20,0.38029552801495115,0.10200916037828023,0.10065522085067613,0.07422631021043458
2015-11-23,-0.12356238416844079,-0.20847336437714858,,-0.46044175035291346
2015-11-24,0.12212499449608671,-1.0404365146628791,0.22650639784487225,-0.4498216116774145
2015-11-25,-0.012914061496704932,1.5268793547129178,-0.38876460465999685,0.9576110997524978
2015-11-26,,1.0504833974479766,0.48668221257930355,0.8719135751524831
2015-11-27,0.05934415594808229,-0.27563452745944517,-0.303656818238629,-0.28038053083729864
2015-11-30,-0.46518001396185227,0.4991822484294417,-0.6886925741547145,-0.3000496657300289
2015-12-01,1.0623938946739742,-0.7675306447250563,1.3326683471079903,0.6210923014169367
2015-12-02,-1.105659263944947,-0.31604823962663176,-0.3718079058545598,0.39323594888038826
2015-12-03,-1.4477826444149855,-3.679799328160094,0.008874717210005656,-2.298479456552016
2015-12-04,2.0317856363851305,-0.3772829751778062,-2.207856226073268,-0.586580695995842
2015-12-07,-0.7014043960397842,0.8805956538866511,0.9880535729985596,-0.23752285989946387
2015-12-08,-0.651105262559426,-1.8850997109352008,-1.048985620827736,-1.428974015564144
2015-12-09,-0.7769086365692957,-0.6160024540941222,-0.9874335347678453,-0.13864084833059565
2015-12-10,0.2248856578594527,-0.2211637150978163,-1.3274527151978077,-0.6320238599364814
2015-12-11,-1.9613867755815306,-2.062738177856538,0.9610520835554581,-2.2474397929858725
2015-12-14,0.4744288064068236,-2.017269052041293,-1.8212260419655735,-1.3308790859989372
2015-12-15,1.0562580105914599,3.2058544335546557,-1.6957698429974855,2.4168838136635173
2015-12-16,1.4410635650770942,0.16244713656288212,2.5735799540896664,0.7186120935905649
2015-12-17,-1.5154776635876388,1.8217401195018468,1.5814024784670977,0.679069078170258
2015-12-18,-1.7957495007106417,-1.3933125289195658,-1.9132368109040954,-0.8243651824827225
2015-12-21,0.7748306727155985,-1.473982537946661,-0.3734884723398224,-0.29121898407389324
2015-12-22,0.8778095591568835,0.04076525076399662,-0.1551228025338247,0.7971768894677211
2015-12-23,1.2341596527553733,2.2262067902449445,,2.5625975437817416
2015-12-24,-0.15999154038626173,,-0.514964323421907,0.21767826947360902
2015-12-25,,,-0.10984874802471012,
2015-12-28,-0.21809364563063482,-0.922799071515179,0.554105483159617,
2015-12-29,1.057366417302319,1.7590489097852213,0.5752449672954185,0.9547219363833293
2015-12-30,-0.7243398783778332,-0.7967025806946637,0.27083638239187025,-0.6434364009001214
2015-12-31,-0.9456485041468454,,,-0.5081391077608188
2016-01-04,-1.5422041797806152,-3.819616208737564,-3.10941558829132,-2.4142470733346855
2016-01-05,0.2010204139359928,0.4177991392749547,-0.41808891629475653,0.7162441722760704
2016-01-06,-1.3202163002625333,-1.2248980082338434,-0.9992047428909245,-1.0450079940753199
2016-01-07,-2.398581651934517,-1.7558335631630229,-2.3582642742359994,-1.9838489686827998
2016-01-08,-1.089753744584776,-1.6740732974650285,-0.39125000055850734,-0.7028250447110196
2016-01-11,0.08529082958226297,-0.1973278968252501,,-0.6890626314730142
2016-01-12,0.7772514117774243,1.2202714544391924,-2.7438274940548624,0.9728132074492635
2016-01-13,-2.528237507790898,0.27241930778973966,2.8436192544766925,0.5348922639438314
2016-01-14,1.65580609343845,-1.6080339463680815,-2.7160026464560616,-0.7205870627725375
2016-01-15,-2.1835772698162614,-2.3934969786457927,-0.5457712968885531,-1.9467800414259884
2016-01-18,,-0.5805201627847367,-1.1233197998503641,-0.4178216595082773
2016-01-19,0.05316801874286625,1.52474263509621,0.5458135733686476,1.6625998248045448
2016-01-20,-1.1762766025898763,-3.3398487193342596,-3.7786537896073114,-3.5188508738619007
2016-01-21,0.5181988635948542,2.105277398602201,-2.460113350784532,1.7506554670749352
2016-01-22,2.0080726882213185,2.6577167833552906,5.7104034443106855,2.1621942130776617
2016-01-25,-1.5761545172821023,-0.7113712071525669,0.8945370275622366,-0.39059232811595734
2016-01-26,1.4045237830368151,1.0294047436159914,-2.3774745919441287,0.5853178690516714
2016-01-27,-1.092292230052827,0.34987989598587177,2.686796667476976,1.3258565237924458
2016-01-28,0.5513350717590626,-2.1269677724432334,-0.7160935815017311,-0.983049621966714
2016-01-29,2.445865099455702,2.1801861758143026,2.7597527599592553,2.530179330392812
2016-02-01,-0.044333484554215374,-0.7939270444556001,1.961029853281815,-0.39031509333522507
2016-02-02,-1.8920968718231457,-2.315909027168672,-0.6432584524091567,-2.3052088030464546
2016-02-03,0.49796200215741493,-1.8884173677407468,-3.2023273995037016,-1.4440114785827518
2016-02-04,0.15255682925232605,0.29887201574636535,-0.8544200789023293,1.0514792390528882
2016-02-05,-1.865415827635175,-0.8958243151023559,-1.331206344297442,-0.8632068420823202
2016-02-08,-1.4255057923056924,-3.326954409257965,1.0922029977939118,-2.7512061604339166
2016-02-09,-0.06638406467605051,-1.7629153156754285,-5.555175748477126,-1.0104612992240192
2016-02-10,-0.01889681307609692,1.9021321962506832,-2.340134896884294,0.7094480528078151
2016-02-11,-1.2377447329256164,-3.9753634119559678,,-2.4141806953945633
2016-02-12,1.9330015207046358,2.789095528509211,-4.962730268848503,3.034579934331383
2016-02-15,,2.780493527930883,6.911309218771322,2.024014983853206
2016-02-16,1.638173774168461,-0.445971287628133,0.19858222492850075,0.6486206049734378
2016-02-17,1.6346110625641508,2.6740613629926635,-1.3676220289037033,2.8271735284389976
2016-02-18,-0.4676632123934432,-0.08873213396212165,2.250509560505698,-0.9714848679857724
2016-02-19,-0.002603328180228459,-0.8359055894211487,-1.4278945436252855,-0.36570144144203454
2016-02-22,1.4350731099076697,2.165814091786089,0.8970625483433636,1.459831181032456
2016-02-23,-1.2532577570788739,-1.5986498490183187,-0.3668804741799647,-1.2566897155817713
2016-02-24,0.4429960034632252,-2.3527491707708847,-0.852485444697848,-1.607872829322865
2016-02-25,1.1284366730450301,2.0072047916014135,1.4010017952509557,2.4512946130421653
2016-02-26,-0.1871865329564848,1.782163033553008,0.29738451333152227,1.3742320630122151
2016-02-29,-0.8154131091571593,0.5647791110803269,-1.0035753202673803,0.018044593260491126
2016-03-01,2.3588385401619227,1.7044741286137643,0.36590416314918883,0.9110235203070971
2016-03-02,0.40859498611016676,0.855695927087119,4.027346138177101,-0.09430577426563502
2016-03-03,0.34926343203167676,-0.3072002421101061,1.2674759935832114,-0.27041290870588597
2016-03-04,0.3300439865942195,0.8092305135823707,0.3215263282770664,1.117618473173465
2016-03-07,0.08846228008634327,-0.5367734370128829,-0.6099098115035062,-0.27459676218803963
2016-03-08,-1.1303756056006087,-0.6335654941572955,-0.7607808485646572,-0.9262485322109271
2016-03-09,0.5039672782814364,0.47090398268760936,-0.8433838927944137,0.34061984973163817
2016-03-10,0.015579279712252259,-1.5166552939546385,1.2548498521587348,-1.7992705598063097
2016-03-11,1.6262545588850763,3.4090042617665794,0.5120840473784583,1.6934599150433272
2016-03-14,-0.1261768616611647,0.5897059005867789,1.7258740259896044,0.5651982376027931
2016-03-15,-0.18386309343174645,-0.8043315211237356,-0.6793441040242598,-0.5619376744713023
2016-03-16,0.558472788177955,-0.16836986259729514,-0.8367003157767172,0.5765108736879299
2016-03-17,0.6573583068596456,-0.6207877472139245,-0.22452045720502412,0.4136860521214203
2016-03-18,0.43959672510256453,0.5462991351071977,-1.257074332461272,-0.18562313865650992
2016-03-21,0.09850919042930784,-0.36015191255796,,-0.08081330822502508
2016-03-22,-0.08777728967723775,0.08065446133951326,1.9171923540792335,0.13088635842866125
2016-03-23,-0.640650953066757,-0.2891555922449385,-0.27941849243706685,0.10329254444823022
2016-03-24,-0.03781417793762287,-1.8474088777594488,-0.641133964472651,-1.5050358348092985
2016-03-25,,,0.651541829887492,
2016-03-28,0.05451068880724108,,0.7711241964541315,
2016-03-29,0.8778012054237117,0.605520790758618,-0.18015038012322293,-0.009827677795293255
2016-03-30,0.4340879993566027,1.2970978232223374,-1.321690240504303,1.5809818569239908
2016-03-31,-0.20418423596204605,-1.2951072593885726,-0.7152199803108772,-0.45726471843998695
2016-04-01,0.6310959066599509,-1.733782344243462,-3.611927626110756,-0.46749220256270263
2016-04-04,-0.3213480045854311,0.30428249751306424,-0.2532914342047832,0.3021755103931767
2016-04-05,-1.019629841179448,-2.458161614543819,-2.4514544896184987,-1.199436660340325
2016-04-06,1.0452797932012814,0.6555526801466982,-0.11103957280074184,1.1491361216883433
2016-04-07,-1.204807397000529,-1.307422031263883,0.21915961617384738,-0.401678717292242
2016-04-08,0.27827026046169934,1.3974313138069405,0.4540812437756614,1.093898927386583
2016-04-11,-0.27435458896043485,0.41979360138828525,-0.4458907717081573,-0.06932653246352061
2016-04-12,0.9615753881390354,0.6089051533606948,1.1216064886307109,0.6799271472404556
2016-04-13,0.9990069768557319,3.2470770247637226,2.8007373857564133,1.9119524745709882
2016-04-14,0.01729124301323992,0.710494405838169,3.1831760582518243,0.03457252253955545
2016-04-15,-0.09847695761457942,-0.21323985457932793,-0.37336063327639835,-0.33520309510333135
2016-04-18,0.6519725613798322,0.3167493735181992,-3.4545124156519336,0.1527914965988586
2016-04-19,0.30797379028664196,1.5852623467210947,3.61114484873557,0.8135527200316517
2016-04-20,0.07612550492348547,0.944135605486629,0.19004552530308416,0.07646718781693096
2016-04-21,-0.5207562857292736,0.2913766277151453,2.667668947927382,-0.4518547523325367
2016-04-22,0.004785857954114903,-0.33593367861080026,1.1957460987789048,-1.118844320693313
2016-04-25,-0.18136896207625597,-0.7509533726070217,-0.7608299475517555,-0.7875121362330262
2016-04-26,0.1871000174236137,0.11764626213146556,-0.4944827860423828,0.37623552344072664
2016-04-27,0.16479941117468755,0.29239630478627987,-0.3624844068699673,0.5617085413835099
2016-04-28,-0.9273636061561064,-0.1598501620541981,-3.6782889977484245,0.03954976659645837
2016-04-29,-0.5075949230557875,-3.16001788714253,,-1.2814259893822566
2016-05-02,0.7779606697244645,0.14486966079179098,-3.1615962803687836,
2016-05-03,-0.8714499388395858,-1.944529073163892,,-0.9060581749182006
2016-05-04,-0.5954582705473221,-1.1990757983074474,,-1.196997395533117
2016-05-05,-0.02390366927933485,,,0.08667389145617932
2016-05-06,0.316961055355236,-0.06501175705153628,-0.25212409139285796,0.13722767202910546
2016-05-09,0.07532133076093572,0.644531441252294,0.6763716800191943,-0.17810372952773434
2016-05-10,1.240636523603733,0.7798075638268287,2.130319660454205,0.6828921233321239
2016-05-11,-0.9607522877868035,-0.7500442873607405,0.08339506536128027,0.09415879316918563
2016-05-12,-0.016947926796451185,-0.7212993655415723,0.40529397632838027,-0.9505448527276528
2016-05-13,-0.8514434161752682,0.7185909764714005,-1.4164735920608962,0.5603321797226002
2016-05-16,0.9748976389612807,,0.3296337649546288,0.20992696740691486
2016-05-17,-0.9455863552163102,-0.6290326307671457,1.1256452584767374,0.2662496334478348
2016-05-18,0.020515768640194665,0.6222695951062285,-0.048720358371490136,-0.03243173251732401
2016-05-19,-0.3713594522721131,-1.266598895861737,0.011839130287150113,-1.8397779794343094
2016-05-20,0.6001459222805039,1.460225499840817,0.5373372236705976,1.6855834479271081
2016-05-23,-0.20876365681017361,-0.9916802216768161,-0.48965462348480315,-0.3237680932835829
2016-05-24,1.3588637533989534,2.5978083952396425,-0.9401218729232497,1.3419093746556143
2016-05-25,0.6950529651583714,1.6957703019565784,1.5551732321618772,0.6985992213129677
2016-05-26,-0.02104660499284705,0.31339210100025383,0.09013668077244574,0.04470240878564624
2016-05-27,0.42776949394394137,0.23643542966347297,0.37122277859253927,0.08135619441276276
2016-05-30,,0.3738367977636159,1.3755970367856918,
2016-05-31,-0.10057686205895422,-0.8622812004503544,0.9734557091512386,-0.639920294187668
2016-06-01,0.11343986539262829,-0.80986835987229,-1.633520929413912,-0.6262733609416316
2016-06-02,0.2820696166986103,-0.1617063142868247,-2.3461687662775788,-0.10179446950502324
2016-06-03,-0.29160622366948274,-1.2040466927766502,0.47992992238299337,0.3872471539610345
2016-06-06,0.4885328519363519,0.14500843621494397,-0.3744552296813808,1.0221959499340016
2016-06-07,0.12886156291971318,1.2839055078778472,0.5738614387501784,0.17678275242545283
2016-06-08,0.3304101971955298,-0.6907082813738086,0.9280135262885736,0.2701415912653715
2016-06-09,-0.17192355978936646,-1.0228431409581518,-0.9702345693023418,-1.11064537391794
2016-06-10,-0.9217532410166207,-2.6414441202478045,-0.40307385939257756,-1.880569207166971
2016-06-13,-0.8148298789709685,-1.998116190095267,-3.5697847265110383,-1.1644070417805352
2016-06-14,-0.18005050719720472,-1.9941584374886467,-1.0049572288357567,-2.030399365407831
2016-06-15,-0.18424090638102797,1.1770987979669911,0.38126405496967664,0.7283247151754324
2016-06-16,0.3128093111046226,-0.38940858503613285,-3.096788696765884,-0.2735487924073965
2016-06-17,-0.3263284144609635,1.0539051869491445,1.066721306392715,1.179473345982629
2016-06-20,0.5791382778423504,3.2360957504676158,2.316847569974634,2.9924262214109376
2016-06-21,0.2708390604209576,0.827730434883378,1.2685048757024475,0.36362078065810266
2016-06-22,-0.16529289965756533,0.3690086998322961,-0.6414861148433815,0.5541438105156615
2016-06-23,1.3275567071954875,1.9797310296635118,1.0687912060108218,1.2207163173941993
2016-06-24,-3.6580792805582796,-9.010986099529816,-8.252932811508806,-3.1966029225891646
2016-06-27,-1.8262246511702607,-2.8740341164787964,2.3608229109632006,-2.582459924203917
2016-06-28,1.7614121604087707,2.244549784447525,0.09094756776928392,2.610144478097709
2016-06-29,1.6889242971254603,2.629805778919092,1.5778292272623062,3.5154245140358142
2016-06-30,1.347386314946597,1.1430883206392295,0.058375345838967974,2.241935076142809
2016-07-01,0.19467062930313972,0.6374658214262752,0.681806863699741,1.1236846618928098
2016-07-04,,-0.7258210360880923,0.5932912343499908,-0.8473268709757065
2016-07-05,-0.6871028985598215,-1.7385212202882805,-0.6771804335178544,0.3535453405824285
2016-07-06,0.5338687058276115,-1.8481852029318624,-1.8702996119255744,-1.257604470519702
2016-07-07,-0.08719578867335542,0.6759957580893428,-0.6703611958789324,1.0802220471653357
2016-07-08,1.5138186565992306,2.0616172375327757,-1.1141775801569054,0.8655732532105276
2016-07-11,0.3402819311999039,1.6532730264549933,3.9065438245966533,1.390760423594628
2016-07-12,0.6984842307344863,1.6539939771478274,2.4326715471294946,-0.032920875139019756
2016-07-13,0.01347586749824714,-0.24916641847188004,0.8400393416478025,-0.1542988208761642
2016-07-14,0.5245422801696265,1.254180445537667,0.9471169958372272,-0.2386495959681767
2016-07-15,-0.0929379059870783,-0.149286587626829,0.6809408916787163,0.22066244454386208
2016-07-18,0.23794618218691,-0.3209301870232828,,0.3920766862085756
2016-07-19,-0.14362045004157054,-0.6145935828549831,1.3573541563584257,0.029866794755939452
2016-07-20,0.42612083157642644,1.2156660157779164,-0.2479849942433887,0.4707167406623469
2016-07-21,-0.3619069856525492,0.051893005818026694,0.7663339280188808,-0.4333957869556926
2016-07-22,0.4543626789510036,0.1259103525133476,-1.0944160879690301,0.4556848765385979
2016-07-25,-0.30160187399292937,0.03330244982819863,-0.041873400546244,-0.30355665461936354
2016-07-26,0.0322732160719319,0.190854132170859,-1.4377525950170167,0.20693469905523898
2016-07-27,-0.11992609468087778,0.6884861725724001,1.7053273598596874,0.39185323748327505
2016-07-28,0.16049204480923507,-1.1190942286086525,-1.1344180333752618,-0.43499017759760505
2016-07-29,0.16299801176575812,0.8279547458265313,0.5593997616060165,0.04908415088689111
2016-08-01,-0.12705941474910887,,0.4005421513403107,-0.4531084864959567
2016-08-02,-0.6381940812667075,-2.8412804082082133,-1.479535841006907,-0.7286731495110388
2016-08-03,0.3129042716071062,0.14025612634016582,-1.8990134889758536,-0.1656651858850111
2016-08-04,0.021254929948888446,0.7283472922265943,1.0624090087071991,1.582140761654749
2016-08-05,0.8566697289380087,1.4009549303735547,-0.0027035499776673078,0.7876645630519263
2016-08-08,-0.09075772915414504,0.30923419644786065,2.407773938631763,0.22936944971743145
2016-08-09,0.038971798655573764,1.5389272922252673,0.6847163571592318,0.6178419603111607
2016-08-10,-0.2868797063488415,-0.35451786552052056,-0.17821785278986368,0.22015504170092015
2016-08-11,0.47234151024442284,1.0076762247573257,,0.7009671274117224
2016-08-12,-0.07963633869145781,-0.13423395666336546,1.098216753064385,0.018795934738946585
2016-08-15,0.27890162945221064,0.056141697858080875,-0.2980774583591028,0.3637130551313206
2016-08-16,-0.5494142216478259,-1.004816818729104,-1.6318428660614615,-0.6837749915476365
2016-08-17,0.1866846006155498,-1.1889920821873012,0.8945545030256241,-0.5046103120774248
2016-08-18,0.21972016963829333,0.49399045368732075,-1.5625834953695517,0.1427689895638906
2016-08-19,-0.1441309568768645,-0.9088717768363175,0.3621392583996297,-0.1456876714561517
2016-08-22,-0.056348188332311366,-0.26413919196217606,0.31600994916516356,-0.44566283808418206
2016-08-23,0.19498671783617638,1.12057949366271,-0.6093290104857374,0.5840711646781571
2016-08-24,-0.5254055259671375,0.4951464638027758,0.6039748381633459,-0.47722624051385054
2016-08-25,-0.13661603966461655,-0.6971065734219906,-0.2494571961653591,-0.27686706398704075
2016-08-26,-0.15800642387127084,0.755921467210463,-1.186278026195886,0.3105120812369577
2016-08-29,0.5214428428674367,-0.3947544995654084,2.276840118097745,
2016-08-30,-0.19555914071229807,1.069795001812679,-0.0725034481403597,-0.25331911565125154
2016-08-31,-0.2378691105562325,-0.2517433896727539,0.964171178242168,-0.5778421973339221
2016-09-01,-0.004138538941145242,-0.18673230017665077,0.23327137168216439,-0.5248579781174101
2016-09-02,0.41922415990347517,2.041981792088521,-0.006854179638615676,2.1788774034211755
2016-09-05,,-0.06756352477061967,0.6592500880028496,-0.2207086029155647
2016-09-06,0.2977242370004518,-0.24398905417246652,0.2599656480580137,-0.7777910092853446
2016-09-07,-0.014639593829279818,0.6978486183021104,-0.40793251341249004,0.2998678398357768
2016-09-08,-0.22254881924705927,-0.262983475542633,-0.31597324989309783,0.1765754932980812
2016-09-09,-2.4827742410836073,-0.9888095355373494,0.04121050236385315,-1.1983421729024002
2016-09-12,1.4570387233434623,-1.329381190475054,-1.7411339827585692,-1.1292694993693786
2016-09-13,-1.4941748278211264,-1.2719566784059388,0.33602336590767834,-0.5281844424985138
2016-09-14,-0.05878493998130452,-0.333355413026748,-0.6885902295787005,0.11544741984437223
2016-09-15,1.0058516449440447,0.2987242564518766,-1.2673411371327603,0.8505229232543599
2016-09-16,-0.37794277955720545,-1.303788616699375,0.6941970512835738,-0.29760598995309806
2016-09-19,-0.0018603233825409404,1.120015850181666,,1.5276998910529471
2016-09-20,0.02990934842346249,-0.11629370013528373,-0.16441984014292643,0.25211392607467076
2016-09-21,1.0858000333636042,0.5824703742595361,1.894777006752868,0.05854115777683688
2016-09-22,0.6478751917641468,2.304096255249277,,1.1145028032846227
2016-09-23,-0.5753292959718159,-0.6370791702840606,-0.3194102377952035,-0.028941885306643655
2016-09-26,-0.8624850117916694,-1.8784970422781377,-1.2580821559906141,-1.3316615479865845
2016-09-27,0.6423495165297943,-0.16949835046213835,0.8388582021344959,-0.15118205305615362
2016-09-28,0.5282576603643285,0.6799821189435562,-1.3184728744658258,0.610668975413553
2016-09-29,-0.9365127730081468,0.01571101593160762,1.377082471170965,1.016800361546899
2016-09-30,0.7936392588027807,0.3556971422877808,-1.4716316704074472,-0.29091176822610976
2016-10-03,-0.32660231815277996,-0.12465098386940099,0.900682574231304,1.2130294891194993
2016-10-04,-0.4967881786361872,1.0285425776478618,0.821863103876197,1.291824733266722
2016-10-05,0.4287486231197235,-0.10634372421058913,0.49822851516818645,-0.5812486399848993
2016-10-06,0.04814438526041798,-0.15542529207142053,0.47368598034598364,-0.4745835641193352
2016-10-07,-0.32587874416138973,-0.6977605837562351,-0.23110615876476004,0.6322812020517432
2016-10-10,0.45953303173247306,1.1659514839598373,,0.7509648289158122
2016-10-11,-1.2524577697756278,-0.4976545528478482,0.9719459882893133,-0.3754852925144547
2016-10-12,0.114593220639847,-0.4199873531973708,-1.0911732439019772,-0.6654900107028183
2016-10-13,-0.3104076412233425,-1.1027891766238973,-0.39126185246018963,-0.6613478762863778
2016-10-14,0.0201584159120749,1.671638264364983,0.4884185629908444,0.513175764612761
2016-10-17,-0.3042618111839701,-0.5459150649123501,0.25920957258165345,-0.9454844962245801
2016-10-18,0.614150560569815,1.2639485466582556,0.3749752998315259,0.7528158364419113
2016-10-19,0.21895721553502057,0.29330035534158583,0.20788089016807731,0.3109374162209022
2016-10-20,-0.13766711313802915,0.674758559630817,1.3821976736698716,0.07118046068885775
2016-10-21,-0.00841451401552007,0.033148299271346104,-0.29581673729666136,-0.09111868147915203
2016-10-24,0.4738594647427874,0.5253249960343709,0.28954995090550995,-0.4869052433223331
2016-10-25,-0.38049574647063267,-0.20870137150890145,0.7562540449441713,0.44559050180001947
2016-10-26,-0.17419279211878802,-0.20848014089658307,0.15300388528949327,-0.8514830549998464
2016-10-27,-0.29911959060084925,0.13590140095463,-0.31916352442511453,0.4087580124785717
2016-10-28,-0.3113140139625159,-0.1923925746114108,0.632441930378036,0.1387367234954695
2016-10-31,-0.012228388419810443,-0.7821387782726674,-0.12268282588134838,-0.6035588283781479
2016-11-01,-0.6810019108735688,-1.0562120489280957,0.09969685657029714,-0.5349200916665353
2016-11-02,-0.654688445345375,-1.4318982191577234,-1.7799584398664692,-1.0419741184357179
2016-11-03,-0.4433213022609017,-0.22439758206758142,,-0.8052303020289031
2016-11-04,-0.166752027169359,-0.6396748164110733,-1.347376725088445,-1.44175796789483
2016-11-07,2.1980199729465077,1.8361261554639796,1.5952865371570368,1.682979236869997
2016-11-08,0.3764878397158,0.46910686520895695,-0.03394653391008973,0.5304070356231705
2016-11-09,1.1016119879656117,1.0809848993920568,-5.505641854994714,0.9989208032134655
2016-11-10,0.19488457160949935,-0.3178813654583834,6.508316040704898,-1.219826270790847
2016-11-11,-0.13989283477977565,-0.5453734610918914,0.1749414762528545,-1.4397242187452974
2016-11-14,-0.011550945718319383,0.3222513237689739,1.6996249533823615,0.338193279763388
2016-11-15,0.7452955022089647,0.3258033676873495,-0.025289489069457716,0.5832039335780692
2016-11-16,-0.15835165223760939,-0.7689160798822314,1.0923754747317105,-0.6350446489374661
2016-11-17,0.4665469361198049,0.5085558044335414,0.002350867653433397,0.6644836874135862
2016-11-18,-0.2389651365549028,-0.6914516839655604,0.5848700843735344,-0.2785513112385729
2016-11-21,0.7433702070874126,0.40106738753280524,0.7684883769558226,0.03246610343285994
2016-11-22,0.2163091103593473,0.3738541971598508,0.3138770463756657,0.6133438072659203
2016-11-23,0.08076981569082875,-0.40122643439524097,,-0.02933110353957602
2016-11-24,,0.278629105315531,0.9341862663067246,0.1685364792432864
2016-11-25,0.39067456134240786,0.255536704493764,0.2604442576776833,0.16970902939323906
2016-11-28,-0.5268389254735162,-1.0413580379548648,-0.1324514560078427,-0.6055575241612488
2016-11-29,0.13344023532617655,0.7140934606225002,-0.27193807999328357,-0.4052615795988146
2016-11-30,-0.2656930555156478,0.4331737646092293,0.007873198409846793,0.17409238610444078
2016-12-01,-0.3521722966763896,-0.6783362272056337,1.1115257400510004,-0.45653603436282
2016-12-02,0.03969277200850385,-0.5243084999943193,-0.47125668895464656,-0.32928486353007713
2016-12-05,0.5804426926743211,1.2399915603262812,-0.8233585343344174,0.23891102998092606
2016-12-06,0.3405084468874442,1.5604422152739161,0.46702741989683716,0.48792847313237075
2016-12-07,1.307735874472371,1.328867239318754,0.738802212741696,1.7892655477067976
2016-12-08,0.21570150168708224,1.3764389929034948,1.4426748780412169,0.42504512113072934
2016-12-09,0.5921418532969902,0.368146817634063,1.2229346671304597,0.3255140810784596
2016-12-12,-0.11380822905993071,0.04909033181270672,0.8317444571954269,-0.9216697363267912
2016-12-13,0.6518483201237046,1.1684690036021905,0.4972741390940172,1.1285233458782074
2016-12-14,-0.8150295461859081,-0.7753876316421326,0.01604941518955627,-0.27877846354513736
2016-12-15,0.3875707687553742,1.1771496716402652,0.10475500637863178,0.7140708564042697
2016-12-16,-0.17521567509799496,0.29190462327939315,0.6586269575368675,0.1798652586664673
2016-12-19,0.19731727152114686,-0.04265377892451738,-0.049240032959474433,0.07983716122197393
2016-12-20,0.36309124011522087,0.6596002786556809,0.5293914862871674,0.38118847276731316
2016-12-21,-0.24603857246772165,-0.2644184957684814,-0.2570125835061887,-0.03691904672660229
2016-12-22,-0.1864711222396842,-0.03791868358078432,-0.08654169710240467,0.31620210271352533
2016-12-23,0.125093253507913,0.13631772822595423,,0.06368570436681154
2016-12-26,,,-0.15984471092806984,
2016-12-27,0.22458489045487084,0.13918532865062616,0.03309263597230938,
2016-12-28,-0.8391640709771053,0.0057933251378372574,-0.006905560126213572,0.5347705619605847
2016-12-29,-0.029334773186828755,-0.21250239913275237,-1.3312828011251554,0.1996248080219587
2016-12-30,-0.46478346968550355,0.5717543532952618,-0.16085669261620694,0.31549970595410315
2017-01-03,0.8450766753157701,0.7418049759065681,,0.4902018569149291
2017-01-04,0.5705963770549438,0.07538590355036234,2.4791207392476977,0.1642625844519685
2017-01-05,-0.07709676024818535,-0.031656630125809215,-0.3756669922738709,0.07785345370638908
2017-01-06,0.35107891805798985,0.1416151533803145,-0.340522929410092,0.20548264229667268
2017-01-09,-0.35549054715602324,-0.36801531004577726,,0.383443146162854
2017-01-10,0.0,-0.08344474237436117,-0.7889995218482326,0.5195273386004118
2017-01-11,0.2825642389102434,0.05231149985238659,0.3270591540525558,0.2059591556006879
2017-01-12,-0.21471123937297776,-0.6441614409688157,-1.194686788468502,0.026056578145983167
2017-01-13,0.18481313951461686,1.1387177576189345,0.7942374968614274,0.6206347005743851
2017-01-16,,-0.9007658293988641,-1.0006673209822736,-0.14592269979480932
2017-01-17,-0.29719144562179167,-0.2884685995169889,-1.4862847140248547,-1.4669477056335367
2017-01-18,0.17622004698090166,0.27237914418591913,0.4287694140938214,0.3760053546979947
2017-01-19,-0.36158376243191626,-0.11147443130852253,0.9370450410049358,-0.5423393939686605
2017-01-20,0.33605840613004645,0.2764851901519094,0.34367938061770076,-0.13882335760282416
2017-01-23,-0.2693749646070387,-0.8033510761103813,-1.298402381346797,-0.6578563435033047
2017-01-24,0.6543140528962432,0.25905573954805305,-0.5469320626513507,-0.012591555098317997
2017-01-25,0.7994052795968543,1.3505663633672782,1.4242876495591972,0.19700171858296756
2017-01-26,-0.07356549352630637,-0.21127845236250664,1.7935561689816026,-0.04048475004179153
2017-01-27,-0.08668394897410892,-0.4771590846386786,0.3345005184893779,0.3206471449340498
2017-01-30,-0.6027673496096675,-1.236987989569549,-0.5075206426308654,-0.9228898615459613
2017-01-31,-0.08903016080328285,-0.9868574112863016,-1.7053688496469377,-0.27148999172545984
2017-02-01,0.02983189881167192,0.8703207940925495,0.5590056751389127,0.11966017611904078
2017-02-02,0.05701468386902775,-0.16306460333570527,-1.2269396214259487,0.4646056625640327
2017-02-03,0.7238496854554022,0.5975453943298348,0.01913230115953013,0.662988956529631
2017-02-06,-0.21175975137088798,-1.0689029207512135,0.30881068200461215,-0.2242208296378223
2017-02-07,0.022680346384529315,-0.08032405794864417,-0.34803945455568197,0.1950078568048852
2017-02-08,0.06930821486097472,0.07198542500468363,0.5106785981338291,0.03616847865508532
2017-02-09,0.5736063735960251,1.2201206186214009,-0.5271222919988716,0.5645645321285642
2017-02-10,0.3559706822009012,-0.2125627516498696,2.461872153754996,0.40446215256917384
2017-02-13,0.5232133584011756,1.0462257284073573,0.41310392814146724,0.27652394628230326
2017-02-14,0.39993271956726417,0.11066967497317393,-1.13789628919303,-0.14160242527623268
2017-02-15,0.49798886657344,0.44688638997261165,1.0290454639648061,0.46393336505961
2017-02-16,-0.08644916015505544,-0.38192659184215216,-0.46641818761123943,-0.33607022334827263
2017-02-17,0.16771493272376148,-0.0673725392630331,-0.5852990730556229,0.30320025154360053
2017-02-20,,0.10813249439944883,0.08554314375448513,-0.0013712101715412928
2017-02-21,0.6029850020069283,0.8100260675529825,0.6748711777056826,-0.34443416297218477
2017-02-22,-0.10827861468039046,-0.001798538402475458,-0.008102474131099768,0.37730458542224454
2017-02-23,0.041889897125901854,-0.15914511353667393,-0.043395688560998735,-0.42405084869567844
2017-02-24,0.1492250232031367,-0.8999653341868807,-0.45490635944158697,-0.381667924714435
2017-02-27,0.10174652677337193,0.15755798183931802,-0.9172438802073302,0.1283023838245967
2017-02-28,-0.2581706115194926,0.3110637092412105,0.06026993509831158,0.14328489423007795
2017-03-01,1.3581211083725009,2.104156379098221,1.425787836536685,1.6318476804812576
2017-03-02,-0.5877116972104801,-0.16206832289356043,0.8792100621388244,-0.006772635934382265
2017-03-03,0.05037503685345612,0.5503743078863366,-0.4899888429745758,-0.10978197877022922
2017-03-06,-0.32826227635656124,-0.46915956629298705,-0.4634922691815646,-0.3287024120590232
2017-03-07,-0.2917625902089327,-0.06909756152317925,-0.18071937059218612,-0.15113382978277912
2017-03-08,-0.22868279640642086,0.13284644152022906,-0.4669715424222787,-0.05997032011677561
2017-03-09,0.07995756127661124,0.5962145921083462,0.3346978208396578,-0.2675855889670231
2017-03-10,0.326333970585857,0.18693171250419027,1.4697379619281747,0.3834075615799293
2017-03-13,0.03665656191698119,-0.02283538353662351,0.1485313393402521,0.3263044822810812
2017-03-14,-0.3384748980891139,-0.47132140973662473,-0.12358814872186485,-0.12496022424013375
2017-03-15,0.8339879124686256,0.2905127571027677,-0.16392806527729675,0.14531894469875795
2017-03-16,-0.16280347991832755,0.8946954084304792,0.06515483029208013,0.6412086148269935
2017-03-17,-0.13151792642318583,0.24533977025260612,-0.3505385756286117,0.12128564252105178
2017-03-20,-0.2011916080379983,-0.31745906456475126,,0.06462294904867605
2017-03-21,-1.2485594590102345,-0.22891370743725048,-0.33716424097214315,-0.6955680876766124
2017-03-22,0.18881028474631023,-0.2604307818701912,-2.1534831311717184,-0.7291008204543203
2017-03-23,-0.10608321448302149,0.9160701525747328,0.23044069820734592,0.21820074354650387
2017-03-24,-0.08443522139387483,-0.23287844750008446,0.9242763730663128,-0.05314788917480939
2017-03-27,-0.10201075858455866,-0.20374122873612066,-1.448145943590795,-0.5919213097527631
2017-03-28,0.7225308829624133,0.8093155203741986,1.13794401399403,0.6818396791574699
2017-03-29,0.10847362038299835,0.29393252740810283,0.07606036372891367,0.4117704653864962
2017-03-30,0.2930810911704995,0.18140567169329103,-0.8059444884370492,-0.05697806948941064
2017-03-31,-0.22575939382667443,0.5542391782070055,-0.8109124254060518,-0.6343450250342997
2017-04-03,-0.16434753080130093,-0.8027147348187214,0.39042457557982857,-0.5504711654827688
2017-04-04,0.05593660746612272,0.25076856918904156,-0.9154048504354861,0.5354473318730513
2017-04-05,-0.3059536811522712,-0.2611310267317535,0.27086543403740393,0.13512665412953595
2017-04-06,0.1927650293735539,0.4880683008417819,-1.4107055251711742,-0.3894804237383198
2017-04-07,-0.08274724629453445,0.1783722842468194,0.3626801898491294,0.63060289397594
2017-04-10,0.06874501357838625,-0.44035561461228667,0.7113808221953732,-0.0068035079815231825
2017-04-11,-0.1434908291958692,-0.299257321345614,-0.2664043111579417,0.22563074007635464
2017-04-12,-0.3767037418986874,-0.04410227816773471,-1.0469653848252491,-0.2242686726122045
2017-04-13,-0.6838020289804625,-0.5855350922164604,-0.6802157352053584,-0.2916195490385576
2017-04-14,,,-0.4962080609814734,
2017-04-17,0.8576465691107593,,0.10699608425017715,
2017-04-18,-0.2907602845833246,-1.1221977145931206,0.3444303025434081,-2.4885408842019174
2017-04-19,-0.17178253968683777,0.32821983375299624,0.07386205812665025,-0.4641759837596737
2017-04-20,0.7528850362973571,0.5550220779291237,-0.009272163271667466,0.05761436949320853
2017-04-21,-0.30396881071155235,0.006976156062066252,1.0270179176062655,-0.054800463913018405
2017-04-24,1.078173658811199,3.9080693796446297,1.3608411785190455,2.0878004747498125
2017-04-25,0.6072214211751081,0.16144119627288234,1.0720592101819193,0.1499268125948916
2017-04-26,-0.04858214756868762,-0.1242678748262449,1.0951707097015984,0.1798933134523395
2017-04-27,0.055276700029871506,-0.4318103006159646,-0.19491070570101243,-0.709081219039831
2017-04-28,-0.1914979471489886,-0.1038891975916556,-0.2867669074415602,-0.4611885765889667
2017-05-01,0.17307918268940625,,0.5909515695877943,
2017-05-02,0.11883435858113245,0.5217270070726698,0.6975924899428776,0.63927428603332
2017-05-03,-0.1272169395827305,0.22444238592811416,,-0.21540261495509583
2017-05-04,0.0581933287869596,1.1541335015531118,,0.18781298333543361
2017-05-05,0.40803594074780847,0.8484079007164524,,0.6778727918497651
2017-05-08,0.003744527190807645,-0.4569288807353189,2.287766295718008,0.04795079035080363
2017-05-09,-0.1025774556793202,0.1911888909457815,-0.26522886093083287,0.5640936988539735
2017-05-10,0.11299627174494731,-0.09157424289405469,0.2872946378447594,0.5839472147025404
2017-05-11,-0.21651513741067774,-0.6105138248781117,0.3083715835101586,0.018953713429326058
2017-05-12,-0.14795353407937029,0.38479143731535714,-0.389758362077508,0.6584803807296424
2017-05-15,0.47651423030146134,0.11978635220089018,-0.07068908887877257,0.2552084052396708
2017-05-16,-0.06871330369859763,0.0002748512359929123,0.25117438518389434,0.902761106823391
2017-05-17,-1.8345468171115265,-1.5791673252328664,-0.5282017682864293,-0.24624816942377947
2017-05-18,0.368003862721622,-0.6327137125365923,-1.3260536541652712,-0.898273071217659
2017-05-19,0.674470320820042,0.6935051323408103,0.18853371096856364,0.46018814224595417
2017-05-22,0.5146863296008775,-0.29259243022927706,0.44574391555354254,0.34208103612947127
2017-05-23,0.1836185172380489,0.5159279399508776,-0.3308601726262239,-0.14684682895680368
2017-05-24,0.24860338045762376,-0.23420567089811328,0.6591156893540173,0.39466322655759
2017-05-25,0.4432112041977909,,0.35468837462975245,0.03725626948032357
2017-05-26,0.031050178530289685,-0.21212621234454332,-0.6394508335601401,0.39693787738421804
2017-05-29,,-0.0019577718170182834,-0.02168958716826097,
2017-05-30,-0.12053507295339827,-0.4966273100937002,-0.023987056830243603,-0.2799518551716673
2017-05-31,-0.046007461995145604,-0.18634237497465733,-0.13872564066410575,-0.08639883566718964
2017-06-01,0.7542595584847156,0.34907679794784485,1.060277235488627,0.3159869992838793
2017-06-02,0.370087461804669,0.6928538068557089,1.5848050289907434,0.05036369155497766
2017-06-05,-0.12184071404286456,,-0.032016300607473624,-0.2892553545981613
2017-06-06,-0.27829086662043423,-1.0534700483171733,-0.9510233315934258,-0.010628068921647582
2017-06-07,0.15670287963471807,-0.15035420824585088,0.023614696622153986,-0.6185188883561565
2017-06-08,0.026716903566459393,0.4228991833951312,-0.37779963594104515,-0.3831589359910126
2017-06-09,-0.08303338661868054,0.6207108285797958,0.521010379501341,1.0322353435999077
2017-06-12,-0.09792424797181454,-1.1815003898558274,-0.524424364301801,-0.20479690443959697
2017-06-13,0.45013588432301077,0.3920173619846423,-0.049388282537421446,-0.15320773497826679
2017-06-14,-0.09963269653177065,-0.3017647508187338,-0.07656913330276183,-0.3472504002109744
2017-06-15,-0.22421097968399195,-0.6133523500846394,-0.26034901453968473,-0.7385657217417574
2017-06-16,0.0283599150058933,0.5211225932756136,0.5603495681119952,0.5926294877395932
2017-06-19,0.831258320689443,1.002335786284192,0.6222819010494263,0.8046830429512042
2017-06-20,-0.671916044693166,-0.5299600664336879,0.8072876727705847,-0.6814897761797667
2017-06-21,-0.05828141932715525,-0.17736633114004974,-0.45391661383771265,-0.33377452152389964
2017-06-22,-0.045588597243817475,0.03965936129119996,-0.14052071639376607,-0.11419284006546349
2017-06-23,0.15596985554084952,-0.34031106349630136,0.11013125037280247,-0.20452537682587035
2017-06-26,0.03157519397332109,0.5089091539772994,0.10266434637618005,0.30529053131775896
2017-06-27,-0.8105586575672952,-0.6602749914415895,0.35533968540182315,-0.16665195626313078
2017-06-28,0.8769501646550992,-0.07407718101113403,-0.4692290330593707,-0.6287899517689155
2017-06-29,-0.8637216844141982,-1.8373457405054694,0.44554740977229557,-0.5088862461308352
2017-06-30,0.15320576108743822,-0.8520028649503075,-0.9284726360760942,-0.5128512826287235
2017-07-03,0.23081679791472354,1.440244351463349,0.11160651282420275,0.8768031373991292
2017-07-04,,-0.354026827999121,-0.11699803718361323,-0.27011685723419276
2017-07-05,0.14522240362886407,-0.030470735908316726,0.24570623118105317,0.14125697960061245
2017-07-06,-0.9412987306865794,-0.47114630072524477,-0.4370252829252408,-0.41211209942346727
2017-07-07,0.6382712569615201,0.05140210798355582,-0.3254791259998058,0.1851840499734081
2017-07-10,0.09273361035129213,0.40968582930762665,0.7592656223842198,0.2594964778110054
2017-07-11,-0.07829870660822635,-0.39121403315398595,0.568571844654997,-0.5469502450896613
2017-07-12,0.7279050947821553,1.4542407828381343,-0.481958264261273,1.1812963206351057
2017-07-13,0.18728294734726703,0.35780217672094494,0.007113193159113962,-0.047200665004432096
2017-07-14,0.4662616170009848,-0.05359224241097138,0.0947263029154044,-0.47323606027074305
2017-07-17,-0.005291423670694684,-0.2723503185611875,,0.3477114318435781
2017-07-18,0.05976786981110038,-1.0770655743904456,-0.5929871164756406,-0.18790894004467873
2017-07-19,0.535825821605318,0.619008183116776,0.10469174335625553,0.5492144181920011
2017-07-20,-0.015367108860697698,-0.0225732863695427,0.6161059445034311,0.7641402539530162
2017-07-21,-0.03679393292088662,-1.3747491696348035,-0.22283810582628405,-0.46851660527718053
2017-07-24,-0.10643009954085514,0.04228780178756608,-0.61923480705115,-1.0141241895331277
2017-07-25,0.2918907519897651,0.5881630969186702,-0.10253072552082187,0.7709690086736387
2017-07-26,0.02826240061200025,0.5068377432133175,0.4747419712554546,0.23510298876061597
2017-07-27,-0.09731616373942487,0.05583789050316312,0.14692559384492654,-0.12486899918524585
2017-07-28,-0.1342015678115871,-0.7300818845692447,-0.5984150511112674,-1.0073420335235284
2017-07-31,-0.07284108345597673,-0.5311457853050428,-0.17380041620658204,0.04884667650379981
2017-08-01,0.24461207749384428,,0.30372312920761146,0.6988571686399325
2017-08-02,0.049252740734750944,0.2883319992903921,0.47047660443464423,-0.16582693350848388
2017-08-03,-0.21860418349461952,0.20359129774565332,-0.2532047454758768,0.8517994777609061
2017-08-04,0.1887321417539667,1.1769877604015377,-0.38482602987510717,0.4924494070861485
2017-08-07,0.16458446442806363,-0.045909457110049345,0.5176974949113955,0.26854900475825616
2017-08-08,-0.24173522303856387,0.27999539985508193,-0.2990165430736269,0.14329129458499068
2017-08-09,-0.036367479271248726,-1.351091352451661,-1.295101210873817,-0.5930565862039217
2017-08-10,-1.458021840074153,-1.0115983900771397,-0.045457589609476656,-1.453547828475621
2017-08-11,0.12747571279874137,-0.795338340660301,,-1.0870916092311944
2017-08-14,0.9993651246049673,1.2927064723298187,-0.9811951829794552,0.5987497703538125
2017-08-15,-0.049893232688358324,0.32549428703259053,1.1005897831108058,0.40711696228239447
2017-08-16,0.14190955233326363,0.6524235783404109,-0.12173088474014548,0.6627604655108144
2017-08-17,-1.555734248719176,-0.6506887535088879,-0.1351618090593476,-0.6086032179085876
2017-08-18,-0.1837053661351895,-0.4614930427454311,-1.1856287763219342,-0.8686886751807066
2017-08-21,0.11619757145657772,-0.6550661255294798,-0.3976961270691248,-0.06965966982637184
2017-08-22,0.989169526062561,0.9321044019310776,-0.047920276567836595,0.854396073389907
2017-08-23,-0.34595701326392003,-0.4920132912543451,0.26173518199357204,0.013546097031635895
2017-08-24,-0.20766167471384378,0.17724191018189117,-0.41698646892136537,0.32995610484842786
2017-08-25,0.1671471668937663,-0.17956361719466685,0.5094010843999186,-0.07563304952906691
2017-08-28,0.04869534732963032,-0.510820121015243,-0.013927041703354348,
2017-08-29,0.08424667620099413,-0.9636982786592085,-0.4501120347386589,-0.8698139239548652
2017-08-30,0.46045317880603065,0.45613006160660774,0.740891749610384,0.379521263278626
2017-08-31,0.5704673584713937,0.5204273009212557,0.713623743961378,0.882686654827225
2017-09-01,0.19805780423354236,0.6528433999971384,0.22995994227539285,0.10625933022421208
2017-09-04,,-0.39160288381197006,-0.9348129736828525,-0.3636367643384375
2017-09-05,-0.7579458552145368,-0.2790667033437444,-0.6296069675755689,-0.5221745301675185
2017-09-06,0.31238424931441244,0.37755210272667483,-0.1437126044146808,-0.2553108562434403
2017-09-07,-0.017845204485311683,0.4028180677076776,0.19893870674323466,0.5816518498063417
2017-09-08,-0.14899601434583687,0.0008710013998936006,-0.6294047271250491,-0.2626116898568398
2017-09-11,1.078097519714749,1.368329624837905,1.3959273654513993,0.48677687557638905
2017-09-12,0.33583025948829004,0.4957412225433444,1.1741517710674998,-0.17415477409095104
2017-09-13,0.07568342480830381,0.3007473892365553,0.45002943134768714,-0.284160287620594
2017-09-14,-0.11013238508281731,0.0947593827953952,-0.2943085688443148,-1.14890146835247
2017-09-15,0.18454775461593798,-0.3104201592991629,0.5139407664756845,-1.1012509268290671
2017-09-18,0.14548619291288034,0.3177929554638581,,0.5225020899443322
2017-09-19,0.11095796167319705,0.12581446208148606,1.9393381292214684,0.3028511681320012
2017-09-20,0.0634146702309657,-0.1595607036840363,0.054568439125368684,-0.04536655995810435
2017-09-21,-0.3050565946915107,0.3974459748160797,0.1821023898394003,-0.11144956348214663
2017-09-22,0.06475839951667339,0.05168285379024695,-0.25111389183347654,0.6408501854542337
2017-09-25,-0.22245226998540701,-0.10198463968791316,0.4970314776750584,-0.12729753538973654
2017-09-26,0.00721641258953909,-0.04043362738581635,-0.33093237011829757,-0.21388380505751314
2017-09-27,0.4076822401987812,0.5299288181715767,-0.31104933447156924,0.38084056545795164
2017-09-28,0.1203890628937998,0.2379604153128767,0.4728446668945452,0.12707864778835898
2017-09-29,0.36982630684985196,0.8719828588761303,-0.0335470566323437,0.6804784325483482
2017-10-02,0.3866518829712895,0.21784795382764344,0.21836716985124127,0.8911993109448346
2017-10-03,0.21565111846602036,0.08434689642609072,1.0400766571100561,0.39311098744434503
2017-10-04,0.12459436611136354,-0.300530971263413,0.06105538868013127,-0.006695367390108231
2017-10-05,0.5630904031293404,0.5168980449287375,0.009212849156803316,0.5395443265898692
2017-10-06,-0.107421116523998,-0.2832250419917415,0.3008302676374086,0.19825702148246194
2017-10-09,-0.1806063868014185,0.19906052392393292,,-0.1995902436922492
2017-10-10,0.23197196304787226,-0.3248578201803909,0.6397773044838573,0.40408799964897213
2017-10-11,0.18018829296631012,0.23868006849276924,0.2769936852763166,-0.059712982933213254
2017-10-12,-0.16881771203509643,-0.051292708336703186,0.3511390404947079,0.2968907498853923
2017-10-13,0.08777220048461487,-0.027461244686932673,0.9520825114702092,-0.2756540857840051
2017-10-16,0.17492225323056942,0.04770527400310698,0.47337559433504595,-0.1115347257940158
2017-10-17,0.06723529054335486,0.04158557516991124,0.3782836948728274,-0.14358389707940233
2017-10-18,0.07420595113298845,0.32874507473117376,0.12614598478410954,0.3545993430563499
2017-10-19,0.03279441150105811,-0.4865831021644951,0.39927927391651963,-0.26417159340805796
2017-10-20,0.5103796185029985,0.08352820514279102,0.04251647714088591,0.0026610746887811842
2017-10-23,-0.3980395312996876,0.10479762946769,1.1077100511336369,0.017275791966397946
2017-10-24,0.16166008745583937,0.050413716141228804,0.4989205305781397,0.026576307378434194
2017-10-25,-0.4673955687260367,-0.534007940046699,-0.44837826663979286,-1.0591977271978692
2017-10-26,0.12701392506020426,1.2655347258540672,0.1480418311807341,0.5263249549194882
2017-10-27,0.8040609979727442,0.4123793146366239,1.228270532178577,0.24680664897882565
2017-10-30,-0.3197577376741201,0.27206452547297033,0.014632868759179019,-0.22944617526423627
2017-10-31,0.09440129366797834,0.32087844185504366,-0.0002750675367479971,0.07076067825639853
2017-11-01,0.15908441079037772,0.6362479259445664,1.8386976327017024,-0.06808709400552004
2017-11-02,0.01899477696669649,-0.23286283768495508,0.5295438652805018,0.8947538712096303
2017-11-03,0.3092289326314557,0.03143921519050963,,0.06748080404666013
2017-11-06,0.12704438847759292,-0.2061727146196901,0.04094471982956094,0.025126497127558878
2017-11-07,-0.018912080508215467,-0.6426849457909611,1.711559323242362,-0.6527174340344999
2017-11-08,0.1442613932060688,-0.10199829534123239,-0.10372328293186683,0.22070497608552841
2017-11-09,-0.3768981339369759,-1.1706994303052554,-0.19705939521426075,-0.6074443109980621
2017-11-10,-0.0898046976053557,-0.5201042552819501,-0.8223557982509178,-0.6851237466502624
2017-11-13,0.09831509112929737,-0.5368104024455533,-1.333413538205086,-0.2397571824193534
2017-11-14,-0.23122805602824315,-0.5087766227966029,-0.004380906370116122,-0.010793183420432229
2017-11-15,-0.5540998742123548,-0.3001906572517754,-1.5839226792005334,-0.5653603303645838
2017-11-16,0.8162652782972124,0.5366730947278242,1.4547480765303433,0.19377091584154016
2017-11-17,-0.2629416978897403,-0.4876121577138903,0.20417331833115782,-0.08396364141063373
2017-11-20,0.1274869888790775,0.3924665756139589,-0.604772861306202,0.11915621470670601
2017-11-21,0.6519838879752271,0.5016348148213723,0.692602577033874,0.2945762491107118
2017-11-22,-0.07505427033294154,-0.4668234774886315,0.47472629465676874,0.10384410437929148
2017-11-23,,0.2640656263528385,,-0.02426234039223374
2017-11-24,0.20539842782323348,0.2561032545374431,0.12290554304836832,-0.10251838794239632
2017-11-27,-0.038433158680373225,-0.4817184624087645,-0.2435660406417739,-0.3474528835994306
2017-11-28,0.9800332196793882,0.5448056409678159,-0.043350452172319365,1.034732868451016
2017-11-29,-0.036929388279105524,0.17899249104811332,0.49223932231061696,-0.9034495430480405
2017-11-30,0.8157586662811411,-0.5581139457857986,0.5637950915581058,-0.9089537796890923
2017-12-01,-0.20265829358052656,-1.1942375776763825,0.41308850040469025,-0.35823975857063317
2017-12-04,-0.10527105492865729,1.3702775648823717,-0.49145060075286295,0.5259754603443412
2017-12-05,-0.37463905259551566,-0.15811024221719094,-0.3740580373316149,-0.1568199960013672
2017-12-06,-0.01141121705305892,-0.25237879807757935,-1.9882242582092147,0.27937737499676984
2017-12-07,0.2928067010109281,0.3240451496932195,1.4370241387588578,-0.3708582412967232
2017-12-08,0.5491202035518228,0.5114077506883419,1.3818667685969288,0.9949275574529182
2017-12-11,0.31968421216959086,-0.25760895993069965,0.5580382535306683,0.8014860213906516
2017-12-12,0.15477237220897777,0.5051172601476139,-0.31682464955409273,0.6272618704940669
2017-12-13,-0.047306897015086946,-0.5179582291267693,-0.47387007916643853,-0.052009448046774764
2017-12-14,-0.4079167730762556,-0.7153333025001984,-0.2799454725753492,-0.6477265533421317
2017-12-15,0.8934313410143169,0.12112436493332268,-0.6242486054732765,0.5689934747602265
2017-12-18,0.5348478579596971,1.3637654556442058,1.5336298959390149,0.6175310694331415
2017-12-19,-0.3235498043117957,-0.7564361195909086,-0.14756262801203235,0.09415888940260686
2017-12-20,-0.08282360735725192,-0.8288935380706519,0.10367504383843595,-0.25083994460608494
2017-12-21,0.1983687012658386,0.5090291130724012,-0.11198565076995237,1.0417010316885467
2017-12-22,-0.04582716381138496,-0.4882020347444893,0.16019697493323548,-0.14871395269775434
2017-12-25,,,0.15889349347766313,
2017-12-26,-0.10589757000589728,,-0.2028730278381019,
2017-12-27,0.07906283102423473,-0.0906579520062678,0.08087296158869606,0.3680969526421052
2017-12-28,0.18323190029194691,-0.731077861023266,-0.5568673360167864,0.02886072886241209
2017-12-29,-0.5196632292747694,-0.5790942712714298,-0.08360688581348086,0.8477769441684657
2018-01-02,0.8269078218397397,,,-0.5177367609814354
2018-01-03,0.6378433243936499,0.16880691354970168,,0.3002769986503395
2018-01-04,0.4020542855326603,1.6669972772014319,3.2048140768740296,0.3227673093981309
2018-01-05,0.7009145888585699,1.0799226326122735,0.8818160898984573,0.36705760097497375
2018-01-08,0.16609637672972966,0.24418536186328055,,-0.35926027683643724
2018-01-09,0.13020835172978806,0.17736935618675176,0.5695897070651768,0.4472540270345604
2018-01-10,-0.11128458115203799,-0.3605860284400464,-0.25941813065379904,0.2261055906915388
2018-01-11,0.7009025768881294,-0.404995584903034,-0.32746040268776255,0.18566868975238293
2018-01-12,0.6726926399094779,0.4819786920732483,-0.2390385235919723,0.20204228231932575
2018-01-15,,-0.02214845795265319,0.2578098161222897,-0.1222045841242192
2018-01-16,-0.35307132616031467,0.28200751014964,0.9941182480396549,-0.17005086626014077
2018-01-17,0.9371006206502663,-0.255155586451572,-0.34910299200916484,-0.39402427245072147
2018-01-18,-0.1617697497473536,0.2247783994446806,-0.44076047365013693,-0.31633981805061495
2018-01-19,0.4375647986989861,0.7747008152474422,0.1878918489166992,0.3862134307860643
2018-01-22,0.803436438221361,0.4432379434797795,0.03472813499385552,-0.1994005999977233
2018-01-23,0.21720049682221187,0.19107175353738626,1.2841946507109014,0.21233503568964807
2018-01-24,-0.05601325472319729,-0.7947558361561136,-0.7630177952652417,-1.1499151636778393
2018-01-25,0.060243939883264375,-0.35939551145638404,-1.1396364748685883,-0.36175065907624315
2018-01-26,1.1771638106083948,0.4743359743489606,-0.15902026539933445,0.6504730774020473
2018-01-29,-0.6754736284862339,-0.11987939288999883,-0.010753068116464704,0.07824216347511737
2018-01-30,-1.0958642805337426,-1.0011418806474381,-1.4380457433901483,-1.0944111330355
2018-01-31,0.048886585869478694,0.07039980802918677,-0.835014793936395,-0.7195023896292341
2018-02-01,-0.0648298352023069,-0.8888757777286926,1.6650607735522627,-0.5750840571455029
2018-02-02,-2.1436680516699447,-1.5229947912754227,-0.9049556553080151,-0.6294467020337535
2018-02-05,-4.184254093838113,-1.2713593586626715,-2.578441055158187,-1.4670308989737535
2018-02-06,1.7290573348937244,-2.4398614991472556,-4.840790158496944,-2.6748589707608517
2018-02-07,-0.5014138223752518,1.740335047774444,0.16242477903158914,1.9139605926898895
2018-02-08,-3.8259052245801506,-2.2606935972987685,1.1277634495684197,-1.5045121720769217
2018-02-09,1.4825645199524118,-1.5309216945144755,-2.3490767225492704,-1.097953166191168
2018-02-12,1.3818665678186015,1.2625950438312827,,1.1871640924312032
2018-02-13,0.26095219802773073,-0.81441307707113,-0.6471905956486168,-0.12687396832387066
2018-02-14,1.3313439808896987,0.8613130288567916,-0.4269450890520332,0.6396906808719294
2018-02-15,1.1996861776776058,0.5858415148852103,1.4585746278990896,0.2879106823620248
2018-02-16,0.037339964992089136,1.090615903611969,1.182221336378042,0.8245394541166462
2018-02-19,,-0.5562896543755969,1.9556867139037593,-0.6463879742348411
2018-02-20,-0.5858517106837269,0.797623899871347,-1.0169790832517123,-0.0124238935619303
2018-02-21,-0.5511664483310419,-0.143335611427986,0.20826976299339606,0.4790666523446063
2018-02-22,0.09730774855780666,0.053338332575947334,-1.0724689390084308,-0.4018196587466605
2018-02-23,1.5901278245120665,0.275552357621045,0.7166780309109555,-0.11036919761426844
2018-02-26,1.1688438620627295,0.6291433784982203,1.1844534490089487,0.6219945099321222
2018-02-27,-1.278831144146686,-0.14881511536923853,1.060674541129103,-0.09744783758716125
2018-02-28,-1.1157806083656574,-0.55299824950783,-1.4468668437951138,-0.6972427794346814
2018-03-01,-1.3413965854875975,-1.1640772317553782,-1.5700174085175433,-0.7815386604818286
2018-03-02,0.5058785485198669,-2.2133833106819267,-2.530450914067295,-1.4840073728368708
2018-03-05,1.0971617610525897,0.9152682967359382,-0.6610088110145185,0.6499448079669179
2018-03-06,0.26353829319969435,0.07567320158852198,1.7695763333497538,0.4318906944622114
2018-03-07,-0.048399182571667865,0.5790472727989382,-0.7735553181694499,0.15379671530286743
2018-03-08,0.4453148208884983,1.0579343382014272,0.5412846090411705,0.632275494372081
2018-03-09,1.7229546741207358,0.21247303628904035,0.4721547158764494,0.2952628606568197
2018-03-12,-0.1274797337997846,0.26101957239550444,1.639231056330992,-0.13435827087118213
2018-03-13,-0.6383910414315075,-0.9412895788257103,0.6579759233924065,-1.0589777102383735
2018-03-14,-0.5740969825188458,-0.18767853018317737,-0.8723742674693113,-0.08547958864042471
2018-03-15,-0.07822363990968029,0.6803708422168597,0.12234695766792925,0.09948656452021254
2018-03-16,0.17019979472321367,0.6792675427224282,-0.5861935270576879,0.33977190154494963
2018-03-19,-1.4306040541374188,-1.2473428316514656,-0.9064988551937603,-1.7062453113080522
2018-03-20,0.14807086617194543,0.5080183975987751,-0.46628794315122235,0.2609139570372676
2018-03-21,-0.1845692125629128,-0.32408202219613713,,-0.3163028245978694
2018-03-22,-2.548488697285478,-1.5661394872495293,0.9821116478326175,-1.2350410242090604
2018-03-23,-2.1189807311750464,-1.5082414191466498,-4.6164763281542065,-0.4425420075113706
2018-03-26,2.679504070603489,-0.588437623089888,0.716417046858453,-0.4807867978081859
2018-03-27,-1.7427285645321255,1.1592577875406462,2.619807186813894,1.6042032287545638
2018-03-28,-0.29209188994627766,0.43019376634276796,-1.3507596749699147,0.6351140157958568
2018-03-29,1.3675777493843633,0.903969399493576,0.6056825734987115,0.1687774165691991
2018-03-30,,,1.385599642214963,
2018-04-02,-2.259068234349648,,-0.30679895168930216,
2018-04-03,1.2535961315741417,-0.43438155925397126,-0.4512147054793303,-0.3705535893169909
2018-04-04,1.1500102346446717,-0.19678661814417353,0.1279537451065238,0.049770700305629134
2018-04-05,0.6839421401651613,2.6470048423338,1.5169352337965236,2.3256045114397494
2018-04-06,-2.216406705706575,-0.6390689662564952,-0.36054235604865426,-0.2210915409410319
2018-04-09,0.33309949675937034,0.19786168765492107,0.512144668117287,0.15578519685597314
2018-04-10,1.6588598996313486,0.698316904817986,0.5339495489288026,0.9957486979741859
2018-04-11,-0.5540685772460918,-0.5561025103677508,-0.49318040046646416,-0.13356892485560934
2018-04-12,0.8216898697656738,0.7069126484637422,-0.12374596388173842,0.016530127203573386
2018-04-13,-0.28907998267069246,0.1169485582012797,0.545413927106253,0.08676357210131158
2018-04-16,0.80763368015635,-0.2020590173968273,0.26041520449062716,-0.9182228549251548
2018-04-17,1.0605071613866812,1.0657750757923523,0.05521834254835767,0.3868463158779534
2018-04-18,0.0831020407552785,0.3725173872894061,1.4116985061574994,1.2541895720422858
2018-04-19,-0.5742581795832535,-0.12296099222997015,0.14873026699806502,0.1584042320036616
2018-04-20,-0.8573177188352155,0.21773597481598017,-0.13049481768359072,0.5348046400786899
2018-04-23,0.005623011118416343,0.5383032151817346,-0.33537072579541416,0.41578578130714305
2018-04-24,-1.3470888006475334,-0.06207843089356402,0.8568749193086589,0.3575214826522455
2018-04-25,0.1835374232824094,-0.7160483100717485,-0.2822837281065915,-0.6227785442323608
2018-04-26,1.0380144187376317,0.5778149752092787,0.4683481207376161,0.5688948770528057
2018-04-27,0.11130052713639316,0.3629995371850825,0.6620614157725413,1.0828631427672875
2018-04-30,-0.822119254892062,0.5028851359304198,,0.09458894719838185
2018-05-01,0.2545802171026956,,0.1785852793103615,0.14770886831794172
2018-05-02,-0.7231951201402076,0.4871452317738445,-0.1567335417842486,0.30272060108753607
2018-05-03,-0.225621758506378,-0.6966069339297221,,-0.5383539271749171
2018-05-04,1.2729810028334398,0.6065230326999682,,0.8546934017189756
2018-05-07,0.3451980554990186,0.38229910196534433,-0.025007335224103144,
2018-05-08,-0.026567661173348966,-0.1771973710049224,0.18467381511833025,-0.01718498080780506
2018-05-09,0.9635647934868707,0.33279323474424416,-0.444408534669094,1.2700235263110926
2018-05-10,0.9327011603848412,,0.393260690640318,0.5011889294783245
2018-05-11,0.17061392709614154,-0.11828500122970098,1.1547889661892796,0.3059863593033896
2018-05-14,0.08830995101263284,0.006169195987482112,0.47070973468024135,-0.17621732993227113
2018-05-15,-0.6865655043990948,-0.04067167139272243,-0.20943870084000338,0.15550087363038756
2018-05-16,0.4052339847514297,-0.04040727130991684,-0.44268660915705027,0.1449188356383857
2018-05-17,-0.08562387886099643,0.8198427720333967,0.5318290547796423,0.6932009566442687
2018-05-18,-0.2635665254550723,-0.5140975948698667,0.4019790858464489,-0.118202796967104
2018-05-21,0.7359604547933607,,0.31354472919957743,1.028278540174199
2018-05-22,-0.3140688592875307,0.3767626682135372,-0.1828843839634331,0.23257497072677324
2018-05-23,0.32431452068992783,-1.2745153622889305,-1.1855522635642046,-1.1375159928643797
2018-05-24,-0.2025262957722873,-0.5679871198893238,-1.1201033139224492,-0.9248597901052591
2018-05-25,-0.2360003054185711,-0.1818898640815192,0.061394399670078315,0.17608095926391343
2018-05-28,,-0.9351372759926591,0.13487433234917745,
2018-05-29,-1.1631572511792143,-1.5772787317557047,-0.5471087268356101,-1.271908620952722
2018-05-30,1.2615875351923656,0.37995160643227166,-1.5319521054809826,0.7440219057087916
2018-05-31,-0.6903333243434062,-1.0087949709403077,0.8290385454259308,-0.14836091330518997
2018-06-01,1.0790799709239352,1.367042818204034,-0.13733843206651386,0.3068872288260138
2018-06-04,0.44695948983521916,0.4630883431071098,1.3644482146032644,0.5115564509550197
2018-06-05,0.0702346269576104,-0.3690262591579341,0.2825679245875179,-0.7065060257238187
2018-06-06,0.8530900637311767,0.11651508802064114,0.38167163298723494,0.332486385354791
2018-06-07,-0.0714443621984806,-0.030345644601048605,0.8692406128133712,-0.1037828968321719
2018-06-08,0.31210289077518993,-0.36107884032201554,-0.5657576723235636,-0.3028802768776373
2018-06-11,0.10681370069400842,0.9504171647154891,0.48150677535794273,0.7302922451023264
2018-06-12,0.17418672787039569,-0.13341077183781636,0.32533593176484743,-0.4352012968674046
2018-06-13,-0.4034254541411819,0.11444718078816862,0.3840413382125263,-0.0012929985397036603
2018-06-14,0.24685005225038026,1.357300335170919,-0.9967111636388637,0.8028694263252589
2018-06-15,-0.10176203154941277,-0.628263702535925,0.4963367642606187,-1.7130610391813406
2018-06-18,-0.21283911808867018,-1.1007550571587643,-0.7529668378019494,-0.034065688380024994
2018-06-19,-0.403151795139145,-0.908440928623655,-1.787682131175039,-0.35969245447375897
2018-06-20,0.1710690224112632,0.12509416274415486,1.2354610181741776,0.3085753540188918
2018-06-21,-0.6365728843220175,-1.054795902361505,0.6082406898938686,-0.935214088689662
2018-06-22,0.18602032551342518,1.1129252983840487,-0.779519516436622,1.652408269069916
2018-06-25,-1.3819722967770787,-2.1258223982238533,-0.7967036469665345,-2.271014781232239
2018-06-26,0.22021505056963875,-0.014544236589131287,0.017231855089505643,0.37348074279588417
2018-06-27,-0.8641586313141048,0.8398081452664741,-0.31483789646085114,1.105585187155178
2018-06-28,0.6159680019031555,-0.9348434103404912,-0.0061914655491435155,-0.08006796302293395
2018-06-29,0.07581158875167304,0.8898015733613818,0.15308681338304098,0.27929609616119677
2018-07-02,0.30632608342937573,-0.6912200444457284,-2.2331836173362873,-1.172238294850203
2018-07-03,-0.49596292805338393,1.0070122703918827,-0.12106495620027857,0.5996887866293932
2018-07-04,,0.16690037734150565,-0.3149241243441736,-0.26637460577738636
2018-07-05,0.858385674553741,0.8431424110693087,-0.7861020185933043,0.3966729248075396
2018-07-06,0.844551760058021,0.21975964567477746,1.1129671243820027,0.1905275511200344
2018-07-09,0.878429078534193,0.3459280440479162,1.2045635306662916,0.918615916251575
2018-07-10,0.3467249318822141,0.3712314971856756,0.6540768083578286,0.05201560585419429
2018-07-11,-0.7119486371916395,-1.4780568510508019,-1.1995841840242605,-1.308576641890724
2018-07-12,0.8710991580171523,0.6738648496746436,1.1593466376266903,0.7780481207376511
2018-07-13,0.10786555366086858,0.26231926467730204,1.8282783811923053,0.13844395099820161
2018-07-16,-0.10286646208985673,-0.15817678212926012,0.0,-0.804594742304765
2018-07-17,0.39658243434432805,0.243823309108393,0.44159651486701534,0.33887395523528596
2018-07-18,0.21581820767373472,0.7945237332899424,0.42570643055110935,0.6534860639529683
2018-07-19,-0.39608268490489706,-0.38639480460354036,-0.12954566392266997,0.10026101124900322
2018-07-20,-0.09488977712743818,-0.3349805824132801,-0.29386323775835166,-0.06769853903225709
2018-07-23,0.1836362343230924,-0.17297982934216805,-1.3344980620585645,-0.29997545202427034
2018-07-24,0.4769518886053703,0.8435538250880725,0.5054414074548319,0.6937956915988863
2018-07-25,0.9060435070372463,-0.42752137688104597,0.4599239179569281,-0.6611460408068481
2018-07-26,-0.3036902748867476,1.1697397614639726,-0.12115126016620792,0.0639675069947998
2018-07-27,-0.6583834644844799,0.5093473621970546,0.5557714867466146,0.4959443843500111
2018-07-30,-0.5770789315587166,-0.4224708092248619,-0.742023281640769,-0.005192795203967648
2018-07-31,0.48728372193025393,0.37454735733177813,0.03938422593581237,0.6200774996237612
2018-08-01,-0.1040893067570714,,0.8519995325464436,-1.2453319250784745
2018-08-02,0.4914349582208821,-1.6092539852659016,-1.0348033723193595,-1.0112504881860218
2018-08-03,0.4633432065348053,0.37947921399741347,0.0561768848502453,1.092235279870657
2018-08-06,0.35319826508013463,0.025845112356037703,-0.07931771914204688,0.0613422682203435
2018-08-07,0.28202017464860063,0.6030660210518235,0.6881573030112165,0.7112125830182947
2018-08-08,-0.026241439329499627,-0.3078043405114528,-0.08135461566656232,0.7512064157989329
2018-08-09,-0.14427146770401578,0.01516329791630966,-0.20299379327024525,-0.4497915322335899
2018-08-10,-0.7139312263245046,-1.96092510456225,-1.337811285108259,-0.9708788898654674
2018-08-13,-0.4014037665980297,-0.4856707874479227,-1.9959684399793787,-0.3200629793905563
2018-08-14,0.6368930016417806,-0.007038745144427594,2.255742814477557,-0.40513625072140513
2018-08-15,-0.7631208581378779,-1.4880887533243126,-0.681593078354048,-1.5050443965172633
2018-08-16,0.7888214552638217,0.5486422444691996,-0.05487687924610185,0.7771905066446649
2018-08-17,0.3317606375262905,-0.13688224305994368,0.35239592485165616,0.02911274003363218
2018-08-20,0.2425074902128621,0.6127158426870949,-0.3210340207193241,0.4316828232788339
2018-08-21,0.2066399954626874,0.5287041944805893,0.0933411200021439,-0.3377928840381017
2018-08-22,-0.03982310542438583,0.24942106791403518,0.6407065635295695,0.11228608740836421
2018-08-23,-0.16926939235348826,-0.026900503211635396,0.21561722412926088,-0.14533541628480862
2018-08-24,0.6179705928285095,0.23894534858825978,0.8484309160804671,0.18889230689289604
2018-08-27,0.7641141407110474,0.830113754667039,0.8716572718723725,
2018-08-28,0.026924207759826402,-0.24450924058445622,0.06064080325209886,0.5225543793686782
2018-08-29,0.5685242468912222,0.24797771919597977,0.15220639287996107,-0.7114466862615743
2018-08-30,-0.4440172044458457,-0.7300585644340885,0.09308993573782232,-0.6260325329671801
2018-08-31,0.01344684673050267,-1.1163862281634351,-0.019021067619284793,-1.118527331401964
2018-09-03,,0.06158284797663782,-0.6923914788982799,0.9667370639233397
2018-09-04,-0.16556920488790539,-1.0550301003110718,-0.046165113278284764,-0.6242318724522633
2018-09-05,-0.28070628012661913,-1.310584146679794,-0.5127048796675027,-1.0053193465033416
2018-09-06,-0.36589910366187084,-0.5950242937167616,-0.4122178506401397,-0.8746960067787413
2018-09-07,-0.22157978950136936,-0.07860743720744523,-0.8075896386976922,-0.5658801556991833
2018-09-10,0.18960282146931462,0.48222990792314846,0.2955645599495682,0.021977184604438094
2018-09-11,0.37328656897148704,0.0718895787020557,1.2949292289095027,-0.07970706767626012
2018-09-12,0.03566083498940387,0.4501243021628909,-0.2654342565710621,0.5470662323270759
2018-09-13,0.5268352159391476,0.2125987682159547,0.9541360322524284,-0.4357636863037584
2018-09-14,0.02754439007661702,0.3279261156992064,1.190665113970546,0.30715116010551213
2018-09-17,-0.558529099154903,0.04424696328619859,,-0.02601519011609099
2018-09-18,0.5354652867625376,0.36840147413919055,1.4011523500279566,-0.026021959778255166
2018-09-19,0.12524880331721278,0.3002846792899305,1.0701486845057673,0.42238143793689176
2018-09-20,0.7810014185328562,1.0207321598810992,0.01018072268657022,0.49256763269980297
2018-09-21,-0.03686009370067467,0.8103709645052248,0.8202825540564618,1.6544263017967964
2018-09-24,-0.35218823140139577,-0.5955103931796657,,-0.42546246111712094
2018-09-25,-0.13059484931181586,0.2734932038078952,0.29420560620696534,0.6574952900722408
2018-09-26,-0.3294699681159585,0.3901948551492396,0.3899167056248487,0.05193257127302786
2018-09-27,0.27594762285110264,0.4835192310162384,-0.991211146700266,0.450291359360655
2018-09-28,-0.0006870144138027001,-1.4773275494704308,1.3494385009657606,-0.46759705277548136
2018-10-01,0.3634492342198037,0.4391367923750167,0.519875570449102,-0.19325737390580855
2018-10-02,-0.03967689102788441,-0.739952436156166,0.1024782876875463,-0.28189296427925115
2018-10-03,0.07112667367188408,0.48539540779497514,-0.6599982159446682,0.47647665055823296
2018-10-04,-0.8203035421010085,-0.8966842199143343,-0.5629102923682794,-1.2325491621059115
2018-10-05,-0.554331458462265,-0.8799899649753584,-0.8036102293004888,-1.3544505147001118
2018-10-08,-0.03951947083491447,-1.075556643104214,,-1.1710052370961677
2018-10-09,-0.14189098341548245,0.3640221207591665,-1.3304297040267699,0.05943366513978532
2018-10-10,-3.341638904260158,-1.6662312885351582,0.15603239897608034,-1.2778868697587598
2018-10-11,-2.0787579972541437,-1.782294254329564,-3.971199748736609,-1.961544061815168
2018-10-12,1.41062354083763,-0.4616170866588831,0.45842893760141834,-0.15711146936521203
2018-10-15,-0.5922482291300213,0.4983852073330297,-1.8830772268513485,0.4748679911523723
2018-10-16,2.1267828034901015,1.4524706571801715,1.240248375300368,0.42871191000166675
2018-10-17,-0.025269426266483208,-0.4387418744080662,1.286100984692773,-0.0680148061857011
2018-10-18,-1.4496490575340637,-0.9757350650023255,-0.8042323893239001,-0.39200279525317683
2018-10-19,-0.03612351352799692,-0.023979145405128577,-0.5579983846468295,0.32393477127019565
2018-10-22,-0.430879709647769,-0.6477220407347772,0.36653823980774547,-0.09934292848345905
2018-10-23,-0.5527076180694479,-1.5527057593594407,-2.707315599452542,-1.2516181304031093
2018-10-24,-3.135077386114027,-0.33836442605537087,0.36461182926093016,0.11208066265133709
2018-10-25,1.8453717978713868,1.0824978042290212,-3.7940478736270933,0.5885289859680398
2018-10-26,-1.7479138010003226,-0.9369381820754086,-0.39634567820421296,-0.9251555777737508
2018-10-29,-0.6581208295194152,0.6372235591365794,-0.16439980555542633,1.24160736406278
2018-10-30,1.554532297187805,-0.24753978986993275,1.443391796138016,0.1365376590813483
2018-10-31,1.07928787545708,1.588149578731013,2.135608594628202,1.3019132677181133
2018-11-01,1.0502498868529386,0.2093172975007107,-1.067749790827044,-0.1881639287461212
2018-11-02,-0.6336721055880012,0.3178240793070941,2.5314039091218987,-0.2899627226087276
2018-11-05,0.5584693697194609,0.09204933233597501,-1.561650347225374,0.13663582088927484
2018-11-06,0.6239787744408254,-0.309744075909002,1.129538345605141,-0.8922199860707636
2018-11-07,2.0987078560773753,1.200588094220123,-0.2801007749026141,1.0820787793573317
2018-11-08,-0.25120689884907677,-0.2640387495290497,1.799889991599457,0.32824255344738873
2018-11-09,-0.9241585915372497,-0.2508117735532167,-1.058055885887832,-0.4969881158212175
2018-11-12,-1.98981509854681,-1.1025106105629234,0.088188692478397,-0.7373706620239062
2018-11-13,-0.14830188221734986,0.9578035032960841,-2.084273071738707,0.009920068004554139
2018-11-14,-0.7596188818451033,-0.60527138635873,0.164743091065489,-0.2839378459260189
2018-11-15,1.0538032742642756,-0.4706332946133429,-0.19638599812594748,0.059696634339978516
2018-11-16,0.22208375374832556,-0.3004238071863341,-0.5670119742665847,-0.34301584061733337
2018-11-19,-1.678316123572099,-0.6437393806280056,0.6474296490514675,-0.1855182223032159
2018-11-20,-1.8317995556586197,-1.4103862854419447,-1.0968660513016815,-0.7599256681382727
2018-11-21,0.3038669310766906,1.2070310680915242,-0.3507960137191901,1.4616571330426709
2018-11-22,,-0.8674409612220657,0.6442596754260066,-1.2833464114486048
2018-11-23,-0.6576419711855408,0.33653419948365126,,-0.10637241177189338
2018-11-26,1.5412975845366716,1.125224250136192,0.7614152570939225,1.1881002188285805
2018-11-27,0.3256384364612508,-0.1984512462472665,0.6416213682175709,-0.27183157284618176
2018-11-28,2.2714051303114324,0.059043500124289494,1.0180105737985556,-0.17687114928186531
2018-11-29,-0.21854945453938512,0.18509802262460795,0.3851526433978236,0.4913314971961569
2018-11-30,0.8137547716617455,-0.032455720132418264,0.39656487775694416,-0.8388516986149952
2018-12-03,1.0882001794362495,1.3105798706529725,0.9958685939608358,1.1707325612807296
2018-12-04,-3.290022883855581,-0.8038464791047417,-2.415267355962847,-0.5622952150934779
2018-12-05,,-1.2297609786401154,-0.5310884592054421,-1.4486147906410451
2018-12-06,-0.1523387914144081,-3.36786325721139,-1.9240658319123582,-3.1956529092347807
2018-12-07,-2.359633545632267,0.41248808831433337,0.8201033529575241,1.0977546995317056
2018-12-10,0.17606032229169344,-1.367477557721486,-2.1408704462388073,-0.8385497186104374
2018-12-11,-0.03564096753061463,1.26247134457671,-0.337430830804486,1.2625445339566
2018-12-12,0.5404871010351364,1.7085414693349676,2.1274359477622795,1.0710960426058236
2018-12-13,-0.019995031241482053,0.13504364476322195,0.9831708241133441,-0.03925358612022478
2018-12-14,-1.927121226870021,-0.6308014333837875,-2.0438264412401708,-0.4707508562665552
2018-12-17,-2.09922848285764,-0.9405208923757513,0.6158858672858258,-1.0574027608804215
2018-12-18,0.008639685378852846,-0.7706744597994586,-1.8367960879238865,-1.0627359215581222
2018-12-19,-1.5515459175936108,0.3693669787407927,-0.6057932630545437,0.9548957604900821
2018-12-20,-1.5897809484104464,-1.696160090327048,-2.877591736603158,-0.8013220219156736
2018-12-21,-2.080312049854083,0.01833291330619602,-1.116370041956749,0.13846832655346475
2018-12-24,-2.748657287831424,,,-0.5250951082913957
2018-12-25,,,-5.140499075474203,
2018-12-26,4.84031776708056,,0.8903792907030805,
2018-12-27,0.8526228968816163,-2.13043818010874,3.809950434014553,-1.5266982265460527
2018-12-28,-0.12423539102313086,1.6600932821910774,-0.31352415228891317,2.242051500643605
2018-12-31,0.845662586220719,,,-0.08765204059812959
2019-01-02,0.12676930626263072,,,0.09062489977189614
2019-01-03,-2.5068331818915546,-1.0728632882717193,,-0.6181639983127596
2019-01-04,3.3759399060347306,2.9082359790733037,-2.288356556668525,2.1390118782479206
2019-01-07,0.6985975995229765,-0.2702731825454663,2.4092000767916844,-0.38832724486486114
2019-01-08,0.9648587336497094,0.6996750080739744,0.8203625230139622,0.7416409245037059
2019-01-09,0.4089671332821787,0.4995797942399349,1.0977981217379806,0.653682538012923
2019-01-10,0.4508241374462152,0.17865338492537575,-1.2971562976154871,0.5242050299472112
2019-01-11,-0.01463085444823875,-0.18516615538501924,0.9668462177884862,-0.3563892187559148
2019-01-14,-0.5271394587249567,-0.48521152374156884,,-0.9177335404123355
2019-01-15,1.0664618879761,0.42037082327599506,0.956086470371531,0.5818198230986837
2019-01-16,0.221952052908847,0.2984385926703581,-0.5489986727827301,-0.46955324762869566
2019-01-17,0.7562730706236032,-0.25607378618737187,-0.19821502091712517,-0.4059153565883378
2019-01-18,1.3096912839855257,2.113778588295112,1.2847093919829078,1.9329439352560485
2019-01-21,,-0.3146925685088675,0.25738446178937835,0.033005373533612214
2019-01-22,-1.4258476827971656,-0.3934046437551686,-0.46644834023954473,-0.9977042868388963
2019-01-23,0.22004899194500993,-0.021531680696007527,-0.1416392237613806,-0.8512671303821051
2019-01-24,0.13747801109778024,0.4546072523249123,-0.09274039107083354,-0.34987705802649316
2019-01-25,0.8452867700517785,1.1743401598662828,0.9622245404242946,-0.1438165896619381
2019-01-28,-0.7877775848708524,-0.8243814465920707,-0.6014158500951439,-0.9161870230530056
2019-01-29,-0.14573079351150042,0.5134552163591266,0.07571652127786876,1.2782709165941597
2019-01-30,1.5429609891559615,0.2634952491783693,-0.5244964415823006,1.5636802988096221
2019-01-31,0.8560648809768701,-0.07308959338665488,1.0498572987215127,0.392506951386018
2019-02-01,0.0898206584806438,0.36932648015568503,0.07170219901162511,0.7334356402612485
2019-02-04,0.6753381117479584,-0.18686454201937153,0.457759196751617,0.19780290140456458
2019-02-05,0.4697370437350301,1.5623582115390278,-0.18845915457514906,2.0167422386299094
2019-02-06,-0.22269157175083265,-0.07125432366255069,0.1419577701316399,-0.05992550526006113
2019-02-07,-0.9401193202230651,-1.9483571527738164,-0.5899368344010725,-1.1144948979151081
2019-02-08,0.06759725660128169,-0.48167376277081786,-2.0354358793884586,-0.31627584650273377
2019-02-11,0.0708851803818078,0.9518844927248082,,0.8154788562718451
2019-02-12,1.280785290283859,0.7910194903747225,2.5781756967232283,0.05609232867431757
2019-02-13,0.3019431593711097,0.3635198391656047,1.334360487777353,0.8056467793776889
2019-02-14,-0.26551633836984223,-0.6173899761014567,-0.02255940630107034,0.08618684969849966
2019-02-15,1.0820004664958027,1.8241760359433812,-1.1373963451495328,0.55010558472528
2019-02-18,,0.10915872836712026,1.8075235255794908,-0.2379629943783712
2019-02-19,0.14976213265915916,-0.16594578292732365,0.09769180290621904,-0.5597714984224567
2019-02-20,0.1775533560740783,0.6179551101347158,0.6029850243407964,0.6857409864258202
2019-02-21,-0.3532669325841731,0.12907677255533656,0.15265038188427837,-0.8502440122232002
2019-02-22,0.6390638694711015,0.20966752621038864,-0.1805593292619534,0.15614383923168162
2019-02-25,0.12311044497517187,0.28882927350686316,0.47828616731564466,0.07102062715009794
2019-02-26,-0.0790769672840419,0.28344031175144835,-0.366888302238344,-0.4548393167983278
2019-02-27,-0.054419743629807726,-0.19932931257056197,0.4981612345209996,-0.6157822483865871
2019-02-28,-0.282950759895062,0.4707475507837344,-0.798061738760758,-0.45833147883076464
2019-03-01,0.6871656588713471,0.4187399139759407,1.01205878207562,0.45129611223231336
2019-03-04,-0.3888107395255247,0.15145131186198313,1.0102606624700528,0.3890112670070778
2019-03-05,-0.11321734897071778,0.30311143940568996,-0.4397869932777354,0.6844653783335986
2019-03-06,-0.654547360412483,-0.07576887377673813,-0.5976911429423026,0.17525211019577824
2019-03-07,-0.8158911138330893,-0.47696710535571896,-0.6540862234631462,-0.5350573193322106
2019-03-08,-0.2133964131454391,-0.7660315277387753,-2.0265915213098395,-0.7474535859168796
2019-03-11,1.4559535563489767,0.6326589740568878,0.472255972007396,0.369518901789867
2019-03-12,0.29489657278052306,-0.014829337954935795,1.776309668975351,0.2884806049660682
2019-03-13,0.6925546757019063,0.5884677719810938,-0.9975760134038225,0.1118068064487332
2019-03-14,-0.08683993315958816,0.55750302463764,-0.015128747828541123,0.36529057605427795
2019-03-15,0.49725194084304647,1.3094517642622705,0.7666778148085029,0.5952674177079231
2019-03-18,0.3699096798908563,0.054911657261769165,0.6211211086435853,0.9760929760536996
2019-03-19,-0.013057007992678393,0.6196943380739839,-0.08180690416015324,0.3391846946263044
2019-03-20,-0.29486967407699183,-1.0800301350769814,0.19487933288182546,-0.45159159879712973
2019-03-21,1.0794015494688836,-0.1477787563924693,,0.8780404422491728
2019-03-22,-1.9156827134272802,-1.8483583777161527,0.0852059039761599,-2.028507682719649
2019-03-25,-0.0839372833310037,-0.15894139412075958,-3.052643438469005,-0.4170959470139124
2019-03-26,0.7157052947934339,0.5755308944793924,2.128489405833456,0.2601898956839932
2019-03-27,-0.4655143276599105,0.07558483488967482,-0.23201830564119064,-0.029180492545854975
2019-03-28,0.35830547152615466,-0.052692354035599465,-1.6267769656931108,0.5558403523245659
2019-03-29,0.6711706043324384,0.9418511433491261,0.8146471732008109,0.6187416387856359
2019-04-01,1.1502195518044545,0.9995473708729108,1.419758774453328,0.5234067383343088
2019-04-02,0.0017455554858436528,0.3043785526690712,-0.01729074547114351,1.0021526617506993
2019-04-03,0.214607242008924,1.1670046153357205,0.9620967452804052,0.3673307196082831
2019-04-04,0.2082465242994047,0.18523836101085323,0.054045942523828217,-0.22131832717633415
2019-04-05,0.462571762309949,0.16082794830225566,0.37926136333599203,0.6061114481436647
2019-04-08,0.1046911750523627,-0.2733244333404272,-0.21046830561939345,0.0671195029568139
2019-04-09,-0.6085976435669771,-0.6080029408202847,0.18794986418377846,-0.3535517672037969
2019-04-10,0.34718377544997736,0.2171901745917637,-0.5289463134129591,-0.04984267235705886
2019-04-11,0.003812234034228368,0.31166792416659206,0.10972868523833057,-0.052559686509923154
2019-04-12,0.6587578389545712,0.3629142863418977,0.7304878589559749,0.2571521976424407
2019-04-15,-0.0629567244356366,0.07624738667164621,1.3558385072142798,-0.0026918826476318714
2019-04-16,0.05092283251393326,0.37317029737593543,0.23676456323578066,0.44275168836165335
2019-04-17,-0.22764008207385444,0.4140529338952703,0.2530833440360425,0.01873882118292869
2019-04-18,0.15778468242499954,0.6163162229972485,-0.8467918527104601,-0.15269911035318273
2019-04-19,,,0.49871275822450656,
2019-04-22,0.10115058169324342,,0.07807494570890583,
2019-04-23,0.880235117499506,0.13194530995637166,0.188138828874429,0.8436303830784198
2019-04-24,-0.21941686030357843,-0.034831038110105794,-0.2687387286295362,-0.6842392206978687
2019-04-25,-0.03690417402726354,-0.30623755942915665,0.4834245647490576,-0.5058371203855216
2019-04-26,0.46743503233042105,0.24283735487511393,-0.2192222256640619,-0.07939420597580238
2019-04-29,0.10709485042346145,0.0437004535115193,,0.1681362120450558
2019-04-30,0.09509646987915232,0.3614360735012312,,-0.3028490211997692
2019-05-01,-0.7530445850291834,,,-0.44449548815421736
2019-05-02,-0.2126244648682274,-0.7336365298447944,,-0.46143698315361803
2019-05-03,0.9592127478916801,0.3876204074485301,,0.39778075873080354
2019-05-06,-0.4481013189072236,-1.1350470561675152,,
2019-05-07,-1.6649488088905429,-1.8004288803766144,-1.5165124487422688,-1.6406252363481144
2019-05-08,-0.16067153894203656,0.4722539169851103,-1.4755980105380928,0.14451366792656017
2019-05-09,-0.30259986619283197,-1.9666811212395885,-0.9322717737532571,-0.8785571219544153
2019-05-10,0.3713394069919218,0.3081187663463325,-0.26767213463063655,-0.05690352099811946
2019-05-13,-2.4426469138497886,-1.2053735769100626,-0.7224025464697803,-0.5512592699464136
2019-05-14,0.7983987523216385,1.3043957744590884,-0.5870968244035879,1.0815555403603128
2019-05-15,0.5821994327722457,0.6340655172744292,0.5742664313970636,0.7621114840949517
2019-05-16,0.8855957116499447,1.5468479301926408,-0.5944419772577092,0.7713085574748035
2019-05-17,-0.585443717404388,-0.37645119214939626,0.884410387756418,-0.06665581777607343
2019-05-20,-0.677225797540526,-1.6440815185257307,0.24271887770268563,-0.5143460339883887
2019-05-21,0.8459949093190922,0.4952426425164802,-0.13755405192465986,0.2459051258972167
2019-05-22,-0.28283923638996455,0.006199728583489161,0.05132046585227812,0.07229430562833983
2019-05-23,-1.1985692241282209,-1.7730797968082967,-0.6232141920817114,-1.417102696302841
2019-05-24,0.13526437720372542,0.7038169889115764,-0.16049796155126472,0.6437565869283901
2019-05-27,,0.3973379597972837,0.30902947913507006,
2019-05-28,-0.8410950000260264,-0.45226227662293894,0.3654837952273837,-0.11961745595989726
2019-05-29,-0.693591016723083,-1.5361391919796574,-1.2151127303344111,-1.1581485371959133
2019-05-30,0.2096272674997124,,-0.29008741584082287,0.4568396271032782
2019-05-31,-1.3283205250453456,-0.5284139046233705,-1.6433171392929324,-0.7858231171695707
2019-06-03,-0.2769070654307981,0.601463351377518,-0.9280680455981738,0.322024596060011
2019-06-04,2.1205927081077824,1.003067625219245,-0.01147393511260475,0.4097484158616993
2019-06-05,0.8128726978813283,0.1936021905338592,1.7849874028792456,0.08175400538483757
2019-06-06,0.611684067600482,-0.04612027867096913,-0.0099183634162614,0.5483360782756463
2019-06-07,1.0442979247259565,1.1901650559927646,0.5313272019126458,0.9868636535959041
2019-06-10,0.46492200747660917,,1.1885630136683645,0.5929018816308584
2019-06-11,-0.03499414579515303,0.6702667452184841,0.3300027619530965,0.31135804224859953
2019-06-12,-0.20396578272370292,-0.4263645373683289,-0.3522401419157717,-0.4185255042816749
2019-06-13,0.40890105028497103,0.11421110927809508,-0.4635526087705344,0.01357201976475153
2019-06-14,-0.16128117861526903,-0.33413846762755384,0.4028136376858171,-0.3099047377817854
2019-06-17,0.09313154323526973,0.11889329418117711,0.03366110402485134,0.15642963253448272
2019-06-18,0.9670489592970455,2.038657902562946,-0.7187721343150599,1.158100231496384
2019-06-19,0.29807167930240297,0.05240782027069457,1.7073796841421185,-0.5321132011138374
2019-06-20,0.9427605335873501,0.3865540594222949,0.6028060061941787,0.2818998822750274
2019-06-21,-0.1260016279728049,-0.03345800319607406,-0.9560540033968223,-0.22788597238019292
2019-06-24,-0.17333884605870153,-0.3279127510980473,0.1285690466222178,0.12412401846297882
2019-06-25,-0.954177564038794,-0.3249299779783499,-0.4339937122528781,0.07682012081637879
2019-06-26,-0.12346956788036323,-0.040949405724788335,-0.5071897710571704,-0.08086907844244706
2019-06-27,0.3815885792590734,-0.016558926715859457,1.1860198079418183,-0.19030147300735933
2019-06-28,0.5740941840599589,0.9054354074669035,-0.2921570987744815,0.3142766312189238
2019-07-01,0.7643018610953511,0.6856772364127295,2.1116532949198685,0.9636128984958248
2019-07-02,0.2923847276989022,0.2966182650226301,0.11175925127435704,0.8195758682973064
2019-07-03,0.7643095660683663,0.9264276643619951,-0.5351608699843524,0.6605767419905817
2019-07-04,,0.099368503401287,0.29666915430652807,-0.07493255506219043
2019-07-05,-0.18075342045484888,-0.4572865691242711,0.20222250181252122,-0.666374424804772
2019-07-08,-0.48471730101233845,-0.11968595588385256,-0.9798029930429664,-0.05032700860176931
2019-07-09,0.12357930584538934,-0.39837942293736717,0.14292874160251046,-0.16969345907718036
2019-07-10,0.45005469360823724,-0.2347644357083567,-0.14696488934227148,-0.07698583544080151
2019-07-11,0.2282619578949152,-0.13689250342654447,0.5097577021961897,-0.2779216658749917
2019-07-12,0.46095343020660096,0.025732229004660212,0.195576574911982,-0.05061075424599437
2019-07-15,0.017585372838446744,0.13114820016397744,,0.3418105162481311
2019-07-16,-0.340958455501017,0.5450264362689694,-0.6971170334990617,0.6022958173018012
2019-07-17,-0.6552665466093899,-0.5632991618021777,-0.30727236689056525,-0.5518577170734673
2019-07-18,0.35755977088189894,-0.536911338918955,-1.989647079644996,-0.5642576762246776
2019-07-19,-0.6195889464843951,-0.0761207181556145,1.9794484376568278,0.2079764158256836
2019-07-22,0.2824701686249931,0.2794793985421151,-0.2341267287059523,0.08253291278883523
2019-07-23,0.6824145139276538,1.2231814016896436,0.9484404111468336,0.5573336862420675
2019-07-24,0.46771928134763385,0.0008430830940042711,0.4093637364956493,-0.7358039718981857
2019-07-25,-0.5276296483600618,-0.646029199115361,0.2161705984461193,-0.16543574094534108
2019-07-26,0.7360535770782661,0.40713182512082113,-0.45330524669164873,0.7979720658070732
2019-07-29,-0.16174219290565617,-0.025252164121702947,-0.1911018769025219,1.8050202019496808
2019-07-30,-0.25819853720445707,-1.7385562757755935,0.4270399690883053,-0.5191331682048883
2019-07-31,-1.0945206952139408,0.11544512263181872,-0.868742923742083,-0.7877364746692095
2019-08-01,-0.9039527568805994,,0.09038458054337895,-0.02504534614278242
2019-08-02,-0.7309388539565198,-2.651927302844115,-2.129331069923701,-2.3720403056175954
2019-08-05,-3.0230182169694864,-1.9498059790405975,-1.7550963669210162,-2.504405311272251
2019-08-06,1.2933023911166686,-0.5837125946428046,-0.6535627002724809,-0.7252206988489718
2019-08-07,0.07665823338589561,0.555319518645625,-0.334534960514965,0.37577285304841723
2019-08-08,1.8588462466865074,1.9562710574678732,0.37357975979510627,1.2040478840791735
2019-08-09,-0.6638593133657444,-1.2413081905490841,0.4431923848366992,-0.44017183313158625
2019-08-12,-1.2393809115915033,-0.2159048376892514,,-0.37567143401116
2019-08-13,1.5018346267301474,0.9159606706370838,-1.115127797710258,0.3343058159650525
2019-08-14,-2.973035245453559,-2.060301721987301,0.9714921262215626,-1.4306992015146847
2019-08-15,0.24612366981804357,-0.18017017457250262,-1.2151913879474563,-1.1382531901123372
2019-08-16,1.4323058172244885,1.400537969310811,0.06447191905856187,0.707835538415047
2019-08-19,1.2033175564397425,1.1976328987783447,0.704457125196889,1.0135056317665203
2019-08-20,-0.7946215312115257,-0.5643347633176532,0.5531512334750133,-0.9039747255817687
2019-08-21,0.8212979557352895,1.3242333887616198,-0.28405040134806825,1.1026701158995067
2019-08-22,-0.05062029592783901,-0.6270178828870598,0.04577084098560391,-1.0577651777463615
2019-08-23,-2.6288881122837893,-1.1753382905183685,0.4010772507442084,-0.4668464924240112
2019-08-26,1.0923112730798046,0.4366276940151792,-2.196083820481931,
2019-08-27,-0.3208321800556746,0.6438148362438056,0.958036872619239,-0.07613753743402896
2019-08-28,0.652415153056296,-0.15113427318595996,0.11403230095705652,0.3534158425848588
2019-08-29,1.260748244109422,1.3561418389800295,-0.09032768800754098,0.9734968743943639
2019-08-30,0.06425807598766653,0.45129437109796555,1.1827548831782053,0.31824910472710854
2019-09-02,,0.16853120941799915,-0.40740812146609073,1.0311250302327934
2019-09-03,-0.6923009332685304,-0.3443624202901674,0.024103096209238117,-0.18831088429198672
2019-09-04,1.0783725278421308,0.875790537508081,0.11620049761909002,0.5912374899649464
2019-09-05,1.2925912921759597,0.9767138822958543,2.0932739406978484,-0.5499703130253053
2019-09-06,0.09101908043769313,0.3005777539085486,0.5374471468979181,0.1525352874169883
2019-09-09,-0.009401467889968984,-0.004861710191406132,0.559057087450654,-0.6405818979036582
2019-09-10,0.032225242593053594,0.11352489126998933,0.3450192664375962,0.44402499552571584
2019-09-11,0.7203672326387078,0.5082839005936535,0.9567918023851263,0.9585175399166701
2019-09-12,0.2875016278233389,0.6247480101261971,0.7465875553073431,0.09126653392694806
2019-09-13,-0.07246768769650913,0.3173947443244174,1.0454525977229068,0.30994443573533204
2019-09-16,-0.31405129163566414,-0.8958081336860602,,-0.6276882451615506
2019-09-17,0.2578425372462334,0.0798345033700798,0.05924694747836412,-0.013659522939590829
2019-09-18,0.0342633284267535,0.19236041424139927,-0.18474754416875072,-0.08609525541221075
2019-09-19,0.0019974521929810862,0.6951289374738323,0.3805843770496864,0.5766663973103547
2019-09-20,-0.4907599104880589,0.5261069280614095,0.15701656237467887,-0.15644878341944946
2019-09-23,-0.009694061782816732,-0.9684425535992247,,-0.2562853926468378
2019-09-24,-0.8451988963551926,-0.13919673889173367,0.08941116732010812,-0.47477695221225247
2019-09-25,0.6139685241963733,-0.5399531454839845,-0.3567150387970841,-0.019201206433194784
2019-09-26,-0.24318710096125074,0.5436303420893296,0.12748297433109457,0.8346429154780566
2019-09-27,-0.5330534579129242,0.3871108365672171,-0.7710070822263049,1.0164338917011406
2019-09-30,0.5034910215249155,0.6625175535800665,-0.5640499862291648,-0.24267929083752193
2019-10-01,-1.233412694541336,-1.4447801724193354,0.593022764873119,-0.6486854940277453
2019-10-02,-1.8065404187643352,-3.0281194745898077,-0.48841809553721305,-3.284187885377854
2019-10-03,0.7940304773866202,0.11887715329663706,-2.0263476200655717,-0.6323906404954727
2019-10-04,1.4116785239259855,0.8548857852110459,0.32026169462557874,1.093242177447351
2019-10-07,-0.4488352273681606,0.7091734481083023,-0.16336968367216542,0.5922000485577783
2019-10-08,-1.5683159552110304,-1.1147270838181456,0.9893670626331286,-0.7628420681717429
2019-10-09,0.9063296514845831,0.8513655641797513,-0.6105304188828597,0.325650781782727
2019-10-10,0.6395202411782819,0.9157491450999089,0.44456363308338354,0.2772946962689815
2019-10-11,1.0879579673789053,2.1507412423217076,1.1390380737072547,0.8411064976638016
2019-10-14,-0.13880816732187995,-0.38337311072531577,,-0.464713191677113
2019-10-15,0.9906445376488549,1.1849314409689171,1.8558958974846718,-0.02634161762316012
2019-10-16,-0.20015445531935683,0.016674242925773797,1.1893972182647872,-0.606417855482988
2019-10-17,0.2759021969774622,-0.2957730284082416,-0.09375916252647443,0.19929631596902198
2019-10-18,-0.3927045709799515,-0.2569802333159288,0.18164753527631916,-0.4423355906173043
2019-10-21,0.6848114105334702,0.5758131331198513,0.249639254327505,0.18163786165885654
2019-10-22,-0.35750492583765947,0.13157686635043575,,0.6802970291483135
2019-10-23,0.2843103345830045,0.05740176149053866,0.33860214133056843,0.6660637987236484
2019-10-24,0.19186046591705974,0.40065642243618527,0.5519178497834787,0.9267268925215788
2019-10-25,0.4064429510655998,0.09135500475476732,0.21607250726063398,-0.051864555898184506
2019-10-28,0.5565819916117931,0.027860917162669807,0.2954383478291689,0.09279336871461652
2019-10-29,-0.08327519564801378,-0.09933672923558845,0.466222762738866,-0.3415863936130137
2019-10-30,0.32480894008575234,-0.049708765175005,-0.5718897394318745,0.3347660880153924
2019-10-31,-0.3027438634539692,-0.43960725385581156,0.3667018826632784,-1.130388243579361
2019-11-01,0.9615930559647268,0.534856760518565,-0.3332164826728601,0.7422306489328179
2019-11-04,0.3697245805312832,1.1378982828876616,,0.9173978439362074
2019-11-05,-0.11864027118200227,0.30810360966242456,1.7405935558711505,0.24935846145943685
2019-11-06,0.07022505922886779,0.33182757702281407,0.22265791929800827,0.11633702797197998
2019-11-07,0.27263752442809874,0.4851645149466677,0.11365065377937356,0.13104969034127834
2019-11-08,0.25574031451167656,-0.18983846427929052,0.26346737791573815,-0.6366083700498848
2019-11-11,-0.19643954133385932,-0.07651850500725033,-0.2569544721888306,-0.4207537923765159
2019-11-12,0.15634233012633558,0.4151670494358939,0.8032593599180515,0.5022489625881477
2019-11-13,0.07112815701173503,-0.34270042459727534,-0.8545788234417984,-0.19297543377696513
2019-11-14,0.08366926144560694,-0.2893746683898968,-0.7676013140994087,-0.797605848565297
2019-11-15,0.76660287779724,0.6161844991657617,0.6966116241441611,0.13839828814141697
2019-11-18,0.05030263228107401,-0.18041287057659616,0.4856142192554813,0.06570973278829939
2019-11-19,-0.05927700996934959,-0.22589716808827376,-0.5314118360900011,0.22006787919934823
2019-11-20,-0.3763256420940664,-0.3436160542831246,-0.6204855867398607,-0.8405170110936666
2019-11-21,-0.1584006086188694,-0.11461800391234789,-0.47628156907997266,-0.3296291153530362
2019-11-22,0.21725739423761325,0.2079592731613289,0.32198697043952507,1.2111000822152107
2019-11-25,0.7479251887467342,0.5506400195960381,0.7754677657832332,0.9441016915005207
2019-11-26,0.21931636449394887,-0.0574616699257291,0.34504615668513594,0.09189958366171425
2019-11-27,0.416573562529976,0.19680931306762517,0.2753589360455777,0.36000695809761396
2019-11-28,,-0.2256909333196333,-0.12222325749338125,-0.1805163105297325
2019-11-29,-0.40192862299885945,-0.02429522279943086,-0.4934611364690866,-0.9469741740089077
2019-12-02,-0.8668483693965001,-2.098785023231464,1.006299331985261,-0.8283049197100212
2019-12-03,-0.666022525804344,-0.4330120017021599,-0.6382100246860034,-1.7598618258503507
2019-12-04,0.6303657608770052,1.3486646944508962,-1.0516268580166965,0.41401850022495523
2019-12-05,0.14991269266300122,-0.3253941796169002,0.710063230144975,-0.7063925118524494
2019-12-06,0.9094246030425523,1.2045751792147286,0.23282034005660535,1.4161194291018475
2019-12-09,-0.3167833684475596,-0.5474954662386011,0.32616750377467696,-0.08014997291780901
2019-12-10,-0.10975361689826713,-0.010890646089301015,-0.0875720658477519,-0.2782465171886628
2019-12-11,0.29039375293500314,0.4258582921973897,-0.07833024203502958,0.03464979581124794
2019-12-12,0.853866737555542,0.5112442188249133,0.14076685663937383,0.7895277121328093
2019-12-13,0.007257915021519068,0.6647482912235603,2.522011073640229,1.092517178748409
2019-12-16,0.7122360942542372,1.1106451227341552,-0.29494273608978716,2.228368491725341
2019-12-17,0.033523602846052825,-0.7305136986293093,0.47385827617940635,0.08241880596688844
2019-12-18,-0.043239364052283236,-0.16781923568274237,-0.5487011575533884,0.20576002907759516
2019-12-19,0.44493788218655794,0.004544477507373301,-0.2911346292030714,0.43666459302578176
2019-12-20,0.4932595804334028,0.994991711694837,-0.20225364633468246,0.11480633637788173
2019-12-23,0.08657687142985537,0.002643998613116594,0.018802384899707647,0.5405751307481665
2019-12-24,-0.01954673024684439,,0.03974970607920625,0.11274529558722435
2019-12-25,,,-0.2004095660014471,
2019-12-26,0.5115062410053994,,0.5955052784152315,
2019-12-27,0.0033984139657050605,0.1484365777349339,-0.3651360749339361,0.166258123274865
2019-12-30,-0.5797596079348821,-0.8976614738495314,-0.7626274660720966,-0.7589296496044895
2019-12-31,0.29416906441905866,,,-0.5909028768616764
2020-01-02,0.8343895362315834,,,0.8173430270931092
2020-01-03,-0.7084909364953873,0.662078351867379,,0.23774168440731103
2020-01-06,0.3527145194272663,-0.5540912934398179,-1.9281242316866454,-0.6198339138238751
2020-01-07,-0.2807175084594604,0.17918499240323627,1.585568614599886,-0.018481535326131393
2020-01-08,0.4890473485641422,0.3534362217225251,-1.5859978763643312,0.013202366053377546
2020-01-09,0.6633214116906316,0.6162405514805513,2.2798457036207864,0.30580917937186314
2020-01-10,-0.2859262487506342,-0.16768700011589033,0.4652252545259472,-0.13433684770802756
2020-01-13,0.6951994045934384,-0.26000352738737575,,0.39065118652192865
2020-01-14,-0.1515680836895683,-0.12707688050568322,0.7293898019817391,0.06298956491086471
2020-01-15,0.1868450243687647,-0.15694721024832603,-0.45300820038249867,0.267273470104179
2020-01-16,0.8331747422232638,0.1373422745409414,0.06917818973519729,-0.43271379747018557
2020-01-17,0.38547232474837045,0.8999880758421952,0.4507783754647221,0.8479322922486432
2020-01-20,,-0.2426615772648688,0.17558530156644991,-0.30275627083184986
2020-01-21,-0.2655500369584729,-0.2611945613113065,-0.9132828043918906,-0.5333447330089669
2020-01-22,0.02890342966814785,-0.5114525735153919,0.6964675528841724,-0.5111163725233681
2020-01-23,0.11403261933580211,-0.8776270670658448,-0.9865268991376297,-0.851482725012076
2020-01-24,-0.908328942619363,1.1258702775593932,0.1332990064284445,1.0375256704598712
2020-01-27,-1.5855752356843666,-2.7176092227566784,-2.0507941648254757,-2.3190630124171108
2020-01-28,1.000338350035257,1.1188313773127234,-0.5489746054777811,0.921258346179954
2020-01-29,-0.08672501435853519,0.4597943214580624,0.7026064402213095,0.038757607415895734
2020-01-30,0.31294569302104946,-1.2274078451682158,-1.7328953063074692,-1.3669368070686971
2020-01-31,-1.7864443571362187,-1.3604199501944692,0.9849159745328961,-1.3089906021434672
2020-02-03,0.722842576123206,0.5576460830553742,-1.0102068828071964,0.551588831367944
2020-02-04,1.4869315917506398,1.9209227720935473,0.489184126504405,1.5373353610812046
2020-02-05,1.1187778658973357,1.2133126181716136,1.012722824896528,0.5723020233853404
2020-02-06,0.33201550570023386,0.7300208397701624,2.34803036552087,0.2975829059876034
2020-02-07,-0.5415491009459927,-0.18490326264100077,-0.19122803966400426,-0.5089629178151256
2020-02-10,0.7299690120573743,-0.1398917369792585,-0.5977208381185761,-0.26553353279030745
2020-02-11,0.1687048686003223,0.8573374585440163,,0.7025179021679762
2020-02-12,0.6441853105203066,0.7445044441222848,0.737083545467776,0.4656183225550947
2020-02-13,-0.16317763599893453,-0.1997084609248745,-0.14041189954490108,-1.099673480642771
2020-02-14,0.18418360984853166,-0.15011025764604113,-0.5898772456275125,-0.5773465117201226
2020-02-17,,0.3197212283863493,-0.69623971027859,0.3260891585492587
2020-02-18,-0.2924213986148061,-0.43512145910202804,-1.4103843347472278,-0.6925274599826281
2020-02-19,0.4694748284284955,0.7437306134576716,0.8880867799202719,1.010858395385128
2020-02-20,-0.38228174279968385,-1.097801696910139,0.33469068591927,-0.2739420283537797
2020-02-21,-1.0573809232820253,-0.5929187201150654,-0.39436048171204163,-0.44068930607767953
2020-02-24,-3.4088079420440565,-4.092744651001645,,-3.3943948811376856
2020-02-25,-3.074790437535313,-2.0905151675158606,-3.397994002813043,-1.959891233558153
2020-02-26,-0.3785697323529291,0.14460938292018,-0.7959817148153192,0.34992066980059633
2020-02-27,-4.5168136352262245,-3.462584662136692,-2.1542928112534554,-3.5570174907745056
2020-02-28,-0.8272463109652683,-3.726954374261382,-3.7379485910808086,-3.2267104430200533
2020-03-02,4.501086876941329,0.2801333440171305,0.9467387609559452,1.1227469333377371
2020-03-03,-2.851048492291497,0.987666499736406,-1.2320177349286254,0.946687982039407
2020-03-04,4.133634936063402,1.430716287554823,0.08216658349411432,1.4393826103072271
2020-03-05,-3.451078243998218,-1.6798391314630123,1.0797324896660854,-1.630095932446629
2020-03-06,-1.7200943652385448,-3.9883086184952177,-2.7539036483350543,-3.6881428649195414
2020-03-09,-7.901041294037192,-8.824776710983162,-5.197852070887343,-7.99885992203766
2020-03-10,4.821505242585911,-1.6715092156916356,0.8510382976167463,-0.09390591625848543
2020-03-11,-5.010289280860558,-0.1533797747408805,-2.2965473858151952,-1.4142723739894336
2020-03-12,-9.994485240247286,-13.240515144998977,-4.511174870252965,-11.511706134251476
2020-03-13,8.880840694923542,1.5899010298094929,-6.2735694617153115,2.425712063565477
2020-03-16,-12.765219747281709,-5.388094043766323,-2.491986178446659,-4.089110282450115
2020-03-17,5.822631263569189,3.217783028522181,0.055802640410895776,2.7533771630901427
2020-03-18,-5.322227233208032,-5.887400225671424,-1.689398405783038,-4.13146906167654
2020-03-19,0.46967609704013924,2.8209068013815397,-1.0440235159284939,1.387798091931991
2020-03-20,-4.432762405336721,3.7752973368862186,,0.7580425261405566
2020-03-23,-2.973150100957689,-2.5014995317584443,2.0033152921268282,-3.867064218111693
2020-03-24,8.968323251796306,8.834255230302723,6.889893358034627,8.66642461784135
2020-03-25,1.14689904208225,3.0836869784759635,7.731376161628667,4.351249371166688
2020-03-26,6.054383107424677,1.687037609445774,-4.617427629785453,2.216730267806355
2020-03-27,-3.4267845541626762,-4.273280805764035,3.8099395385870594,-5.3942157942636015
2020-03-30,3.2966590569975196,1.3457938070896347,-1.5826904986601775,0.964435696911714
2020-03-31,-1.614231078841577,0.76649482635327,-0.8839646203869123,1.9278399562045578
2020-04-01,-4.514636273278683,-3.90010851655731,-4.606243610695948,-3.908248195262942
2020-04-02,2.257265705696021,0.30509473082451777,-1.3749439294279853,0.4682325006783117
2020-04-03,-1.5252860825945014,-0.9530146087850966,0.008242395709601169,-1.1876419990324294
2020-04-06,6.796824414483105,4.872953622778731,4.155456327755758,3.03535616631212
2020-04-07,-0.16043390483631015,2.1827495919922946,1.9926796921250656,2.163656309751083
2020-04-08,3.3489371191285144,-0.22420642327229956,2.104644575635284,-0.47090815048793644
2020-04-09,1.4383470303699575,1.4456931945521667,-0.03860927327625774,2.864679664530101
2020-04-10,,,0.7863772837001903,
2020-04-13,-1.0156059444677012,,-2.3616934171879933,
2020-04-14,3.011455957230691,0.8587892804300168,3.0787132943748574,-0.8836294493759667
2020-04-15,-2.2276732672368738,-3.826564934832888,-0.452785629686403,-3.400092372021035
2020-04-16,0.5799837839541411,0.1476776188297002,-1.3382727578646225,0.5469358600601382
2020-04-17,2.6440932021320585,2.664764315844792,3.098486759864727,2.778883001036192
2020-04-20,-1.8042845615347858,0.731313445713333,-1.1532172500420046,0.444832629268177
2020-04-21,-3.1155115236330744,-4.145944635682763,-1.994114120070023,-3.0000994126544
2020-04-22,2.2671300582136844,1.5484829983364534,-0.7435474399503761,2.2714723414233973
2020-04-23,-0.05395676601960275,0.6175137433300115,1.5116179488664727,0.9657578434570269
2020-04-24,1.3822090566839584,-1.5328274127259789,-0.8655170278419888,-1.2851232323376038
2020-04-27,1.4606868181735955,2.566226385169035,2.669989604608425,1.631204534470676
2020-04-28,-0.5256170190484077,1.7189511747187858,-0.060833926348635714,1.8924301920749897
2020-04-29,2.623670404507372,2.15995259978623,,2.59750241379777
2020-04-30,-0.9255143319054859,-2.3009128281784363,2.1144352367164387,-3.5638042528345792
2020-05-01,-2.846021101477625,,-2.885384806993585,-2.368021183571045
2020-05-04,0.42408225788497234,-3.88077939812268,,-0.16150691712564225
2020-05-05,0.8999935197779863,2.08812439641326,,1.6478603034665085
2020-05-06,-0.700388039904265,-1.1241991716516075,,0.07519144612064821
2020-05-07,1.14389557548904,1.2871516055659171,0.28207762298304573,1.3944516217817338
2020-05-08,1.6730795065226012,0.9504782895422892,2.5309831564571894,
2020-05-11,0.013306936679136072,-0.841189207376658,1.0430048520664315,0.06231540660994739
2020-05-12,-2.0713365772047965,0.015601771048512347,-0.11865253531517794,0.9233734277206196
2020-05-13,-1.761699662428029,-2.5867337112661204,-0.48939820338045337,-1.5245352843864524
2020-05-14,1.1458917804072044,-1.8066208589237576,-1.7534318830248807,-2.7926541130412375
2020-05-15,0.3918675203722799,0.3785975717851109,0.6141921515933291,1.0102900289369998
2020-05-18,3.1015208770073244,4.969890221724249,0.4792485514863998,4.20034559276008
2020-05-19,-1.0539747711598935,-0.319885687755761,1.4776684301518017,-0.7700755222000311
2020-05-20,1.6513990613415075,1.362211619563336,0.7882404500882956,1.0771144600971283
2020-05-21,-0.7803968309953113,,-0.2082260156651472,-0.8591054804705678
2020-05-22,0.2350945686812267,-1.2626982616440685,-0.801902212856298,-0.3664044989180937
2020-05-25,,2.2421270709473973,1.7189427018202252,
2020-05-26,1.2214285021459936,0.9335817233470323,2.520885619614077,1.2353922929523975
2020-05-27,1.4718447490315256,1.7143406813548978,0.6936507466901887,1.252872202503852
2020-05-28,-0.21101393249196576,1.4120986155671034,2.294199490037485,1.2052139695940767
2020-05-29,0.48007935523077805,-1.440949183153073,-0.17545670752419085,-2.313158558055761
2020-06-01,0.3744216478363427,,0.8397810803423056,1.466983829496904
2020-06-02,0.8177307282400292,3.5054712868266336,1.1860044848596374,0.8670816091301603
2020-06-03,1.3556670812562288,3.440276256634789,1.2824138175062672,2.575818737575908
2020-06-04,-0.3374389083608875,-0.24253114670287346,0.36186918068263907,-0.6444638006712466
2020-06-05,2.587401282163704,3.6904836814633413,0.7374580657746321,2.2284291556820435
2020-06-08,1.196965640580494,-0.5332887678154208,1.3656017823423738,-0.1805942825713558
2020-06-09,-0.7829743419721424,-1.3632655612864752,-0.3763650509007732,-2.137756185893558
2020-06-10,-0.532725573518178,-0.8164026561431115,0.14678874733391467,-0.10422743511249166
2020-06-11,-6.0752692996288715,-4.63373995782419,-2.8601496677246985,-4.069624377032177
2020-06-12,1.2976286605210774,0.2911869459900629,-0.7478181570590436,0.4679081437851451
2020-06-15,0.8277860818175498,-0.5513432804987062,-3.5341010606982692,-0.6655789811070179
2020-06-16,1.8784852866710722,3.331525238546007,4.7671071076791804,2.894365916128727
2020-06-17,-0.36067962326296055,0.7560849533524205,-0.5615328673620468,0.1680524771629166
2020-06-18,0.059404340380275755,-0.5327519568707473,-0.44765125360672897,-0.46804238967617096
2020-06-19,-0.5665513565674019,0.5890550952839746,0.5501527785664706,1.0945486080036204
2020-06-22,0.6474093296658268,-0.8419966862454942,-0.18487616400797435,-0.7657249431430202
2020-06-23,0.4298169191484291,1.7473103155552394,0.49695764968387124,1.2017940346398248
2020-06-24,-2.619526559566232,-3.163027303605226,-0.0653476832669142,-3.1568525369870315
2020-06-25,1.0899827728216849,0.7105154829488924,-1.225762454783741,0.38139208771443833
2020-06-26,-2.4525204274830514,-0.45897035349504733,1.1270187772014495,0.19826612371485197
2020-06-29,1.457888811353314,0.8654272708646715,-2.323512672542982,1.0738813763788713
2020-06-30,1.5292349435755526,0.06340922780072589,1.323779569565886,-0.9051670752674212
2020-07-01,0.50095639758716,-0.17392963077327295,-0.7494321916176716,-0.1898196523319129
2020-07-02,0.4530970476816165,2.798978669522967,0.10947248614119331,1.3292217739612866
2020-07-03,,-0.7773966674259114,0.7222110816924143,-1.340592919192929
2020-07-06,1.5756930832163007,1.6751358973207786,1.8123581289849255,2.067067629528019
2020-07-07,-1.0877477869643215,-0.853474003792698,-0.44011505811383245,-1.539009864482388
2020-07-08,0.7796986263430838,-1.0736134819117282,-0.7814735111891125,-0.5459179896433852
2020-07-09,-0.5659591476195658,-0.7612432168617289,0.4031262972032934,-1.746756550688744
2020-07-10,1.0411809774444336,1.0690345764144737,-1.0641688360864876,0.7542202024987787
2020-07-13,-0.9406645216058607,1.6183997332475997,2.191651348448609,1.3168854919126005
2020-07-14,1.3317300582903258,-0.8577008172023781,-0.8716072029207211,0.05826496401475367
2020-07-15,0.9041056936354153,1.6962634187995818,1.5746886957289874,1.8104385548483037
2020-07-16,-0.3411915214114103,-0.38139732598878595,-0.766217606990871,-0.6696773706593717
2020-07-17,0.2844562587583255,0.007428371711526438,-0.32524634227133475,0.6315244555498367
2020-07-20,0.8371797255140478,0.6733869574892637,0.09274934856335904,-0.4588960256825203
2020-07-21,0.16776293345603932,0.5007601125862848,0.7312927946983905,0.13087647400364943
2020-07-22,0.573063059447243,-1.0209511887318001,-0.5811736136166701,-1.0034723884661645
2020-07-23,-1.2396378412246278,0.02906875715673607,,0.06924837716830723
2020-07-24,-0.6209640024275487,-1.8211925718329525,,-1.4203510674079212
2020-07-27,0.7367928821482295,-0.24342719422527637,-0.1572983131104877,-0.3091075559167322
2020-07-28,-0.6494435418646916,0.021796157968445584,-0.25772369196168654,0.3988807650591397
2020-07-29,1.235178335174325,-0.1029767100945378,-1.1553759827455323,0.03588991535909969
2020-07-30,-0.3757301763455345,-2.8260908532519835,-0.25875580678231813,-2.334800609258636
2020-07-31,0.7641236242175609,-1.0616559267743853,-2.8571362816920853,-1.5512045225317905
2020-08-03,0.7155362664359899,2.303217678650782,2.2111213941069963,2.264844073051897
2020-08-04,0.3605423026133536,0.1848503411350677,1.689954893525858,0.0513733273043826
2020-08-05,0.6409160435516981,0.43202755417866,-0.26086726100302826,1.1317457394303787
2020-08-06,0.6407126020665288,-0.8600753672949324,-0.4304158103648703,-1.2826232142700178
2020-08-07,0.06328292699571136,0.3776358908224253,-0.39425616632602356,0.0879052875776054
2020-08-10,0.27384652733921655,0.2168203695068982,,0.3045637786042832
2020-08-11,-0.8001055401377855,2.197055084784516,1.8647350704362964,1.6993535937981363
2020-08-12,1.3899502293613253,0.9278161408680319,0.4111085739594955,2.023492671331084
2020-08-13,-0.20492726761567326,-0.6063168872193714,1.7601539983408188,-1.51618936507667
2020-08-14,-0.017189739627809786,-1.1372149211345217,0.17082462604527393,-1.5575944097745875
2020-08-17,0.2706177507423746,0.024203930306221366,-0.8304662088491455,0.6122418758081949
2020-08-18,0.2300740419816094,-0.4915552215907226,-0.19792885909186708,-0.832515537377887
2020-08-19,-0.4414123345181764,0.8469590065725896,0.2579165995863164,0.5808706758111626
2020-08-20,0.3153654768345504,-1.324132947973311,-1.0001565906387455,-1.6280401630552888
2020-08-21,0.34351999829738133,-0.4355858907750587,0.17327883641442554,-0.18975807381416132
2020-08-24,0.9993615364901842,2.184418179498415,0.28409923475010146,1.6982928804381459
2020-08-25,0.3589899745540137,-0.060948573496588665,1.3450697032721948,-1.1151798485617093
2020-08-26,1.0144001344842835,0.8091024566040161,-0.02537221326974759,0.14235510633593407
2020-08-27,0.16716460318093596,-0.7691646675358044,-0.3526906708454902,-0.7571281649594752
2020-08-28,0.6710002849569463,-0.4664061191178348,-1.415507683678996,-0.6085127280561764
2020-08-31,-0.21973751755091087,-1.30632405318174,1.1173341378354351,
2020-09-01,0.7496831420706229,0.15480914930687817,-0.0073013497949858674,-1.716642412115199
2020-09-02,1.5249050143870235,1.8197556140004068,0.47032342434132346,1.3369551547263825
2020-09-03,-3.5757594142186377,-1.0102494650322313,0.9349945180870733,-1.528199049990775
2020-09-04,-0.8166280754274169,-1.3292242977948732,-1.114621631469248,-0.8892728935702365
2020-09-07,,1.6268874364920194,-0.4988865454487623,2.356856072802671
2020-09-08,-2.8148829086466876,-1.4191646097041044,0.7945056136957618,-0.11965416514794214
2020-09-09,1.9944760662180983,1.743315265680856,-1.043452225377095,1.3815728739681177
2020-09-10,-1.7741245925396498,-0.3633865158302996,0.8772062724760943,-0.15812122549228036
2020-09-11,0.0532930158087197,0.09172520328082356,0.7333323652380486,0.47859395077018974
2020-09-14,1.26613350250242,0.02955041647165757,0.6507335778048073,-0.09620336799365248
2020-09-15,0.5205785930499474,0.46532958855749484,-0.44416515430576453,1.305681296387462
2020-09-16,-0.46296468921518397,0.19727121951689242,0.08795435131361273,-0.44320492772289555
2020-09-17,-0.8447949528552101,-0.6692330638133015,-0.6674263270298297,-0.4716228174981296
2020-09-18,-1.1245576947828795,-0.9963364746583991,0.1753724959243641,-0.7099607607583991
2020-09-21,-1.1638564027299125,-3.8095172331987115,,-3.4343130703934577
2020-09-22,1.0463016398377434,0.10054993745551855,,0.4332244863997303
2020-09-23,-2.40073389143749,0.5037721911632431,-0.059137213142612666,1.1902433306161697
2020-09-24,0.2983005554629159,-0.6457758107876188,-1.1141442376779054,-1.3052454531713664
2020-09-25,1.585043922418805,-0.717198880263048,0.5046140464719073,0.3411840029052371
2020-09-28,1.5982191853854744,2.708545994697431,1.314337073176297,1.447695008697103
2020-09-29,-0.4824282704444016,-0.27619144240222937,0.11681212361818183,-0.5141469981987612
2020-09-30,0.8219842568379931,-0.6457647751398454,-1.515219518684674,-0.5338497850429391
2020-10-01,0.5278949564294422,0.015028271677586247,,0.22816898320705548
2020-10-02,-0.962381286637104,-0.09898658104035007,-0.6717267902004664,0.38365120509080697
2020-10-05,1.7813109002901228,0.9137282170481598,1.2180893113200142,0.6888976959697146
2020-10-06,-1.4072064387523397,0.4053631505385624,0.52021757266143,0.11771829885844909
2020-10-07,1.7247163770241158,0.004016954872376743,-0.04656832935960864,-0.06052517366565979
2020-10-08,0.797821289486933,0.688226618925647,0.9528456246043149,0.5316919317879254
2020-10-09,0.8755095180752903,0.5317955911955607,-0.11585673557270582,0.645290486162331
2020-10-12,1.6282530158324704,0.7608950434054407,-0.2585931751223569,-0.2546209652214415
2020-10-13,-0.6326891629163001,-0.5756221884658075,0.1827371817240575,-0.5296051468256735
2020-10-14,-0.6645172084059681,-0.18038735738894474,0.10566149268811387,-0.58128140295306
2020-10-15,-0.15289235142130764,-2.4928745948567865,-0.5070664704094341,-1.7438168659920095
2020-10-16,0.013491045663016621,1.6396365565393367,-0.41178239220425183,1.4823170629211901
2020-10-19,-1.646466351494169,-0.09124445980948082,1.106596902041268,-0.5913100000235261
2020-10-20,0.4716195320000338,-0.45252109685307573,-0.4407112533158397,0.07644026312139118
2020-10-21,-0.2198114011569885,-1.4721230284271414,0.3068303382706361,-1.9322235232701601
2020-10-22,0.5205354003491536,-0.29250267662490614,-0.7012481565144668,0.15914267351924138
2020-10-23,0.3439838320389299,0.8618273678376198,0.180121515140641,1.2811373813573113
2020-10-26,-1.8764472985321135,-2.9700302472706497,-0.09465884554629156,-1.1723108406286542
2020-10-27,-0.3030205350446735,-1.1221213395867125,-0.03635179665462118,-1.0936659656973546
2020-10-28,-3.5925542108577346,-3.5488501157039387,-0.28692911592447246,-2.5850587758775134
2020-10-29,1.1876524939998134,-0.11850995720230628,-0.3703511427012529,-0.017913763818810935
2020-10-30,-1.22037134452615,-0.061507083854550615,-1.5323803061042085,-0.08065167265201012
2020-11-02,1.2242950890591686,2.052017236231851,1.3759959645881281,1.3835356265126109
2020-11-03,1.7642737684077758,2.5884598701766848,,2.3039318453831115
2020-11-04,2.180752565509181,1.9921485961758023,1.7014411385574135,1.6538367753069494
2020-11-05,1.9273265776702075,1.7090944753578086,1.7157092624454862,0.38848839096949916
2020-11-06,-0.02877565853740549,-0.35858944411284455,0.90832281218578,0.06431517333265191
2020-11-09,1.1631974746343587,6.168352456048787,2.0934706940009207,4.5691306702407175
2020-11-10,-0.14007752208673452,1.0133669063668194,0.2643460462632419,1.7720295173417
2020-11-11,0.7622728362992603,0.7143363742025954,1.7670665417451659,1.3439778810305114
2020-11-12,-1.0028651547070666,-1.134087933542638,0.6734038903614348,-0.6791975691294638
2020-11-13,1.3518546706293932,0.11282697581975754,-0.5304288146518843,-0.3555826263236028
2020-11-16,1.1580734922832292,0.9898169157276371,2.031780225325086,1.6471148848973272
2020-11-17,-0.48034437846471434,0.0654685250966125,0.4148166222917027,-0.875922602659962
2020-11-18,-1.1631210647481183,0.3939188220110523,-1.1073295827243257,0.3121510024520546
2020-11-19,0.3938675690733362,-0.8710566152011268,-0.365250605793932,-0.7987761043581898
2020-11-20,-0.6815737372919628,0.45176660925587697,-0.41816765360778163,0.2695923528461819
2020-11-23,0.5620108181849659,-0.1315912862830615,,-0.2790664323613967
2020-11-24,1.6032458814033035,1.289354035973922,2.4694006582825168,1.5416315127643188
2020-11-25,-0.15856747555105244,0.11168060843953498,0.5004333848578568,-0.6410243456040021
2020-11-26,,-0.02733825531660017,0.9102171277930893,-0.4422179907267676
2020-11-27,0.23941110259020348,0.47878324332302213,0.4038979099791007,0.07384149131723916
2020-11-30,-0.4606140636973066,-1.0042347254444195,-0.7954014735597426,-1.6052506356261986
2020-12-01,1.1208140661594257,0.9319239900966281,1.3300166738732244,1.873439237098573
2020-12-02,0.1789564528603904,-0.11125775546521055,0.05016524677099454,1.2250946169295673
2020-12-03,-0.062435208029398837,-0.11991245504656689,0.03129497197686959,0.4153244496858832
2020-12-04,0.8797463715186638,0.6283682532075119,-0.21705850531148485,0.9186888833781381
2020-12-07,-0.1937513438964089,-0.25999410005344004,-0.7647535575539877,0.07935092274049538
2020-12-08,0.27832711701716306,-0.11933081500128395,-0.30316010502957624,0.05185070375439693
2020-12-09,-0.7980964948473002,0.08929699802582292,1.3169346616233923,0.08382166539533387
2020-12-10,-0.12859345277718148,-0.19031765322257144,-0.23033202332758407,0.5393469680395668
2020-12-11,-0.12657980842316618,-1.0407967626290926,-0.3884038272829571,-0.8062965132916489
2020-12-14,-0.43687882451468596,0.5184672954891667,0.29941010764034104,-0.2293824572209502
2020-12-15,1.2838482022218045,0.49932888675563447,-0.16697636300069263,-0.28363160046609437
2020-12-16,0.17712256203239463,0.6086790680006615,0.2603060098447685,0.8804584314749064
2020-12-17,0.5741142808982858,0.5031104056447688,0.18396490355510053,-0.30178051690512575
2020-12-18,-0.3517296952148641,-0.42580497831625763,-0.1615802030064728,-0.3348535173703482
2020-12-21,-0.39139284869094126,-2.7755350844280713,-0.18314406035795372,-1.744285707566462
2020-12-22,-0.20752446917704503,1.4054036263759784,-1.046199784903834,
2020-12-23,0.0745533271818033,1.1872102928977668,0.33382383139155536,1.2314187004792032
2020-12-24,0.35303499794867577,,0.5397722300925167,0.09694325251778935
2020-12-25,,,-0.0440327936045648,
2020-12-28,0.868470753841244,1.0162161797751423,0.7378750188765437,
2020-12-29,-0.2229864827279826,0.16656111915285265,2.624525841264358,1.535346920155689
2020-12-30,0.134064809508061,-0.2734542094694703,-0.45073786362532786,-0.7128561649713205
2020-12-31,0.6418204711703623,,,-1.4643410037448845
2021-01-04,-1.4864762712026192,-0.2017998305955615,-0.6792728098520939,1.7096254951281864
2021-01-05,0.705763138336124,-0.46510873539578057,-0.36661370617032674,0.6128552311137625
2021-01-06,0.5693603382475487,1.7665104472797566,-0.37883369165392367,3.4133935123310977
2021-01-07,1.47382601077517,0.3135370993224029,1.5920508101247677,0.22045717363585737
2021-01-08,0.5476837393516121,0.6227806977628703,2.333049318041347,0.2374283530075516
2021-01-11,-0.6576327616620858,-0.6724781925948164,,-1.0942312218698902
2021-01-12,0.04157020305690651,-0.23477206525033267,0.08990775850996613,-0.6552257260160843
2021-01-13,0.22730563867252584,0.12118815031012531,1.032312951973502,-0.12741264567086574
2021-01-14,-0.376051306874281,0.6850541538444332,0.8456722878300127,0.834107068826917
2021-01-15,-0.7216000798278444,-1.1551165432514665,-0.6259653161039935,-0.9794918457258106
2021-01-18,,0.08663643306388025,-0.9759131873639859,-0.22294232896591382
2021-01-19,0.8103457635762368,-0.20144239955399712,1.375829625385272,-0.11463998814722487
2021-01-20,1.3839417376511065,0.7928644877052804,-0.3856110255211931,0.4073310899437743
2021-01-21,0.03166731613131191,-0.15712886131549197,0.815643919547604,-0.3715874066045899
2021-01-22,-0.30151526629378367,-0.4415106282172232,-0.4370589026077454,-0.3027451652400259
2021-01-25,0.3609317513017629,-1.3771352180008023,0.6643276880557991,-0.8429657733142193
2021-01-26,-0.1489943161153917,1.110852518383254,-0.962589774450251,0.22719051918222988
2021-01-27,-2.6013315126100167,-1.5836642607645501,0.31139963883823896,-1.3100176498602067
2021-01-28,0.9713298778759594,0.5825177389393588,-1.540663061458325,-0.6293126824514772
2021-01-29,-1.9500377654791734,-2.1482764845620395,-1.9120580653559927,-1.835569501708001
2021-02-01,1.5924300234678057,1.40926783475539,1.5341147106616049,0.915034507930379
2021-02-02,1.3802528814311543,1.6741654298668251,0.96051641228172,0.7748618475378777
2021-02-03,0.10082606153449802,0.535820075221416,0.9975059447057788,-0.1366715345760383
2021-02-04,1.0794847643921912,0.8927443998208773,-1.0688259979525938,-0.0630151713586713
2021-02-05,0.38899196077633036,0.3740784803687447,1.530952584616685,-0.22166391936178087
2021-02-08,0.7372107476289358,0.26607358116610413,2.0950903844518365,0.5256405165859235
2021-02-09,-0.1114145421722057,-0.1195671559999667,0.3987808142229099,0.12409094737044768
2021-02-10,-0.034524452239104164,-0.34912862947713563,0.1929951527607443,-0.1102971207483705
2021-02-11,0.1661074814588659,0.6368779745328013,,0.06588922312946721
2021-02-12,0.46999709261612566,0.6496353425468726,-0.14508194410520758,0.9315097180428111
2021-02-15,,1.0387934674398025,1.89280863860386,2.49228455467172
2021-02-16,-0.05694345154143576,-0.209099853182515,1.2670279171466348,-0.10663007767082178
2021-02-17,-0.03204533489178374,-0.7150289258847309,-0.5778841685012637,-0.5646458567376555
2021-02-18,-0.4425614227242747,-0.509697312051216,-0.18536666196435903,-1.406070633763612
2021-02-19,-0.18566190956654793,0.8768714478691209,-0.7241704781705494,0.10270678163522007
2021-02-22,-0.7762892893710571,-0.3671741358179048,0.4590345799293516,-0.17829600095637943
2021-02-23,0.125552961152664,-0.2909752346560879,,0.20697398902846942
2021-02-24,1.1287667670986323,0.4567874561459462,-1.6191176595178547,0.49831261648058955
2021-02-25,-2.4783394424172656,-0.560391247523917,1.659699099437617,-0.10517617978038629
2021-02-26,-0.47615322937986093,-1.3341349440032957,-4.066762873925889,-2.5672512273358095
2021-03-01,2.3512173225693545,1.9115276780619084,2.3794268274142993,1.608065594584751
2021-03-02,-0.8113678739508856,0.02966827824621987,-0.8644809553780775,0.3832640680961674
2021-03-03,-1.3152335894801581,0.1363805505839366,0.5119111612124527,0.9285762163880662
2021-03-04,-1.3508038064390604,-0.21381315934991818,-2.1508736193657896,-0.3691938674956319
2021-03-05,1.9308356338710198,-0.9576474201246299,-0.22766585386211347,-0.30719530375389326
2021-03-08,-0.537364322402567,2.521396162602052,-0.42032840508614555,1.3274015393006877
2021-03-09,1.4055400743931301,0.6042986264905181,0.9855838535411721,0.1665458637759798
2021-03-10,0.6012203770987767,0.8906187391586329,0.029694886939068965,-0.06985348072543474
2021-03-11,1.0341825500656654,0.6710551569101497,0.6011536901203485,0.16935666194939358
2021-03-12,0.10148833275316349,-0.31982798863747774,1.7179923632976823,0.3630036952753102
2021-03-15,0.6470939539413578,-0.0918681409620703,0.1652208145047851,-0.174667054249511
2021-03-16,-0.15709169785971255,0.5499407910843246,0.516416454897417,0.7953809822632607
2021-03-17,0.2875244650159203,-0.031684670771880974,-0.022594529001729313,-0.6029650733928804
2021-03-18,-1.4870560065947558,0.4613045095224422,1.0058773976947322,0.2510634516672994
2021-03-19,-0.06028856737536614,-0.7922627363297963,-1.4154800769260234,-1.0527661352947248
2021-03-22,0.7000556898342225,-0.08290939420749766,-2.095854901495464,0.2590274763013767
2021-03-23,-0.7660118119334314,-0.17804972458641544,-0.6127928865392818,-0.40073499668835666
2021-03-24,-0.5482336600348248,0.1443953174490531,-2.057165176363185,0.20428883912320117
2021-03-25,0.5226583432728305,0.0005223540124887904,1.1354250100447771,-0.5691821799139518
2021-03-26,1.649441865871637,0.8860625761391461,1.5432692688465366,0.9809744191949576
2021-03-29,-0.08683896263868007,0.4178361066081493,0.7097570349673177,-0.06529595162696467
2021-03-30,-0.3162829409649959,1.1097423454192068,0.16382854987035955,0.5315248563483976
2021-03-31,0.36159535924209507,-0.1781931642138801,-0.8663829646874177,-0.8675910942777421
2021-04-01,1.175583042767414,0.6802167889066624,0.7173557032274402,0.3523887877856069
2021-04-02,,,1.5702832212749485,
2021-04-05,1.43349877622434,,0.7849130895941414,
2021-04-06,-0.09740049407973572,0.6179602075249591,-1.3134364811316246,1.2727983932094844
2021-04-07,0.1474145698107776,-0.34438220694070765,0.11495773140293153,0.9001469713728838
2021-04-08,0.421175094059123,0.5308423307901933,-0.07338048212695014,0.8230079450353145
2021-04-09,0.769028813568795,0.025387750151040223,0.19866522122651276,-0.3810134588418279
2021-04-12,-0.019609807474019192,-0.42666580863954806,-0.7733725505145728,-0.3868154135352242
2021-04-13,0.32890718770630656,0.12839347396234047,0.7180927671571524,0.020318475698033467
2021-04-14,-0.4096104320730376,0.23390979471766826,-0.4399987610963052,0.7100498709290193
2021-04-15,1.1033101401119794,0.4303777402036246,0.07322940402669786,0.6306073721335181
2021-04-16,0.3602323390516915,0.9857540303022105,0.13713937800634568,0.5141766666181269
2021-04-19,-0.5320689893757446,-0.32485414661742595,0.006737552653746093,-0.2767541811616425
2021-04-20,-0.6825561005078029,-1.9962034605987,-1.9903040860196342,-2.023159848199718
2021-04-21,0.9263020919853204,0.9081922236427786,-2.054719235517055,0.5147141626734353
2021-04-22,-0.9253337860554822,0.9608165032316762,2.355941783351412,0.6202411270622932
2021-04-23,1.08694098955322,-0.03637108791654242,-0.5756501522126811,0.0057636102763325425
2021-04-26,0.17806845645829128,0.1864534170799459,0.36321728484782767,0.3524752371465212
2021-04-27,-0.02149189814453223,-0.22209531724239895,-0.4623001586514519,-0.2602815301534278
2021-04-28,-0.08458975873963936,0.0777411408934725,0.21390018297360314,0.26889941285439534
2021-04-29,0.67400415367036,-0.45257904285449513,,-0.031600196764891564
2021-04-30,-0.7220713417121161,-0.5559701514046722,-0.8341296587145663,0.11915335662617821
2021-05-03,0.2744321649512216,0.639752446175379,,
2021-05-04,-0.6700737489847342,-1.904145220383846,,-0.6708383233677395
2021-05-05,0.070321644711413,1.967622077562936,,1.6630586962298466
2021-05-06,0.8132299498631923,-0.08372910701499592,1.7843699949441572,0.5228362393589592
2021-05-07,0.7346291419187523,0.8666074170836424,0.09013984998773594,0.7532117143204786
2021-05-10,-1.04904805031385,-0.2705497632129905,0.545279884256189,-0.08419044143810339
2021-05-11,-0.8711750141781494,-1.939728560253684,-3.1304742876899994,-2.497343240563943
2021-05-12,-2.168278235830279,0.03470893260946184,-1.6248129278828571,0.8113241651507508
2021-05-13,1.2099644578093205,,-2.516522629727369,-0.5913618169717694
2021-05-14,1.4807778563623586,1.7580152341549748,2.292311821632431,1.1465945108373177
2021-05-17,-0.2533258183960996,-0.26419466026617044,-0.928798922177343,-0.15202923132076052
2021-05-18,-0.8553772384033209,-0.03744299265910911,2.0701165401597166,0.018487008174083996
2021-05-19,-0.29477518113782963,-1.72755255749113,-1.2839232167115355,-1.201353049477838
2021-05-20,1.0499429334508648,1.5918871725473238,0.19165732487866904,0.9964235537516686
2021-05-21,-0.07841880752526009,0.644684929947914,0.7784347534505187,-0.024215973206409558
2021-05-24,0.9862497481215371,,0.16505749557271798,0.47620152300282825
2021-05-25,-0.2127545400828268,0.25453347303585616,0.6654128045264329,-0.30963271460215935
2021-05-26,0.18750575506114586,-0.10833601198072529,0.3084439200344846,-0.04126007448856939
2021-05-27,0.1164636089862725,0.18684558228052595,-0.32585352719216587,-0.10251174820528064
2021-05-28,0.07685864528870212,0.7731477895237759,2.081242653054005,0.04130238386128582
2021-05-31,,-0.7669586518934679,-0.9975349763079677,
2021-06-01,-0.049245475863024524,0.7961872468783326,-0.1586153585131811,0.8210992937065953
2021-06-02,0.14458890369013488,0.41052721483616494,0.4563708921267562,0.3876383611428835
2021-06-03,-0.36353030560487554,-0.22674604588619474,0.38607132779233666,-0.6152837276040657
2021-06-04,0.8795303383015707,0.24826465042675494,-0.40203705778498744,0.06509541724515344
2021-06-07,-0.07970562694215033,0.20202741558588144,0.2681840266470559,0.1159349665320164
2021-06-08,0.01750095494408299,-0.04003429010044357,-0.19205593336142357,0.25260418551429353
2021-06-09,-0.1825532590615353,0.020513765601393175,-0.35542069619065586,-0.19892780396428833
2021-06-10,0.464145477646305,-0.01904750558541224,0.3381561350247253,0.10163164939456237
2021-06-11,0.19465389328079397,0.7450168908807342,-0.03395108991295359,0.645466074508505
2021-06-14,0.18135563851373604,0.14455648596332082,0.7333309910626085,0.17646211230974984
2021-06-15,-0.20137199542773487,0.2622004557455426,0.9538816609721223,0.3603529841617714
2021-06-16,-0.5404703747025508,0.1986611426520568,-0.5117842028161235,0.1741250657605775
2021-06-17,-0.04358105436725879,0.15356075097212596,-0.9352933029344257,-0.4407765027206523
2021-06-18,-1.3211355687284154,-1.8145235209583888,-0.18712577032928834,-1.9180725249881903
2021-06-21,1.3905163512319518,0.7067140275935913,-3.346166427733266,0.6363720577958532
2021-06-22,0.5111406378990324,0.26227583959101963,3.0697559100797633,0.39145907121778123
2021-06-23,-0.10838705186486663,-1.1511174682132364,-0.03199581369752735,-0.22450997822254237
2021-06-24,0.5794429545916913,1.1341457397202603,0.001176945584013822,0.5062003053339481
2021-06-25,0.33250631646861706,-0.042945533462734886,0.6591137824226934,0.3664178502106097
2021-06-28,0.23122888604731884,-0.7490439192157083,-0.06249817457781859,-0.8881704263403734
2021-06-29,0.02772977426861445,0.42940050041107014,-0.8137189645179177,0.2062074026389027
2021-06-30,0.13272784229076962,-1.0575409973865746,-0.07318946017420558,-0.70937986144326
2021-07-01,0.5208041432254618,0.35833277785233264,-0.2938866048221911,1.2384829881893822
2021-07-02,0.7472095894691222,0.13279515005315545,0.26522823753278857,-0.026674957171124447
2021-07-05,,0.07489423645949955,-0.6451228583351565,0.5823017042809298
2021-07-06,-0.2023902770021735,-0.8525856222526329,0.15730395605757508,-0.8972567994250724
2021-07-07,0.3353346553662817,0.6360732675728897,-0.9691741978091528,0.703068424170894
2021-07-08,-0.8597881009555053,-2.1529474097325974,-0.8813724986438842,-1.6965905163354833
2021-07-09,1.121482590241385,1.8966460977503985,-0.6336599451575609,1.2888228142280411
2021-07-12,0.3445232695593603,0.6197382568547738,2.224851440005793,0.049132117922567886
2021-07-13,-0.3523011181165714,0.028827172594603212,0.5209571594742002,-0.009820380587122202
2021-07-14,0.1164256565468591,0.12057373193261611,-0.3828934013407448,-0.471304118488014
2021-07-15,-0.32675735627449853,-1.0571626023681446,-1.1580878345444745,-1.123163917467096
2021-07-16,-0.7567415006812794,-0.5096270439301165,-0.9808149852016612,-0.05563301855442404
2021-07-19,-1.5996781399984172,-2.693180102658488,-1.2589679540324639,-2.363585146581748
2021-07-20,1.5048806004799076,0.7054060117370753,-0.9614018453834916,0.5347751670468526
2021-07-21,0.8208041662143728,1.7622820432846353,0.5819128761091363,1.6888697431225452
2021-07-22,0.201463920924283,0.8006770000593022,,-0.429596995366488
2021-07-23,1.00943323862559,1.225508207725845,,0.8474002849208517
2021-07-26,0.237936692272811,-0.15856066940376223,1.0302814936121507,-0.03131282047217354
2021-07-27,-0.47235833821765993,-0.9246502571741644,0.49076452729597264,-0.41792743050557135
2021-07-28,-0.018627923155278836,0.9353731867411952,-1.3989333130215442,0.2925919250296616
2021-07-29,0.41973318452726005,0.33432072555061865,0.7252378989688779,0.8769095524012727
2021-07-30,-0.5420713608261352,-0.6695061846505368,-1.8118026920449282,-0.6534085854111638
2021-08-02,-0.184450567006067,0.6658648572924974,1.806762001119111,0.7000225642071811
2021-08-03,0.8169961338918341,0.03230473688589086,-0.5022828913991972,0.3383286892940873
2021-08-04,-0.46431506612965023,0.65231251382869,-0.2091410386411141,0.25580082125085113
2021-08-05,0.5987485990420538,0.38960354554173904,0.5208232184973127,-0.04914246566602998
2021-08-06,0.1673864548529025,0.32295072104773226,0.3309560883737461,0.036509509007132124
2021-08-09,-0.09403502649565354,0.062499048324760054,,0.13047506729755298
2021-08-10,0.09921869538640493,0.255109773508444,0.24452908174765753,0.40159003556112793
2021-08-11,0.12749307180150993,0.44102819521985026,0.6517669295252659,0.821918072513661
2021-08-12,0.41378077354785603,0.4743470537235339,-0.1978772534620532,-0.37326542886546576
2021-08-13,0.1606016320923942,0.07970920767679246,-0.13526586468035617,0.3538745886331185
2021-08-16,0.2617422261993241,-0.6465819693751484,-1.6359217365856438,-0.900326751079028
2021-08-17,-0.7085743507136755,-0.14383034362204228,-0.3593195995348353,0.3780947430556125
2021-08-18,-1.0806652845255726,-0.16647107204796896,0.5869434607506108,-0.16445946745360374
2021-08-19,0.12559032561583194,-1.55665760686734,-1.110842303273607,-1.5518775426848208
2021-08-20,0.8108603890741861,0.5510038267857453,-0.9869231383712318,0.4099872907231017
2021-08-23,0.8487667984411473,0.6948658447008427,1.7649050341704609,0.2972495874116632
2021-08-24,0.1494618801961778,0.03974280380276696,0.8614036217755583,0.23603861969139217
2021-08-25,0.22176574032517493,0.0727351690471778,-0.026322524756139387,0.34043831358641086
2021-08-26,-0.5841949827603443,-0.2694292889771077,0.06305822742369571,-0.3516630125409037
2021-08-27,0.87690715404527,0.5049703772286307,-0.3652664724107524,0.3222871142467554
2021-08-30,0.4297324106874001,0.18641315227529986,0.5345395700230071,
2021-08-31,-0.1350026915892144,-0.05692885617296639,1.0746570738684014,-0.3966980159768596
2021-09-01,0.031164006095174557,0.7326964152230886,1.278676415440394,0.4218739832108298
2021-09-02,0.2838605754405421,0.11419475878184926,0.32455857327242654,0.1970154817502845
2021-09-03,-0.033508726118114396,-0.714250871645028,2.02740842848268,-0.35658638636313356
2021-09-06,,1.045211413994629,1.8091983232443098,0.6813045373585069
2021-09-07,-0.340135245232176,-0.4986380068055851,0.8602505903672508,-0.5273269855493368
2021-09-08,-0.13194368138158552,-1.139239976455464,0.8821421394829443,-0.75676431490308
2021-09-09,-0.4616247150002195,-0.000958530465311469,-0.5749250194810429,-1.0099422755253329
2021-09-10,-0.7752552286277137,-0.16195985687286196,1.2374730172400206,0.07115715872316741
2021-09-13,0.22739003463705387,0.45885159644338813,0.21545347479641208,0.556120301143892
2021-09-14,-0.5763213966258007,0.05106993843533303,0.7288634799051508,-0.48643676399482416
2021-09-15,0.8438294222079534,-1.0969675911809418,-0.5177650818120938,-0.25052462868693226
2021-09-16,-0.1552344712765219,0.5755360372159402,-0.6192867215801812,0.15665055894960034
2021-09-17,-0.9152630275798046,-0.9404150070894346,0.5810640705258052,-0.9134427772307774
2021-09-20,-1.7123077726381553,-2.133796387636089,,-0.8610140851994075
2021-09-21,-0.08126886585468895,1.3236640525059684,-2.1888260363455814,1.1105717814016813
2021-09-22,0.9474585224218401,1.2774687262789186,-0.6735517720276363,1.456183164783198
2021-09-23,1.2061680369937378,1.0720148583008182,,-0.07061249667010827
2021-09-24,0.14599428113637458,-0.8717470115181314,2.0352292452042064,-0.38075195192384115
2021-09-27,-0.27802439201884965,0.16747297114694248,-0.028930941850369152,0.16861480060725853
2021-09-28,-2.0574317739892933,-2.5939202570461006,-0.1856865005535724,-0.5010095238404233
2021-09-29,0.15679543362843162,0.525859353313507,-2.1420226877342685,1.1332661765873553
2021-09-30,-1.1981202945015923,-0.790818741575805,-0.31062277333990806,-0.3071634277700852
2021-10-01,1.1425952113334858,-0.3162053434250467,-2.341385465210699,-0.8403323576139599
2021-10-04,-1.3070952048643392,-0.968422436752725,-1.1401826196943077,-0.2293772605028721
2021-10-05,1.0469517498600922,1.7123065515139757,-2.213719618209886,0.9383888849086475
2021-10-06,0.4094399349623856,-1.3067655050493343,-1.0596115909995873,-1.153998386100774
2021-10-07,0.8264039225066355,2.113012895316757,0.541025393639849,1.1667132710362793
2021-10-08,-0.19155566024213755,-0.6130939240247102,1.3305327196388106,0.24835054723055805
2021-10-11,-0.6889441644339911,-0.018905904459032286,1.589007787514518,0.7203795195529494
2021-10-12,-0.2419705686554252,-0.42890734497724736,-0.9434071860249915,-0.23393706751377863
2021-10-13,0.3017955870230793,0.6927690371245632,-0.3204851211991766,0.16255061559853345
2021-10-14,1.6919162285711664,1.598122249664513,1.4487522157883959,0.9185108043931578
2021-10-15,0.743252063718991,0.8125397240032584,1.7970116343965614,0.3642207414019438
2021-10-18,0.3369087801804227,-0.7561610697361942,-0.14862072367733958,-0.41834960682525235
2021-10-19,0.7366142784235308,0.370997039411769,0.6526650715114712,0.18999950933000775
2021-10-20,0.3657333598560797,0.12806918047374438,0.13692670936436002,0.07756046007934003
2021-10-21,0.2991393168359835,-0.3948165312868568,-1.8873290460238223,-0.4551368839045722
2021-10-22,-0.10731292246628499,0.7928597924339087,0.3347726667771056,0.1986856146285021
2021-10-25,0.47369594408532834,-0.01193727661998878,-0.7122703329841329,0.2522937855497176
2021-10-26,0.18181414322437917,0.8478169697884397,1.7523615159790396,0.7558488625976523
2021-10-27,-0.5064370371105298,-0.07318856186824263,-0.026697470704029058,-0.3344640151020428
2021-10-28,0.9781288424184353,0.3072886743389347,-0.9604991327044843,-0.0524009822328253
2021-10-29,0.19474372317169752,0.3934256653240098,0.2515895042801475,-0.1642827748810305
2021-11-01,0.17984589459025813,0.7012114093477351,2.577503791667546,0.7021823858220699
2021-11-02,0.36736071203886667,0.3672749490855054,-0.4265140631222408,-0.18952026576126713
2021-11-03,0.644049461288887,0.311176472701824,,-0.3566574677398293
2021-11-04,0.4173222342817695,0.5491190137844271,0.9220920339972238,0.4267392690501026
2021-11-05,0.37258500452850285,0.6830499860015493,-0.6154246755880166,0.33050308566568987
2021-11-08,0.08873940607010411,-0.24118351899016233,-0.35359295672030555,-0.049301549577585035
2021-11-09,-0.35049109263987077,-0.18166630987579424,-0.7538065190404453,-0.3622781232094141
2021-11-10,-0.8259842163861109,0.09639307459945456,-0.6120066557498305,0.9059770255417376
2021-11-11,0.05507883329887164,0.21087330089333278,0.5860465069670084,0.5976492054049487
2021-11-12,0.719669756412955,0.2825302484332326,1.1279575044772727,-0.49280640496984773
2021-11-15,-0.0010739878016252646,0.3622416345420376,0.5618440363518218,0.05442251121614561
2021-11-16,0.3857779057126365,0.348221786033065,0.10512177342896223,-0.3392614758901402
2021-11-17,-0.2605015482895823,-0.015454500754685796,-0.4026768855505125,-0.4897986862916426
2021-11-18,0.3379064740171245,-0.3895467003411923,-0.3024946616317692,-0.4839455502073875
2021-11-19,-0.13996446049873157,-0.6231015481949598,0.496117462081358,-0.4475255697728997
2021-11-22,-0.3202258316960638,-0.408969999406672,0.09489330204210944,0.44063448339031197
2021-11-23,0.1655761383194232,-1.2727351863251357,,0.15424932011089965
2021-11-24,0.22912237766679056,-0.17686365526081715,-1.5960900737674422,0.26935506390355357
2021-11-25,,0.3965289923323567,0.6687530215405246,0.33021326791775607
2021-11-26,-2.2987011159321113,-4.8599452834340084,-2.567174884058865,-3.712178783437281
2021-11-29,1.3113836082823127,0.4861448558504122,-1.6400641070772437,0.932605318119073
2021-11-30,-1.9143381187848973,-1.1367344226281162,-1.6475002612546419,-0.7128016347706989
2021-12-01,-1.188554145795706,2.8171454477725177,0.40841063729057936,1.5350126932300867
2021-12-02,1.4094638396057846,-1.7166687850556528,-0.6545302986172175,-0.5525300836053404
2021-12-03,-0.8484455141738678,-0.680743684638152,0.9902792205819466,-0.09683740187682588
2021-12-06,1.1662599309685717,1.3863714883120437,-0.3652854731369004,1.5326397979883666
2021-12-07,2.049560318625332,3.306736703326507,1.8737783260188934,1.476812772576075
2021-12-08,0.3080535586585498,-1.0132624510209354,1.4133042329316226,-0.03406621187060921
2021-12-09,-0.7206988232523415,-0.5873466659242155,-0.4693796227389413,-0.21966619757609607
2021-12-10,0.9503769118209604,-0.21741767621268338,-1.0066035444097565,-0.40374788186525734
2021-12-13,-0.9178158342793452,-0.38462782288917197,0.7103284379750718,-0.8317760795568674
2021-12-14,-0.7498722854624162,-0.9253753935480447,-0.7283656079192014,-0.17715997280625118
2021-12-15,1.6216267351891744,0.3653680163768769,0.09519759608487277,-0.6643844652467479
2021-12-16,-0.8781863311112303,1.009150168898465,2.1090347371833573,1.2445286338738981
2021-12-17,-1.0340964584054646,-0.9690127858450026,-1.8074526100972932,0.12800393595959747
2021-12-20,-1.1453398323256536,-1.3115105110744096,-2.1524612136678556,-0.9939313202844247
2021-12-21,1.762175538519628,1.6387560012562474,2.054009630890974,1.3714897290011407
2021-12-22,1.0128728029126677,1.00261974536906,0.15634638603732043,0.605234309526459
2021-12-23,0.6204412685251626,1.1505553151458514,0.8234210223793781,0.42948906488735616
2021-12-24,,,-0.05480734447065316,-0.016272288874397134
2021-12-27,1.3744051573606697,0.5171985190258965,-0.36940751890224277,
2021-12-28,-0.10106653988870562,0.5569885451315315,1.360121391640412,
2021-12-29,0.1400913401857551,-0.6304744258164519,-0.559816496069665,0.657080086993922
2021-12-30,-0.2994233841905114,0.4944718157952721,-0.3992127753704722,-0.23880952112236287
2021-12-31,-0.26296343734735217,,,-0.2502114576731884
2022-01-03,0.6353824170387767,0.5962122075114706,,
2022-01-04,-0.06298202522039276,0.8230528702327433,1.756104326733876,1.621293077047703
2022-01-05,-1.9583264304500858,0.560056924304142,0.10359560244843635,0.15576662811191966
2022-01-06,-0.0964233740180731,-1.5450612063913738,-2.92061778631858,-0.8886096818031319
2022-01-07,-0.4058441082335662,-0.4398285820114367,-0.03268098030346778,0.4673362018122518
2022-01-10,-0.14420705375393084,-1.5519876616007622,,-0.5358136544442615
2022-01-11,0.911828645239865,0.9862707188895925,-0.9032702562802086,0.6172748323125532
2022-01-12,0.2813792014666916,0.810666934956572,1.9063479926556326,0.8017046426669339
2022-01-13,-1.4346029234399538,-0.011358153475171662,-0.9659678856499099,0.16141879384736768
2022-01-14,0.08196442695904693,-1.0179292289739905,-1.2889405981770352,-0.27669364082480996
2022-01-17,,0.6986042489366184,0.7412304295531413,0.9000891485582585
2022-01-18,-1.8559105398008313,-1.0355354172888909,-0.26954776568821615,-0.6273592120804139
2022-01-19,-0.9736790941460072,0.2453634525613424,-2.8356387023382723,0.34448104322954975
2022-01-20,-1.1098742304332276,0.7313403662625007,1.106811923215112,-0.06194778680725932
2022-01-21,-1.909599532463524,-1.6426306525167078,-0.9066670773178132,-1.2056555478405784
2022-01-24,0.27679047582704897,-4.230511082207755,0.23991526869551194,-2.6625317624759504
2022-01-25,-1.224659055686672,0.5877557491318797,-1.6704764448194354,1.0130473610407975
2022-01-26,-0.14977569258860512,2.094982678263868,-0.4433101002884854,1.3246985569898229
2022-01-27,-0.5398635199970414,0.487933075336322,-3.1631200669648862,1.1248712828342278
2022-01-28,2.405596791473563,-1.1550416676431752,2.068757712973479,-1.1744124170290249
2022-01-31,1.870982622298456,0.90693986051118,1.0597427042283059,-0.022774794144275745
2022-02-01,0.683956034831823,1.1870552331714634,0.282911978555056,0.9519932131560438
2022-02-02,0.9378400448323276,-0.05683752298857314,1.666772906044045,0.6243927992992226
2022-02-03,-2.469347172011993,-1.9378606804892229,-1.067247161196505,-0.7173259098406604
2022-02-04,0.5143678439862853,-1.3233685464847156,0.7266855724729737,-0.16483536799540843
2022-02-07,-0.3708580927828109,0.8280637120062551,-0.6989426145976196,0.7568025044506044
2022-02-08,0.8366113466633962,0.2106701744281736,0.13074703982969282,-0.08453961776471175
2022-02-09,1.4412842079265076,1.7962031382984023,1.0766636414174968,1.0032601777817618
2022-02-10,-1.828182448505622,-0.1671202891637691,0.4204762120240346,0.37869435520292427
2022-02-11,-1.9151682638085532,-1.0018843841447023,,-0.14869376024595482
2022-02-14,-0.3847990755629027,-2.208935658971889,-2.251058791976668,-1.703500792834589
2022-02-15,1.5643717646064204,1.9313091907255497,-0.794892563592775,1.0211086335759845
2022-02-16,0.08808197202831991,-0.15673957598032473,2.1913604902611183,-0.06705052943321022
2022-02-17,-2.1400504136936505,-0.5825247699204894,-0.832031306846126,-0.8770814637035329
2022-02-18,-0.7191961663865598,-0.9504817771547991,-0.4076868917675114,-0.31625572419340386
2022-02-21,,-2.19785964539696,-0.7817536844072492,-0.39072577408845177
2022-02-22,-1.0194735435016256,-0.00602144817971606,-1.7288872506689756,0.13219470663656807
2022-02-23,-1.8583735748787689,-0.30305942549180287,,0.05336036912968467
2022-02-24,1.4846105252724229,-3.694522834653924,-1.8267777661227669,-3.9610241843270444
2022-02-25,2.2126080551265304,3.626045074817874,1.9283935003281627,3.844926368433299
2022-02-28,-0.24455914631271725,-1.1769719699053383,0.1898761335011656,-0.41745596048254896
2022-03-01,-1.5594467786611332,-4.119652335247892,1.1912871323403351,-1.7324652720972722
2022-03-02,1.8471046780650369,1.4431258643149647,-1.6969246262657833,1.3469207323035803
2022-03-03,-0.5268520744245109,-2.084344209506739,0.6956388067262509,-2.6002786961482727
2022-03-04,-0.7965684543002283,-5.092230932103092,-2.251875885601251,-3.5403641923586804
2022-03-07,-2.9962586814415104,-1.239082470388908,-2.9844319534683805,-0.3957973053486441
2022-03-08,-0.7260043975698238,-0.1975040686415852,-1.7214607475319,0.06607627038057728
2022-03-09,2.537359812214035,7.174547892938143,-0.29659556463279557,3.2020156207613226
2022-03-10,-0.43010499202473795,-3.0910858482993575,3.8604716409492923,-1.282052239150211
2022-03-11,-1.3046278933238398,0.9645568712027597,-2.0751505835390205,0.7927251377216393
2022-03-14,-0.7448675095533375,1.462625562247588,0.5748718221441962,0.5282559912499707
2022-03-15,2.1182629724146196,-0.07995470943260585,0.15252740211888494,-0.24774954138209182
2022-03-16,2.213692164839287,3.974928303557057,1.6261034171026978,1.6036396698151378
2022-03-17,1.227220506870097,-0.11240817700617356,3.39966939139682,1.2754769817082234
2022-03-18,1.159481441188781,0.4396617410657555,0.6527248945621622,0.2623448512766302
2022-03-21,-0.04347548543019997,-0.5303007351621147,,0.5078404241473322
2022-03-22,1.124069955407414,1.1352714533131802,1.4678094880970605,0.4598179941043057
2022-03-23,-1.2348630252494885,-1.459876192804721,2.953481907126587,-0.21556912661910843
2022-03-24,1.42420122816187,-0.1507920180324973,0.2501507265566971,0.0911013552757467
2022-03-25,0.5053380704236332,0.11227580008625893,0.14023840601673498,0.21403545385112466
2022-03-28,0.7119551020043247,0.4995636855056773,-0.7343071763589393,-0.13773016836431395
2022-03-29,1.2182044101392009,2.9175792136891587,1.0980521456373182,0.8554082358712023
2022-03-30,-0.6313588999089959,-1.0812392749395272,-0.8001863680156873,0.5490848213376864
2022-03-31,-1.57763352268816,-1.440429951237654,-0.7370675383853609,-0.8360658111627117
2022-04-01,0.3404420961462762,0.41323416371241706,-0.5603059324508664,0.29494237897047526
2022-04-04,0.805838253213409,0.8244267728905186,0.25446625887894925,0.278204835678153
2022-04-05,-1.2631159074006248,-0.8456053808808761,0.18553908886840276,0.7223617693572493
2022-04-06,-0.9764433912478054,-2.4065655953629417,-1.5876043670234097,-0.34207408113804405
2022-04-07,0.42443655520365553,-0.594752609665683,-1.7026225425759378,-0.4742621343590159
2022-04-08,-0.2654546675552538,1.4714968045099752,0.36095298132163833,1.5478555934919314
2022-04-11,-1.702133458469568,-0.4871410980854307,-0.6106297786500292,-0.6711253455000232
2022-04-12,-0.3423300530453588,-0.2124899970569416,-1.8306421605785772,-0.5475447621780205
2022-04-13,1.1112603268902177,-0.09165199088325693,1.9125230898787038,0.05409347814566701
2022-04-14,-1.2218480383507924,0.5398200595317704,1.216368914128907,0.46850950782229006
2022-04-15,,,-0.29046467202782367,
2022-04-18,-0.020488927240691623,,-1.0891283064312418,
2022-04-19,1.5930044749387307,-0.4666995129237961,0.689338391656058,-0.19845446950377266
2022-04-20,-0.06186664061829106,1.7095065274533638,0.8588508251262894,0.36637565193746724
2022-04-21,-1.4862855551310616,0.7979750644597772,1.2240626347200134,-0.015732838261328652
2022-04-22,-2.813207637736781,-2.2663062089973707,-1.6385823713898517,-1.4033485528678113
2022-04-25,0.568176514411256,-2.1697155461923856,-1.9163283627124272,-1.895081521458053
2022-04-26,-2.8550008928597492,-0.9688596107164216,0.4103149121295502,0.0772033767901803
2022-04-27,0.20958490249647355,0.35621778966294926,-1.1810186796596511,0.5320081893252393
2022-04-28,2.4445655340832317,1.1283944461633055,1.7330145112021356,1.1195458821761761
2022-04-29,-3.6959159784695217,0.6818099378614662,,0.47031270386028723
2022-05-02,0.5659199293818418,-1.8691283887076082,-0.10945798650485727,
2022-05-03,0.4825465075359858,0.7673221526049545,,0.22110187333943543
2022-05-04,2.9425221557326964,-0.9671216470287902,,-0.9007129146914039
2022-05-05,-3.6300677564099715,-0.7642602544514432,,0.13069196375230518
2022-05-06,-0.5690384413952643,-1.8417611630367148,0.6875689126312423,-1.5499384176365538
2022-05-09,-3.2561519539603623,-2.859596333407133,-2.5664705198281013,-2.34595721694717
2022-05-10,0.24548817604088669,0.7890829484454187,-0.5801142653581337,0.36791832699041294
2022-05-11,-1.660023209569772,2.584465111909573,0.17770282613085442,1.4324241000322147
2022-05-12,-0.12968049941122217,-0.9486026902179034,-1.7894965382351913,-1.569202909392331
2022-05-13,2.3589267956868554,2.45992551195382,2.6025880887729613,2.5241129907003668
2022-05-16,-0.3954208517722435,-0.48938847776796024,0.45078345011493326,0.6262146295302529
2022-05-17,1.9968919581462075,1.512646469283574,0.423627752983613,0.7154723604237745
2022-05-18,-4.1233809291247425,-1.3662298563607678,0.9387590439720483,-1.0737883361430889
2022-05-19,-0.5850864777348974,-1.5677372668326583,-1.9070953595912599,-1.8371283485191015
2022-05-20,0.014613109199146379,0.6501745952466109,1.2652695270855219,1.188356542928659
2022-05-23,1.8384995412059624,1.3946440608910038,0.9768873878993389,1.6560345060895543
2022-05-24,-0.8153950903556861,-1.6539324232704544,-0.9428181775581024,-0.38672387310398904
2022-05-25,0.9406385648931703,0.8065957624685538,-0.2633173418788104,0.5117541833078221
2022-05-26,1.9688166007719943,,-0.273863991144907,0.5580732350125572
2022-05-27,2.4441130195821614,3.520553537927462,0.6624911759971042,0.27194147328390983
2022-05-30,,0.8564223169786445,2.1708625686219563,0.1922887743786461
2022-05-31,-0.6294135193666506,-1.3736639353734148,-0.3280155487793479,0.09995000121705289
2022-06-01,-0.7510905041154814,-0.7860923904067008,0.6507050902586187,-0.9867549118409258
2022-06-02,1.8263225415545037,0.9422015099660896,-0.16040952887550475,
2022-06-03,-1.6482405609817619,-0.3026863066722285,1.2603215669571455,
2022-06-06,0.3132489407036587,,0.5543381651321511,0.9933269843090287
2022-06-07,0.9478331531719064,0.6081405341937796,0.10046071090883402,-0.1223151563221947
2022-06-08,-1.085262304015444,-0.468953796478111,1.033647325674636,-0.07767168923287215
2022-06-09,-2.4086457665156047,-1.7164462479229314,0.04334297881012361,-1.5502102597105605
2022-06-10,-2.95424148114094,-3.42075918347291,-1.5061246776426174,-2.145592805008789
2022-06-13,-3.9539931990040245,-2.723458574941695,-3.053779419783531,-1.5382509396975053
2022-06-14,-0.37808180394893753,-0.7830742663362145,-1.3338433209455047,-0.25428240634592925
2022-06-15,1.4487058836534672,1.6308641651141542,-1.1469991551654957,1.1880438047688457
2022-06-16,-3.305220711384038,-3.0004177841364665,0.39819734170531973,-3.1905698820514417
2022-06-17,0.21984473410121552,0.30729649946898974,-1.7872653416068474,-0.40821596248150627
2022-06-20,,0.908193854956707,-0.7414054865350295,1.4924489311415101
2022-06-21,2.418247496067316,0.6941587792168136,1.8267035866816883,0.4245558493336077
2022-06-22,-0.13024200953584142,-0.8438511576674301,-0.3693416738139277,-0.8833506781021683
2022-06-23,0.9487072485557135,-0.8216287741404926,0.08294681912399682,-0.9738086176998451
2022-06-24,3.01055397299006,2.7803050460686762,1.2180214728484628,2.6468034272509655
2022-06-27,-0.29774998903402405,0.16147969360940095,1.421597392773144,0.6843139883489613
2022-06-28,-2.034867314949551,0.29373346998120553,0.6609769075371474,0.8929072946305183
2022-06-29,-0.07119988201722549,-0.9901525105739495,-0.9093937742891356,-0.15168526284021766
2022-06-30,-0.8797866246368358,-1.7064102877110798,-1.547319649630019,-1.9749841453615247
2022-07-01,1.04985112966407,-0.18976935628973735,-1.7483023208399118,-0.008363919310205858
2022-07-04,,0.11911388443870408,0.8377618403397236,0.8888083045574646
2022-07-05,0.1582875106192816,-2.7185011079318144,1.0257758269007766,-2.906605038106136
2022-07-06,0.3566795705065573,1.8288043069510707,-1.2024267181146797,1.164635804359726
2022-07-07,1.48537231809307,1.929340061794349,1.455889429875512,1.1373258521558682
2022-07-08,-0.08306163961275814,0.5160817653697691,0.10058972212600992,0.09871324321633068
2022-07-11,-1.159441766052538,-0.9991171830828094,1.106758527809859,0.00555697759594409
2022-07-12,-0.9286868497493828,0.4414630346719406,-1.7898875723922458,0.18463621928734852
2022-07-13,-0.4466864111815738,-0.9531834943997453,0.5381371269265856,-0.7448020442881287
2022-07-14,-0.30031388127653713,-1.6746378591754763,0.6197851150488987,-1.6427314656073833
2022-07-15,1.9019231658633728,2.3449451149412326,0.5430484024131488,1.6790573482593274
2022-07-18,-0.8398742485836053,0.9918484060476018,,0.8927788636691858
2022-07-19,2.725351764373052,2.1292997633297617,0.644498974150487,1.0069248528299823
2022-07-20,0.5878493941057883,-0.06134251804965629,2.6302928249540614,-0.43954304600024585
2022-07-21,0.9813066689504879,0.3138518824057357,0.44244132416828563,0.08531518523664516
2022-07-22,-0.9376287293813235,-0.0005566392673017617,0.40080759105389774,0.08111560135635187
2022-07-25,0.13143029733058142,0.21303423662466514,-0.7746667439471722,0.4100741953736886
2022-07-26,-1.1610342599263745,-0.8022809069425207,-0.15911661335223926,0.0
2022-07-27,2.5820048778628646,0.9026732430118756,0.21866727828978583,0.5718448914093344
2022-07-28,1.2060319791912022,1.2237079524281214,0.3591873442433169,-0.03947855395463051
2022-07-29,1.4107775781754484,1.5189930015887754,-0.04976828632443642,1.0576533783911657
2022-08-01,-0.2827076544916096,,0.6871933770378646,-0.13479997905072594
2022-08-02,-0.6684688378872039,-0.6349560652045838,-1.434213856409805,-0.058017268451493464
2022-08-03,1.5517456270091046,1.29188957768811,0.5319090323201436,0.49277231596622784
2022-08-04,-0.0777642449584448,0.5892803400875835,0.6836197462446236,0.03222686375963235
2022-08-05,-0.16270690189177373,-0.781026541530494,0.868579015209825,-0.1128427715283209
2022-08-08,-0.12383171221213018,0.8507798936944866,0.2600655485329284,0.5723031382627752
2022-08-09,-0.42577442359270634,-1.120101345641089,-0.8863447787437195,0.07748912162703903
2022-08-10,2.1067158460407853,0.9104216688093913,-0.6472009464602024,0.25207781081402203
2022-08-11,-0.07057229222020567,0.2051570319283158,,-0.5503279141809259
2022-08-12,1.7174046951492272,0.5245665514149067,2.5820061972448016,0.46770270542246806
2022-08-15,0.3961684056234205,0.33860276339812145,1.1313455526009264,0.11059611542609815
2022-08-16,0.18739228259470053,0.41080194641232026,-0.009938019980459956,0.357585830571594
2022-08-17,-0.7264114867647109,-1.3003249343633172,1.218294095343353,-0.2697374472180769
2022-08-18,0.22669896063849393,0.566006533588137,-0.9649497712791444,0.3466681405932093
2022-08-19,-1.2983928713039106,-1.2536577409040461,-0.0408157692092459,0.11264023387713706
2022-08-22,-2.16323664664948,-1.9517356880069059,-0.4706131785384926,-0.22009923867472025
2022-08-23,-0.22403704344373665,-0.15593366292474542,-1.1939579972739978,-0.6084429840823802
2022-08-24,0.29119166987232603,0.4081968035647421,-0.4907128733808719,-0.22193246291877244
2022-08-25,1.3993241836107728,0.19286516806449328,0.5829628498275952,0.10969281432426925
2022-08-26,-3.426857631703939,-1.9472438791321878,0.5685238819934213,-0.7030335607652205
2022-08-29,-0.6688675197326077,-0.924708113523387,-2.698023919572279,
2022-08-30,-1.108941649211559,-0.24087420770442236,1.129291474352101,-0.8885061050206033
2022-08-31,-0.7847738208154098,-1.2620269114142602,-0.3697148456442534,-1.0569667942144534
2022-09-01,0.2991752267195835,-1.736507167245982,-1.5427586805573767,-1.8805101255468415
2022-09-02,-1.0794552570724036,2.5048854805474363,-0.0384393976702313,1.8393166126742244
2022-09-05,,-1.545861307029206,-0.11300965530480767,0.08511054410096364
2022-09-06,-0.41034646908961747,0.2898332666743997,0.024980544401032034,0.178231174205834
2022-09-07,1.8174848666170362,0.05570212256280627,-0.7127540192513493,-0.8611861964700651
2022-09-08,0.6588966880441305,0.293387878079443,2.2884929829325884,0.3351790823735712
2022-09-09,1.5156014981211996,1.6282974141249795,0.5311690715995354,1.2180918519419492
2022-09-12,1.0528651483996398,2.1193737319823214,1.153562789621887,1.6446549772807018
2022-09-13,-4.419916303197446,-1.6682998407265615,0.25376367859699656,-1.1723760959501561
2022-09-14,0.3381289078845384,-0.5205644913067076,-2.8212605756998244,-1.4812876532202424
2022-09-15,-1.1382272168150465,-0.7249645057330056,0.20573308206675023,0.06594081040276478
2022-09-16,-0.7208049775663028,-1.1752180711329885,-1.1119882597142805,-0.6253967187557663
2022-09-19,0.683369772470499,-0.02628385814453793,,
2022-09-20,-1.1336114736598901,-0.9301590043385488,0.4371274427324323,-0.6098678418551273
2022-09-21,-1.7264674098507626,0.7121792136553395,-1.3646702007566347,0.6223023267931893
2022-09-22,-0.8463293830454077,-1.8711380124102561,-0.584946296728539,-1.084952709037701
2022-09-23,-1.7382828767329883,-2.3183685567163437,,-1.9876364268558433
2022-09-26,-1.0394360890281007,-0.18053792054057993,-2.6959705515139376,0.03418761717473018
2022-09-27,-0.21226109548244665,-0.41702109483416905,0.5294703148868152,-0.519791855334617
2022-09-28,1.9481144181153098,0.199585793430046,-1.5087299656647346,0.2973526806753668
2022-09-29,-2.1352794823098264,-1.7011936442163034,0.9433112959962742,-1.783006905026241
2022-09-30,-1.5181351546209143,1.1871743969871673,-1.8520265034402073,0.17712313700073423
2022-10-03,2.555457753092938,0.7197820735942884,1.0683211877694276,0.21735044599804354
2022-10-04,3.0125341416800566,4.169854332253031,2.9186475360381436,2.5395632556577397
2022-10-05,-0.20199875589383964,-1.0605682060308652,0.47426391395894996,-0.4795208615473001
2022-10-06,-1.0297922911394863,-0.41475621586606337,0.7009584841032535,-0.7872024559191004
2022-10-07,-2.840319653147816,-1.7033972590580149,-0.7172571412214168,-0.08864069486822501
2022-10-10,-0.7520673133653233,-0.5519663513425144,,-0.45590589907309464
2022-10-11,-0.6540518412323948,-0.49363150943992906,-2.6716635640770647,-1.0704657728528133
2022-10-12,-0.32961996501654767,-0.2643954426519102,-0.01674273715561725,-0.8606030378443208
2022-10-13,2.5634259307631524,0.9223308938700825,-0.6057297051158983,0.3524240020272629
2022-10-14,-2.394712074452876,0.5732431431273,3.20060685912118,0.12400524223217246
2022-10-17,2.613552455756185,1.7560663656112752,-1.1694615663753183,0.8912228323200821
2022-10-18,1.136276820708737,0.6426865085414235,1.4105108818645462,0.23814860947464211
2022-10-19,-0.6694455239685482,0.21369401768467355,0.3721146819223975,-0.16881331909139874
2022-10-20,-0.7982686738765565,0.6206173817801641,-0.9229696382430319,0.27255101956917827
2022-10-21,2.344775986044745,-0.46546497513375584,-0.43186029663093706,0.3708647993221348
2022-10-24,1.1811940205111782,1.4608223554940736,0.3130776172056926,0.6335941455672511
2022-10-25,1.6135770015873518,1.624864433440365,1.0156952001189268,-0.007128854039883947
2022-10-26,-0.7415140398988385,0.5487506999525493,0.6640606360081236,0.6055641602051409
2022-10-27,-0.6101185053184466,-0.022193309231788305,-0.31618947705993605,0.24912038944151504
2022-10-28,2.4328036770855377,0.23581512441719354,-0.8816919498205067,-0.36823584999048364
2022-10-31,-0.7482327030336577,0.1250254498518899,1.7635793057989346,0.6618485791081596
2022-11-01,-0.41096637203583697,0.9212338338766557,0.3309754192086345,1.284271141297566
2022-11-02,-2.5319843737483083,-0.7977462900097265,-0.05612088519306724,-0.5875692472121941
2022-11-03,-1.0642422531956797,-0.7991537795751569,,0.6209596570563747
2022-11-04,1.3526823285562983,2.6136217002177276,-1.6902477923210313,2.013366658802518
2022-11-07,0.9568061679360085,0.5534585063170283,1.1983190470850502,-0.47557699103286666
2022-11-08,0.5582282828759944,0.8184700030502867,1.243591133114741,0.0835280871708477
2022-11-09,-2.0996784712302485,-0.3013135499468689,-0.5601157977400462,-0.1342285447014646
2022-11-10,5.395251566479686,3.1299305764280305,-0.9801299747598691,1.076920930364622
2022-11-11,0.9198312304770084,0.5687577383284292,2.9349640171799862,-0.7799486285669843
2022-11-14,-0.8975940544917904,0.49020173539897627,-1.0674666623296858,0.9140957388908078
2022-11-15,0.8675376414668534,0.7069487772115579,0.09543336404256308,-0.21417454765195743
2022-11-16,-0.8286283111873516,-0.8286940667488807,0.13613675912758083,-0.2472686736075147
2022-11-17,-0.30941046442301,-0.11235654043169063,-0.3492942806184729,-0.06395824394651584
2022-11-18,0.4747295648158456,1.189777440403006,-0.11033708360361771,0.5294609164653963
2022-11-21,-0.38912498002758866,-0.39723871531922583,0.16123161194663282,-0.11651355722737122
2022-11-22,1.3488606269829617,0.5260734102751741,0.6098825819371712,1.0236291575045797
2022-11-23,0.5897266041737126,0.41999364435092446,,0.16624739886097473
2022-11-24,,0.39325299717862805,0.9463969589150523,0.01875061707750092
2022-11-25,-0.02830842622021379,0.010598200004174885,-0.35315865067016006,0.26883844192795436
2022-11-28,-1.556469679406547,-0.6811921778853147,-0.42589271123372185,-0.16978080166616394
2022-11-29,-0.1593133701623728,-0.02719377817168578,-0.4804729833436383,0.5071410842669266
2022-11-30,3.0478643521295368,0.7666683027144572,-0.21018915163271146,0.8100765840238111
2022-12-01,-0.0868009829606109,0.49766065584933017,0.9149971198194606,-0.19297499395740658
2022-12-02,-0.11953746637622942,-0.16578165499900877,-1.600562144312434,-0.03043136384501821
2022-12-05,-1.8056249630971521,-0.5386631403379027,0.1528823999322526,0.1494317745560636
2022-12-06,-1.4503869422986426,-0.4392282358605115,0.23504995287950692,-0.6110484050532605
2022-12-07,-0.18641072533824854,-0.4653909163348402,-0.7178746101496714,-0.4290269038122574
2022-12-08,0.7493634413933137,0.0094391524656956,-0.4052449310000483,-0.22725155229164073
2022-12-09,-0.737671946421159,0.5429920749730144,1.1773997793296687,0.058866295415960224
2022-12-12,1.4178307299649973,-0.5289657454813579,-0.2105353189792325,-0.41011808057991317
2022-12-13,0.7263223255456808,1.6440599310650228,0.40331674254687755,0.7612624006315016
2022-12-14,-0.6071116623836303,-0.2906291281703943,0.7177272735878759,-0.09334080858991456
2022-12-15,-2.52374779018254,-3.5738222460937052,-0.37187591177811896,-0.9341877278583155
2022-12-16,-1.1200239946012047,-0.8293527340677898,-1.8877539028801849,-1.2752332045479875
2022-12-19,-0.9048328941103634,0.1896185516228499,-1.0571806137493311,0.39745389990315516
2022-12-20,0.10368006978893618,-0.22984802126266857,-2.4891276389492845,0.12626062172476082
2022-12-21,1.4758548669055571,1.8153770382378198,-0.680980972017764,1.704380241250547
2022-12-22,-1.4557142498146547,-1.2698564401862455,0.45428605479571615,-0.37416692365219717
2022-12-23,0.5850952271915233,-0.16439225347291142,-1.0337711266382499,0.049526450901282715
2022-12-26,,,0.648237502842619,
2022-12-27,-0.40578440346585865,0.41516636359766323,0.15892918914062193,
2022-12-28,-1.2093470442948728,-0.6299611982887754,-0.40679145968809394,0.3233118605932006
2022-12-29,1.7310634314993578,1.0771899878220026,-0.9414925486892045,0.20653042466900473
2022-12-30,-0.2543975646110752,-1.4770608465044077,0.0031810968897261205,-0.8152727310285712
2023-01-03,-0.4008572481273731,2.310445653639448,,1.3648254659328174
2023-01-04,0.7510694562139264,2.334039188069248,-1.4577780520939498,0.41085308834531986
2023-01-05,-1.1713869136457333,-0.36528890800191505,0.4033615296563653,0.6347449681587847
2023-01-06,2.2583835589031764,1.4629276755503184,0.5909848697617903,0.860893597147161
2023-01-09,-0.07679273259917352,1.256192908673981,,0.3293473388122692
2023-01-10,0.6953997970594372,-0.27467519786483763,0.7735924254403059,-0.3943077152683827
2023-01-11,1.2767571192293659,1.0371225800017925,1.0278746253945314,0.3956034862039104
2023-01-12,0.34100849120424215,0.6544873953595598,0.014444666834023678,0.8892384132709097
2023-01-13,0.3988892144656475,0.582778749762447,-1.2566455232761342,0.6407462383617002
2023-01-16,,0.14926205756982114,-1.1443663259038672,0.20376721306600842
2023-01-17,-0.20325554309970073,0.41602248278405085,1.2176951332296682,-0.11584292146764597
2023-01-18,-1.5684966977744352,0.00023394445083368964,2.465425960658507,-0.2588981522858802
2023-01-19,-0.7667671901812056,-1.936533971696086,-1.450834290542602,-1.0707560336058464
2023-01-20,1.8741673552352012,0.6237982692772093,0.5600554711332251,0.30030236856593007
2023-01-23,1.1811315951328893,0.7476995218427263,1.3188092820058728,0.18128999443884908
2023-01-24,-0.07117563642928815,0.05299223986465762,1.45062495124062,-0.35130800696094866
2023-01-25,-0.01817415734652883,-0.11830092751150545,0.35038600766128525,-0.16126642971094896
2023-01-26,1.0947708029114267,0.6217236536780746,-0.1178272065743613,0.20895396887539164
2023-01-27,0.24917340217047723,0.09649881265350047,0.07237349662219117,0.0528148712081844
2023-01-30,-1.305356931529289,-0.4649335593212456,0.18549290191334222,0.2533709422621655
2023-01-31,1.4536304416418844,0.11584394751817939,-0.38820365100900034,-0.16969916454847578
2023-02-01,1.0398056296885727,0.1917181488884978,0.07232501287042226,-0.13648664892187412
2023-02-02,1.4592384626853416,1.6566127042016987,0.20153796209587682,0.7586065343843984
2023-02-03,-1.0408592637284997,0.3967451895610097,0.39121229730536555,1.0380402250207865
2023-02-06,-0.6159393193939877,-1.2413515232752914,0.6673179544042895,-0.8272704596569369
2023-02-07,1.2790364037398305,0.09174030953946755,-0.029540691141072273,0.35665646355464986
2023-02-08,-1.1142573012412171,-0.0038048823837399937,-0.2857914963641406,0.26031925368776854
2023-02-09,-0.8869009831038,0.969125186708375,-0.08012685115108553,0.3291892182552658
2023-02-10,0.21928557092181222,-1.2358040919988156,0.31356587766140365,-0.3634389224664858
2023-02-13,1.1383569951155081,1.0290025477084797,-0.8844619206005433,0.8224896147233096
2023-02-14,-0.028045385549368973,-0.061322194768642646,0.6376504698627272,0.07923535537024406
2023-02-15,0.2769337533075955,0.9691646123378916,-0.3662497000801679,0.5504117301610378
2023-02-16,-1.388468920488073,0.4010646223511216,0.7050249309804357,0.18363428071630494
2023-02-17,-0.2771242172283195,-0.5207640206467801,-0.6640488825082613,-0.10114439618380544
2023-02-20,,-0.08751936648838665,0.06833888802475485,0.12360433474931654
2023-02-21,-2.024478397347096,-0.4877103644435721,-0.21394354843202734,-0.4564761885042401
2023-02-22,-0.1574795485643321,-0.17708168544015024,-1.3514193598920698,-0.5933952606142157
2023-02-23,0.5315278263237744,0.35949224620654974,,-0.2891714120529798
2023-02-24,-1.0593464619775617,-1.880831081854062,1.2799816645850726,-0.36740525900995635
2023-02-27,0.3068292539552431,1.642171484499677,-0.10758349274588852,0.7133028169659994
2023-02-28,-0.3040619830947833,-0.22694896993247227,0.07873081414384586,-0.7437742945105796
2023-03-01,-0.47364642034928295,-0.535358154545662,0.2582463281266101,0.48888210209128147
2023-03-02,0.7553593731197239,0.5874862092223765,-0.06420077781204014,0.3669880066775377
2023-03-03,1.6018749176483382,1.2702569440955713,1.5465935761209693,0.03901677890798538
2023-03-06,0.06869307788477386,0.44095570064381917,1.1049955307690595,-0.21793045143922996
2023-03-07,-1.5445590479263416,-0.810451982425775,0.25246599720496476,-0.1299717497220243
2023-03-08,0.14137941356029415,0.22154275524393086,0.47584698557425753,0.13123403914860887
2023-03-09,-1.8631857945480945,-0.05434857018915551,0.627194204749415,-0.6312509042036396
2023-03-10,-1.4583969436067434,-1.3291097156415077,-1.6882697580859585,-1.6841546034912724
2023-03-13,-0.15109018407386543,-3.1948100457050543,-1.1112183423046318,-2.612422929487046
2023-03-14,1.6342388235363714,2.004177112316441,-2.2194058738628897,1.1655834214515437
2023-03-15,-0.7005363929353692,-3.5198039998585173,0.027332226392751124,-3.9066228965188188
2023-03-16,1.7409576249031389,2.013342448047517,-0.8070498494960887,0.887870551866321
2023-03-17,-1.1080621273952929,-1.2708599555878664,1.189390283692937,-1.0118509452265556
2023-03-20,0.88788696359412,1.3301077217613866,-1.4301017831783724,0.9294945361613571
2023-03-21,1.2898647518557738,1.498161398298592,,1.7711226899265853
2023-03-22,-1.6600248639841553,0.3366266094813497,1.9148448739832347,0.4052128880990935
2023-03-23,0.29800838691826925,0.27228765565556756,-0.17126343391282717,-0.8920532189414132
2023-03-24,0.5623963084302019,-1.835556928002724,-0.12538807650823713,-1.2626731423296178
2023-03-27,0.16455995637674192,0.8197517959011691,0.333998129242552,0.8912940448176698
2023-03-28,-0.15750832883885124,0.08616145867446079,0.15048923552214433,0.16715591948450736
2023-03-29,1.4136870775047328,1.5015511331334608,1.3195711620534567,1.0632318716233158
2023-03-30,0.5698999199482913,1.2716356333285717,-0.3623340468637437,0.7389063199889634
2023-03-31,1.4333327782036775,0.6890321338588024,0.9263067151335846,0.14818018455304838
2023-04-03,0.36920225658025885,-0.0927418060962637,0.5216831491598128,0.5397022405963625
2023-04-04,-0.5813839745162142,0.09899923290301871,0.3515489367783786,-0.5030224554099405
2023-04-05,-0.24954816571209903,-0.393791816496325,-1.6904303120467645,0.371304079822643
2023-04-06,0.3572773132802354,0.2576808292086952,-1.2322609355463143,1.0217907759418665
2023-04-07,,,0.16613535552778558,
2023-04-10,0.09958070170092981,,0.418297936036538,
2023-04-11,-0.004135333298194155,0.5516746672068251,1.0429341310553397,0.5680345636797313
2023-04-12,-0.41434563234616917,0.017069777291034427,0.5689758721851845,0.5009409197572978
2023-04-13,1.3175510497831056,0.6717178835554449,0.2641250478744084,0.23742493383451801
2023-04-14,-0.2071517584578686,0.6285100953302702,1.188001185124854,0.3627042639765321
2023-04-17,0.3300703582615583,-0.5284137880471107,0.07475617912273691,0.09650060684336381
2023-04-18,0.08548548034656989,0.6012721755370265,0.50390761625696,0.37874631255139235
2023-04-19,-0.008426554794027652,-0.008657074877582716,-0.18185555057552705,-0.13410887313423103
2023-04-20,-0.5970335188310472,-0.19844013350382994,0.17745972105149832,0.04810071342422617
2023-04-21,0.09027812573005889,0.5397207890775135,-0.3257535664921818,0.14541594497536892
2023-04-24,0.0851216778272601,-0.15413711941860697,0.10199954487344343,-0.024009431360560995
2023-04-25,-1.5937183818577338,-0.5455745206969453,0.09281285522710903,-0.26703422453966397
2023-04-26,-0.3848583503344827,-0.6908497882536224,-0.7139299492267881,-0.4890854915574394
2023-04-27,1.9377193402696946,0.23754040750691985,0.14491290438094495,-0.26778557130846536
2023-04-28,0.8219331313243927,0.028913660438334432,1.391511222421471,0.4967466942336074
2023-05-01,-0.03861810485101813,,0.9201237270609397,
2023-05-02,-1.16539066805732,-1.48971481636071,0.11931661595259158,-1.2478120564749062
2023-05-03,-0.7022908054892696,0.3563054133746135,,0.19792444725670322
2023-05-04,-0.7244913455062729,-0.538557199030798,,-1.1077487840097433
2023-05-05,1.8306166381879763,1.2379326666811963,,0.9792702077959348
2023-05-08,0.045202648488285035,0.18919676054309775,-0.7161487474567352,
2023-05-09,-0.4589938949060013,-0.589504144796571,1.0067995528450169,-0.18400911979856716
2023-05-10,0.44739422419137753,-0.37845613435578684,-0.41340117129404774,-0.29409508359705683
2023-05-11,-0.1698064889705364,0.0694070935072233,0.015591764320888046,-0.13831150413974314
2023-05-12,-0.1584561589439204,0.18846161296259822,0.8940672461564603,0.3099736382354834
2023-05-15,0.2953797680316228,-0.03404394733195204,0.8067162687943608,0.29744615094848825
2023-05-16,-0.6398107681917509,-0.020861885569267713,0.7286154015913482,-0.34259083987393524
2023-05-17,1.182068862207153,0.1787347952575402,0.8362207831783763,-0.3605970163102157
2023-05-18,0.9400723063727412,,1.5835487754504385,0.2469964641960587
2023-05-19,-0.14469138806756376,1.6532940210428393,0.7638069626374033,0.18839813991267107
2023-05-22,0.015502267980238571,-0.22024833652363185,0.8998200744894547,0.18160989728617238
2023-05-23,-1.1285468768283735,-0.9910702478428846,-0.41599426373259973,-0.10299988035615826
2023-05-24,-0.7345512678305965,-1.8275793548859554,-0.8925686738269434,-1.7661150208478915
2023-05-25,0.8719456079012033,0.1382782209926603,0.38530896952604365,-0.7395769374829442
2023-05-26,1.296468093164016,1.5768598699006375,0.37324885346539105,0.7408893235554714
2023-05-29,,,1.0208593347257988,
2023-05-30,0.0016603130665870935,-1.0643163565697833,0.30248911739914064,-1.3875463796823695
2023-05-31,-0.6127358186214238,-1.728440726746605,-1.415347680197776,-1.0154948773989148
2023-06-01,0.980621508585422,0.9337363428171486,0.8386449465126233,0.591840555118317
2023-06-02,1.4429812390106989,1.5361951938913876,1.2005810343094225,1.549946286734638
2023-06-05,-0.2005591490657821,-0.7028142573897611,2.1751439164994224,-0.09600396312201553
2023-06-06,0.23511302338512508,0.04610792622337101,0.8941060586920457,0.3690562758352556
2023-06-07,-0.3819293926420997,-0.07709347860451743,-1.8412015928754855,-0.04983206671358431
2023-06-08,0.6169571607523849,0.13434914067147474,-0.8574379060419801,-0.3231690854507363
2023-06-09,0.11474010230507758,-0.18375933171483894,1.95260514759088,-0.4920211313351075
2023-06-12,0.9277974981754866,0.6204836497824218,0.5218937477408758,0.10969720344835565
2023-06-13,0.6908570725908447,0.7169796821422381,1.7865250724732107,0.3178217620385837
2023-06-14,0.0819089980126364,0.6518067144035911,1.454522497208366,0.10396961785392733
2023-06-15,1.2104580493589978,-0.24847830930792014,-0.05055716493078677,0.33615171007639333
2023-06-16,-0.36783764677519315,0.67808275007053,0.6566021543038758,0.18859792932239827
2023-06-19,,-0.7408781545974463,-1.0008245860937848,-0.7117026025076356
2023-06-20,-0.4746353835235695,-0.4420132829608292,0.05538785712833061,-0.25333763249015817
2023-06-21,-0.5259086366924848,-0.4705846491319221,0.5562117186668658,-0.1335176769062585
2023-06-22,0.3703930387334964,-0.4237706249975659,-0.9283777872582277,-0.7595738664305074
2023-06-23,-0.7688288056503012,-0.766329420348022,-1.463662943263877,-0.5359591270757136
2023-06-26,-0.44969343631322545,0.20953638822298615,-0.2526820951192832,-0.11129101329689917
2023-06-27,1.1390733524182295,0.5751339274901568,-0.49199211039372415,0.10593161334160328
2023-06-28,-0.0354139388390351,0.913074315626794,1.9950002235873399,0.5213218597422298
2023-06-29,0.4463568114490002,0.22851921040469847,0.12088959692544421,-0.38471086189257875
2023-06-30,1.21943502618862,1.0144254067105507,-0.13580069380445536,0.7971648792851838
2023-07-03,0.11699930926720725,-0.021369007483151847,1.6859350876417878,-0.05578393332665854
2023-07-04,,-0.16292081912574474,-0.9849113318624703,-0.10101163050677542
2023-07-05,-0.19702580976126427,-0.9215726373463795,-0.25110493221234265,-1.0373189318059417
2023-07-06,-0.7954061175894367,-2.977199060496538,-1.7113259304490924,-2.1953539035516556
2023-07-07,-0.2869212795733489,0.3194033229497961,-1.1804652529155746,-0.3246814223601291
2023-07-10,0.24021386106269915,0.4688436805714957,-0.6153476953903336,0.23260972017258297
2023-07-11,0.6719583998254564,0.7035039517138131,0.0429853534301472,0.11953857045057248
2023-07-12,0.7383905235389676,1.7092987282845584,-0.8095157032979472,1.8179115847473781
2023-07-13,0.8434482989626346,0.7152457113878796,1.4772683607493065,0.32444307561707575
2023-07-14,-0.10249321969073577,0.18995050016386017,-0.08662261622038869,-0.07529644513581957
2023-07-17,0.38479695744211284,-0.9893952902018555,,-0.3800313894258167
2023-07-18,0.7092066941428499,0.29656611940023225,0.31634648096545703,0.636610149375727
2023-07-19,0.2355134827233485,-0.17064106248803057,1.2299928899908608,1.7883855267585957
2023-07-20,-0.6779827396258042,0.26213802814982756,-1.2403679745531804,0.7601291823883471
2023-07-21,0.03240420146131129,0.40342081207978,-0.5749539530009784,0.22991946430028776
2023-07-24,0.4026038496874662,-0.19101785864155119,1.2205006423659626,0.1942330256033742
2023-07-25,0.28107195758391157,0.18850493124222822,-0.056374168717887585,0.17175493624126403
2023-07-26,-0.015545097867608604,-1.0334893070345075,-0.04336568592986367,-0.19389938376104254
2023-07-27,-0.6445393055196647,2.303826330189729,0.6797525010879824,0.20689939710951677
2023-07-28,0.9829375810433305,0.42764675927440265,-0.4019164664210706,0.019496851815148375
2023-07-31,0.14676354365690258,0.10763395119361974,1.2527972240112817,0.06626214542215791
2023-08-01,-0.26686453076827377,,0.9133292872419929,-0.43083165083981356
2023-08-02,-1.393620063833545,-3.0613872529318797,-2.3235832125465095,-1.375125362840457
2023-08-03,-0.25512254502917386,-0.7376410753645146,-1.690916759452854,-0.42940005166567374
2023-08-04,-0.5314169373939137,0.6548247386016115,0.10402377829858978,0.46641981524455645
2023-08-07,0.8983618964856888,0.1058737498231821,0.19181736306013164,-0.13096063632431765
2023-08-08,-0.4227205100058029,-1.127949076723489,0.37977766032462057,-0.3593728508732852
2023-08-09,-0.7063619102046559,0.6618519215326302,-0.5356304168039117,0.7926087463825837
2023-08-10,0.02506825210808472,1.5333508880774005,0.8328085297360843,0.4116867449839745
2023-08-11,-0.10702648992282349,-1.4407439278885548,,-1.2468119953753742
2023-08-14,0.5734004879418109,0.20574105532098486,-1.2822658468051529,-0.22619325952817348
2023-08-15,-1.1618139396096794,-0.9667350825791843,0.5567162337129616,-1.5788966542029215
2023-08-16,-0.758408179262382,-0.10031226819648964,-1.4751148471606967,-0.44349844249218506
2023-08-17,-0.774281137752908,-1.3261302826276022,-0.44427915791196426,-0.6367975200362253
2023-08-18,-0.014871788395787178,-0.3525716283181879,-0.5556426356966071,-0.6560320613106185
2023-08-21,0.6855634859800119,0.28253575835730516,0.364606629162445,-0.06336135732247783
2023-08-22,-0.2781331046545432,0.8367519633630138,0.9178857261415985,0.1789574194207333
2023-08-23,1.0984330710790857,0.1477606720468927,0.48084047914453976,0.6812331757181767
2023-08-24,-1.3549353984007695,-0.8106916350824278,0.8614736525139222,0.17879093303054816
2023-08-25,0.6695501060296039,0.09517150933238128,-2.074604785739531,0.06815610647343817
2023-08-28,0.6245078594195874,1.3468045506158433,1.7108879931397425,
2023-08-29,1.4404068712057239,0.7605527241985044,0.1769663747822392,1.7077328944713699
2023-08-30,0.3825854181192412,-0.2582838744112692,0.32989349124949996,0.11647862507988549
2023-08-31,-0.15982129743399298,-0.42265060390995757,0.8802722864073687,-0.46403303286464137
2023-09-01,0.17975127655187606,-0.3372998113265524,0.2794410334614028,0.34085625982012147
2023-09-04,,-0.06470111090663977,0.6963051659461428,-0.15686750102172908
2023-09-05,-0.4202997821382226,-0.25055395051349905,0.2958111709421729,-0.2001236692656505
2023-09-06,-0.6996014491431168,-0.7264370818862886,0.6163708419794744,-0.15877027941666455
2023-09-07,-0.3216433115733608,-0.4075942727755688,-0.7547476271286158,0.2098508598951554
2023-09-08,0.14256060622575006,0.38234902299159046,-1.1715087540828506,0.4892803820455427
2023-09-11,0.6700951498135765,0.40370063210470875,-0.42744877640021883,0.24974413030722786
2023-09-12,-0.5712169023004421,-0.283879823794031,0.9460272539440595,0.407339263680484
2023-09-13,0.12408621175339363,-0.4439079802255108,-0.21334302236066804,-0.01992892025057813
2023-09-14,0.8394585533666898,1.323516853201312,1.4014185676380464,1.9357026378557407
2023-09-15,-1.223414584249305,0.3568554665385193,1.0944090098824688,0.49790222380430293
2023-09-18,0.07210276941744809,-1.1514077950279145,,-0.7615092577319515
2023-09-19,-0.2153327361533286,-0.07491683224873924,-0.8700827428024027,0.09534703587465998
2023-09-20,-0.9439204206291407,0.7813406250349431,-0.6603934555654334,0.9290667492274807
2023-09-21,-1.6536918318488247,-1.493568797149969,-1.3804724471997432,-0.6891534467802884
2023-09-22,-0.22982374027602503,-0.12897504682847227,-0.5190413824466944,0.06899664634989477
2023-09-25,0.4014994203807021,-0.9502703360652731,0.8488207569985917,-0.7826051705341897
2023-09-26,-1.4844165482264415,-0.9206286900447225,-1.1187924981461705,0.02229808190019611
2023-09-27,0.022928777229402897,0.06052638514475461,0.175768444736768,-0.42710115146267214
2023-09-28,0.5875877143001418,0.7205871591720481,-1.5546592783028501,0.11450675449200531
2023-09-29,-0.2713259648290389,0.3142937231082499,-0.04676089274866513,0.081527885022048
2023-10-02,0.007936440615274876,-0.8909823462294852,-0.30726878028506377,-1.2884785559908352
2023-10-03,-1.3839395863447734,-1.0212325296118152,-1.6570520903409047,-0.5406897797929133
2023-10-04,0.8077047607828902,0.1039604963944285,-2.302572907610667,-0.7754034369735763
2023-10-05,-0.13048811469964505,-0.0009766029746671734,1.7807566979314515,0.5247590082866793
2023-10-06,1.174564209396145,1.0824661001770153,-0.25999503944937885,0.5767419841285815
2023-10-09,0.6284068119388309,-0.7717211985847072,,-0.03202688122012631
2023-10-10,0.5194476099985579,2.22808895933273,2.3968154181213563,1.798942675511661
2023-10-11,0.4283819500095376,-0.1054047226727306,0.5966456222347816,-0.10755624923568519
2023-10-12,-0.6266024940655868,-0.06119336077325954,1.7325910850237491,0.32492829023862413
2023-10-13,-0.5031495660219321,-1.4904824582052,-0.5513611526101414,-0.593002542251142
2023-10-16,1.0538642302590162,0.33163871308161674,-2.053876768062679,0.4070864783560779
2023-10-17,-0.009824987944462293,0.05926060630052632,1.1970750340028147,0.5827885250891285
2023-10-18,-1.349040825115111,-1.1251983578656422,0.006120036844059484,-1.1426325140114102
2023-10-19,-0.8519032328058174,-0.3789517776386475,-1.9272794804599869,-1.1731700419490565
2023-10-20,-1.2665149196156023,-1.6180282877034102,-0.5463718307780141,-1.3072594725324294
2023-10-23,-0.1686992065435433,0.42323788802267615,-0.8346117888507365,-0.3695000197623699
2023-10-24,0.7239523519629643,0.5827022094042178,0.20237488430989714,0.20184084369461175
2023-10-25,-1.4443434657238186,0.19609921008072462,0.6660148309590497,0.33233763869944255
2023-10-26,-1.1903081205584698,-0.589708281537682,-2.159845638085578,-0.8084560473784919
2023-10-27,-0.48118385786217743,-0.8690738668406084,1.2660932162877003,-0.8644151270633671
2023-10-30,1.1938474300286828,0.34714733526204355,-0.955542895819228,0.4938903153011154
2023-10-31,0.6454084821687189,0.810939393235266,0.5259911084911195,-0.0778164840280482
2023-11-01,1.0451194990192647,0.7504139545398303,2.3785778266317337,0.2823183235532767
2023-11-02,1.8682938934086124,1.8861966624124094,1.0959410719522111,1.4078371985670302
2023-11-03,0.9349883544551574,0.12103618834800045,,-0.3875060931292751
2023-11-06,0.17514577241009022,-0.3847163927538588,2.3465628331987176,0.0013428516060898232
2023-11-07,0.2836093401711537,-0.12680495034125272,-1.3439972542796497,-0.10520516205581032
2023-11-08,0.10044110324205491,0.6029912226352963,-0.3269482165384474,-0.11207093644571842
2023-11-09,-0.811669069906884,1.2062902714113477,1.4811524772587958,0.7269136775157392
2023-11-10,1.549575927077207,-0.7557172403785728,-0.24028863434590875,-1.2837402294065825
2023-11-13,-0.08361884413705667,0.8263852079315015,0.052184683157463496,0.8818932266017043
2023-11-14,1.8895370474577788,1.396805931532974,0.3395179382737368,0.1977654197320433
2023-11-15,0.1595738207846864,0.5532459506337517,2.4882706618726047,0.6216762743193271
2023-11-16,0.11897193967129738,-0.30354212741485753,-0.28468263375174274,-1.0189430661938559
2023-11-17,0.1281227937178997,0.8867082948505356,0.4798994430357695,1.251078058686872
2023-11-20,0.7363103793794679,0.037777328238064456,-0.5887980525745462,-0.1053271277790202
2023-11-21,-0.20229759317569318,-0.24233072091348618,-0.10155686265740371,-0.19227563523465108
2023-11-22,0.40529050943138856,0.46338873162401484,0.29245162207178765,-0.16720734257198444
2023-11-23,,0.21346139105187234,,0.18859101782595644
2023-11-24,0.059669560964437096,0.24687416863340417,0.5179199506489596,0.061450162452025836
2023-11-27,-0.19560693168987342,-0.40543046699994534,-0.5303453051144658,-0.36792045304547827
2023-11-28,0.09796385280509412,-0.14685869896506887,-0.11750992520731529,-0.07374680850933402
2023-11-29,-0.09466966151023826,0.5163660504280188,-0.26126909899168993,-0.42611576095517023
2023-11-30,0.3776931264994232,0.2728307344730396,0.495964385612524,0.4073299184556234
2023-12-01,0.5856558953846402,0.8189940735569223,-0.16551177838248776,1.0091401129718847
2023-12-04,-0.5423188063826245,-0.08059289385844437,-0.6007633825083403,-0.2180491005166374
2023-12-05,-0.05690315939350654,0.8529825616921727,-1.3800228067111675,-0.30927845612307436
2023-12-06,-0.3913851944943758,0.6824029271536247,2.0238103402393293,0.3412166848066889
2023-12-07,0.7936610684822654,-0.21189501145073564,-1.7724523164329042,-0.02261887973933341
2023-12-08,0.4087134146503857,1.101258170504238,-1.6894113245278675,0.5415365321292498
2023-12-11,0.39168135477805066,0.37248088108867705,1.4867983025983023,-0.12715868195947166
2023-12-12,0.4588812795692121,-0.07888415273420435,0.15814139700598417,-0.027838540143143575
2023-12-13,1.3558345175020747,-0.14161386787385766,0.25133745915706385,0.07421673587266753
2023-12-14,0.2643565185154628,0.1978139044632954,-0.7318796344915057,1.323931300427006
2023-12-15,-0.007625240044895065,0.22621282550581157,0.8660262295698828,-0.9536780428812008
2023-12-18,0.4518122263400315,-0.6242198906473817,-0.6437625193790097,0.5016184398691337
2023-12-19,0.584926745082015,0.3151324332655747,1.3956623120535028,0.30814644937162683
2023-12-20,-1.479314796530673,-0.03484485300013773,1.3649917149242796,1.0121450549114286
2023-12-21,1.024876930727281,-0.19782052503245495,-1.602852111113684,-0.272543379362844
2023-12-22,0.16586821527599938,-0.07493975052561552,0.08620793280407213,0.03637952577086878
2023-12-25,,,0.2558764589570828,
2023-12-26,0.4222761046978718,,0.15571037922708086,
2023-12-27,0.1429435616422836,0.15270240361662246,1.1207850622049875,0.3566221967290062
2023-12-28,0.03701061103278391,-0.3096402325953207,-0.42134955825883225,-0.029775366888351584
2023-12-29,-0.2830477036734891,0.16091184453284058,-0.22520889429191726,0.13587046176457562
2024-01-02,-0.5676660799721844,,,-0.15141280516530742
2024-01-03,-0.8048618327197943,-1.639319308744902,,-0.5089689613306803
2024-01-04,-0.34342716633180004,0.580128902133481,-0.5269714915382195,0.5296894416520814
2024-01-05,0.18240216394342923,-0.23496462959364806,0.26740243029834687,-0.43470712243358633
2024-01-08,1.401594543635376,0.49101093212513547,,0.05980443980995176
2024-01-09,-0.1478993852318311,-0.40904278226410185,1.149117071816974,-0.13265787515859273
2024-01-10,0.5649980650495934,0.04051092782209054,1.9897733598368106,-0.41993561525774936
2024-01-11,-0.06712808369613299,-0.5992480505479847,1.7503017399745247,-0.9876325651037021
2024-01-12,0.07506937530337154,0.8459805270971898,1.4930834616704303,0.6354631743137773
2024-01-15,,-0.5672246664618186,0.9084692898838398,-0.39422382998566263
2024-01-16,-0.37383190523563314,-0.18358022926534545,-0.7902880814233626,-0.4830685206737684
2024-01-17,-0.5632731271107971,-0.9815152323255916,-0.3978508626845567,-1.4929032841168421
2024-01-18,0.8766720726242738,1.128489701974722,-0.03264021722166888,0.17175381001894863
2024-01-19,1.223830823254879,-0.09480529807426308,1.3918789557269662,0.03752837906780826
2024-01-22,0.2191921187231216,0.7053275392584268,1.6099587198297627,0.3451639965646791
2024-01-23,0.29171153407645534,-0.32213972726946594,-0.0804190817150996,-0.026714039025499403
2024-01-24,0.0811598976216743,2.175046747876763,-0.800316711348259,0.5595016248403084
2024-01-25,0.5246578134979529,0.3968771633690693,0.02756796796425931,0.026565010690760005
2024-01-26,-0.06519977554262368,1.15453675448709,-1.3485828250789922,1.390082263256609
2024-01-29,0.7528365505246271,0.08387536230358705,0.7686823457905945,-0.03143743456774928
2024-01-30,-0.06008303969800011,0.5018325159584336,0.10796632148757368,0.4392399947088066
2024-01-31,-1.6236851740732305,-0.30716680225850723,0.6104890191682699,-0.46675825916260294
2024-02-01,1.2416286114049768,-0.21104357327033085,-0.7614337201996335,-0.11014243983531458
2024-02-02,1.062777072263188,0.34325762221794065,0.40615172581617287,-0.08794234902165243
2024-02-05,-0.31914247092839076,0.015472154322715426,0.5409880221847629,-0.03414800895935599
2024-02-06,0.23077459317484283,0.7618175912417868,-0.5336852754735943,0.8905583032717601
2024-02-07,0.8207682594008503,-0.25657171931534606,-0.1127226273469617,-0.6819213609755792
2024-02-08,0.057042054009137644,0.6801079696048262,2.0371401924450083,-0.4374566741208952
2024-02-09,0.5725917128794222,0.10799876050899826,0.09257131776578831,-0.30194842590773874
2024-02-12,-0.09494041426520994,0.644248077103704,,0.01452628875568962
2024-02-13,-1.3768609419845035,-1.209691544868008,2.8495838400232287,-0.8140094082316196
2024-02-14,0.9534168304217161,0.424332810721495,-0.6889356594200535,0.7440020360567345
2024-02-15,0.5804372674040437,0.7183337235293408,1.1985736222371202,0.38375742364991083
2024-02-16,-0.48150435759612975,0.47282465679430175,0.859281438223114,1.4919435654631386
2024-02-19,,-0.054153721844940605,-0.04381470187304615,0.21761131467936679
2024-02-20,-0.6023426465818105,-0.05859365153568774,-0.2779228369199416,-0.12040375840296491
2024-02-21,0.1263401495103622,0.31524606513837483,-0.26479154113854264,-0.7372455763876573
2024-02-22,2.0902888666403996,1.6624315634924614,2.162727650731533,0.28670118029001657
2024-02-23,0.03478870265016809,0.35382613659979967,,0.2832837739781269
2024-02-26,-0.37939392446677545,-0.17007099348713695,0.3447651288933429,-0.2858889912371154
2024-02-27,0.17048955387206632,0.4400033500976619,0.014804013358293844,-0.01691650071418138
2024-02-28,-0.16595313211116292,-0.040333953683457935,-0.08027856224330776,-0.7577773392021925
2024-02-29,0.521547045579851,-0.12293143769532833,-0.10676941041740662,0.06555228028890525
2024-03-01,0.7975936433387787,0.3497494814773461,1.883356237457079,0.6857169726137258
2024-03-04,-0.11939745749618424,0.36828067925327446,0.4959021168307487,-0.5508171162755815
2024-03-05,-1.0245406275918967,-0.40485713902800313,-0.028929103249630828,0.07719740840652634
2024-03-06,0.5127932853001838,0.45716086908687004,-0.017078917647239678,0.43195537947688933
2024-03-07,1.0251402284984223,1.1877126467883414,-1.2349848220610582,0.171745647547894
2024-03-08,-0.6549922992050483,-0.26391391265168096,0.22760292437613572,-0.42729842206554736
2024-03-11,-0.11228682680286539,-0.6205317185832726,-2.2124439144521446,0.1239488935823374
2024-03-12,1.1139512586668232,1.0648132873821936,-0.05920421338121429,1.0196573960527644
2024-03-13,-0.19263840021217504,0.3475573174348767,-0.2620685669352696,0.3144382825924552
2024-03-14,-0.28752210514948473,-0.14868789797706228,0.28749786004720335,-0.3738225639192905
2024-03-15,-0.6504022859738612,-0.14229881045970671,-0.2573393824706116,-0.2042622569604191
2024-03-18,0.6298184238481497,-0.0654092896573033,2.633233169692417,-0.0621333960118875
2024-03-19,0.5633253044342368,0.5036736283621224,0.6600144707126887,0.20308924482499435
2024-03-20,0.8864765516360507,-0.15207213988173152,,-0.011629876022389851
2024-03-21,0.3231309094529067,1.0345653809794797,2.0096346003144916,1.859210984113524
2024-03-22,-0.14031718343261446,-0.4197009239508276,0.17812951745916905,0.6108698881906349
2024-03-25,-0.3059640382032214,0.2588507493706871,-1.1667874382368382,-0.16783680234144782
2024-03-26,-0.28037219828060955,0.39551896503695616,-0.039820357448583366,0.16909891667662436
2024-03-27,0.8593595582706115,0.346150480540075,0.8987142695916717,0.012607955636667612
2024-03-28,0.11158627007610278,0.03304793017466778,-1.4695785848523713,0.2593720846396863
2024-03-29,,,0.5000688724820179,
2024-04-01,-0.2015614526957421,,-1.4128554374174485,
2024-04-02,-0.7265388203672174,-0.8181419285984148,0.08995332843309001,-0.22029629036577347
2024-04-03,0.10905275233383804,0.5390048900707711,-0.9763096225270829,0.028978481065955464
2024-04-04,-1.2411035619262378,0.029778386235257415,0.8110845201292349,0.4838729313238588
2024-04-05,1.103805013569925,-1.110709180611913,-1.9833325305466332,-0.8144981062443435
2024-04-08,-0.037470119004190394,0.6222150579770158,0.9062225347250319,0.4074482516196909
2024-04-09,0.14444494736345348,-1.0989485647471042,1.0770805318376375,-0.1095859920797082
2024-04-10,-0.9501981832212181,0.19876796250617446,-0.48218973947022903,0.3321642538832492
2024-04-11,0.7417221983342159,-0.6852270044470643,-0.3522450416880929,-0.4708902704932072
2024-04-12,-1.4657587802247463,-0.23525055927855476,0.20495331962848695,0.902053849705986
2024-04-15,-1.2094195787460293,0.5929942472825189,-0.7383565011142679,-0.37716865572914315
2024-04-16,-0.20586245275033832,-1.3632478781932633,-1.9603262428336876,-1.8384024373986563
2024-04-17,-0.5797375076005196,-0.05818974052029802,-1.332947757531855,0.3523030606237043
2024-04-18,-0.22106017004848155,0.45560175194996333,0.3100899692189074,0.37011059635521093
2024-04-19,-0.879712965405588,-0.375051046987096,-2.691776328656026,0.23837968160744794
2024-04-22,0.8693351156837892,0.3807283794573735,0.9938960219701087,1.6080950756451884
2024-04-23,1.1893566567723113,1.4343067536378484,0.30283958610546335,0.26013198964900397
2024-04-24,0.021298737793173927,-0.3658725416004316,2.388986747093824,-0.05470746442224339
2024-04-25,-0.4586934270118803,-1.0246979089089336,-2.1859548546204977,0.4776891512216608
2024-04-26,1.0157381332325244,1.36421355409162,0.8106664523147344,0.7509873129651012
2024-04-29,0.3173408076639461,-0.5158283124682583,,0.0884175635228246
2024-04-30,-1.5855551118928446,-1.2092200318544855,1.2336961166960592,-0.03560106262927576
2024-05-01,-0.34413534856305716,,-0.3432707364844134,-0.2815800146553471
2024-05-02,0.9087024725083381,-0.6239498773872754,-0.09928221606987364,0.626022381288216
2024-05-03,1.2478557659509448,0.6292282180845987,,0.5040967630577597
2024-05-06,1.0273173691247806,0.7183347420118835,,
2024-05-07,0.13425282288253015,1.1860117075871202,1.5545197991112758,1.212563795892585
2024-05-08,-0.0005835635194628708,0.4390146598918676,-1.6426932896045798,0.48476096004392843
2024-05-09,0.5078032639108443,,-0.3366462701084316,0.3262622027113693
2024-05-10,0.16480400801661688,0.9267871883524847,0.40661294398880443,0.6232406758865494
2024-05-13,-0.024133317386620945,-0.12042687560516185,-0.12995517200291573,-0.22315907016938752
2024-05-14,0.48261485274547766,0.026184573321863525,0.4614797697557904,0.15554870920517772
2024-05-15,1.1647827787300002,0.4048621340292158,0.07732912365234768,0.2097938522711118
2024-05-16,-0.2083837474089023,-0.5593001503136463,1.3829193670177986,-0.08409618044264988
2024-05-17,0.11640956878942177,-0.16396165146730368,-0.34200740353895753,-0.21828575753346513
2024-05-20,0.09159703084904436,,0.7251802816574227,0.046310554717621244
2024-05-21,0.2498749766893127,-0.33922851670400433,-0.3146768419547641,-0.09144745479474636
2024-05-22,-0.2709791209351664,-0.43328037477348147,-0.8504718172265058,-0.5504362058019296
2024-05-23,-0.7408162283471853,0.24705289059454572,1.2509560559346156,-0.37223908896333313
2024-05-24,0.6976649076673169,-0.04348137022702758,-1.1758677609725154,-0.25936072113914577
2024-05-27,,0.4713422762829822,0.6548645747686876,
2024-05-28,0.024877090688590897,-0.5718823029148723,-0.11484333638698274,-0.7651519342891433
2024-05-29,-0.7394317215743129,-1.3438850257065482,-0.7711996733373638,-0.8651121513548077
2024-05-30,-0.5992957535752907,0.3816848185341115,-1.31247315472649,0.5848551790062828
2024-05-31,0.7995824231928239,0.029897020128721863,1.1334274515716558,0.5367690015022575
2024-06-03,0.11154602235343702,0.39791179884680616,1.124227282209489,-0.15238161622086466
2024-06-04,0.15016810037842276,-1.0077493052456532,-0.22008694809763085,-0.3734490972643556
2024-06-05,1.1778015849955636,1.6476454356864068,-0.8982336194035767,0.1820499319469704
2024-06-06,-0.01998366016362496,0.6616652458063754,0.5527405274230901,0.4633338816468324
2024-06-07,-0.11158420502788147,-0.35136563021076483,-0.05060777643546288,-0.48273202069424315
2024-06-10,0.2577529978241344,-0.6919138548923343,0.9115373048006248,-0.20517784074431944
2024-06-11,0.2706714855209569,-1.0297095887407792,0.24721839569696868,-0.9855809862026277
2024-06-12,0.8467720241887022,1.3868954379375964,-0.6616436461156283,0.8274685718474117
2024-06-13,0.2341911437117261,-1.9846362254911654,-0.4027012303160049,-0.6325092405617738
2024-06-14,-0.039393828099854034,-1.9716937633001308,0.24270292578609798,-0.20600466947353624
2024-06-17,0.7635164372320702,0.8494218484749183,-1.8517038755762272,-0.05770370534250446
2024-06-18,0.25181541815175734,0.7156152643215563,0.9915082748824133,0.6012153827542832
2024-06-19,,-0.6125978409480481,0.2301079287747143,0.1683272967117233
2024-06-20,-0.2529127395412445,1.2667441630554777,0.16128180508072631,0.8180896262999227
2024-06-21,-0.15633517188238244,-0.8205029002267494,-0.09465499459437865,-0.4215558359222271
2024-06-24,-0.3069879155868094,0.8861680248662296,0.5379255418052509,0.5314936822108152
2024-06-25,0.3925873679182956,-0.3036280523263102,0.9451478701709704,-0.4089664839028728
2024-06-26,0.15711962247202393,-0.4066277649554806,1.252985709193588,-0.2731728032419056
2024-06-27,0.09069098567984213,-0.2717278109564347,-0.8240446064592177,-0.5559247401865974
2024-06-28,-0.4092013462368982,-0.17516409161881796,0.6120772585004985,-0.19089932713534097
2024-07-01,0.2671990981429673,0.7322951555970292,0.12114119172448312,0.03306256326318646
2024-07-02,0.6176205771184939,-0.48107831242028,1.1131879285798618,-0.5599180808822268
2024-07-03,0.5071562269533203,1.2048149009734388,1.2549106953283484,0.6125600127555586
2024-07-04,,0.4356395185652673,0.8169604997016577,0.8554524085321091
2024-07-05,0.5433974360968818,-0.16233472356805834,-0.0031220967546374823,-0.45483761941529366
2024-07-08,0.10161824764054472,-0.19217710191519188,-0.3223577924496013,-0.12685415702407
2024-07-09,0.07407974780644366,-1.3411918247340893,1.941450490047103,-0.6575571310865058
2024-07-10,1.0156314878106087,1.1202116274944274,0.6037900728172119,0.6575571310865058
2024-07-11,-0.8801649969266023,0.3476608908023593,0.932792557624218,0.36304076034063826
2024-07-12,0.550186402496422,1.3352655905352506,-2.477723273719512,0.3593136455426915
2024-07-15,0.2822216423354007,-1.19509461785956,,-0.8505869517730247
2024-07-16,0.6369049971452156,-0.710505426069652,0.20468730102205512,-0.2214364555738868
2024-07-17,-1.4025441523644488,-1.145829296830314,-0.4306932836295019,0.276413397186559
2024-07-18,-0.7847112145350721,-0.43722179348186785,-2.3918685076836255,0.21229834247247226
2024-07-19,-0.7165879226405991,-0.8843677192444943,-0.15603542332218723,-0.6014491139049838
2024-07-22,1.0734217246220368,1.4437683330697837,-1.1669045033961822,0.5270685028705202
2024-07-23,-0.15593176939461273,0.39452650217750573,-0.01164080731701489,-0.38371694630594533
2024-07-24,-2.3421242222893213,-1.123471099865192,-1.1163120170305518,-0.16787728972609273
2024-07-25,-0.5155889019716753,-1.0460045343917201,-3.3377988958594784,0.40023929458943286
2024-07-26,1.102942040957089,1.0589592616550902,-0.5351079703331152,1.20569320626025
2024-07-29,0.08129795718279098,-0.9735641697771413,2.1047807021563614,0.08083188592777901
2024-07-30,-0.49725143613663647,0.5304243710764212,0.14889444032437638,-0.21730214928883385
2024-07-31,1.5669980701916941,0.657612806000607,1.483700127882237,1.1248449032249752
2024-08-01,-1.3788123791989904,,-2.5263950828172455,-1.0161348033120632
2024-08-02,-1.8552906608553243,-4.9263242343808855,-5.989763815813376,-1.3209516534882226
2024-08-05,-3.042704139239305,-1.4570922270946696,-13.234076084751933,-2.057800163947654
2024-08-06,1.0300849493599884,0.07915575583297141,9.736558781039584,0.23074678055721165
2024-08-07,-0.7764715388770327,2.0088748403058077,1.1873132219445637,1.7315879024760505
2024-08-08,2.2781139590899,0.014569783247253554,-0.7393334923367689,-0.2685145891412333
2024-08-09,0.46607984343811637,0.13997298454615503,0.5550035735861769,0.28320935883403564
2024-08-12,0.0043033051721153015,-0.07274728611612602,,0.515310416957071
2024-08-13,1.6707233419049672,0.49195212901373964,3.389473732341308,0.30282338212224147
2024-08-14,0.3816436561198344,0.6936638341464629,0.5776917008342153,0.5558089011094225
2024-08-15,1.6004489931304988,1.6815668400111505,0.776864775440167,0.7974397281067525
2024-08-16,0.19878023683954638,0.6788793796284054,3.5731666750036695,-0.43220465281947895
2024-08-19,0.9675327436177383,0.6361297976109626,-1.7867651762056624,0.5459478276895524
2024-08-20,-0.19865272376087262,-0.2843067390873699,1.787421985532589,-1.0054153190202086
2024-08-21,0.42307147210056684,0.5686170601526541,-0.2923675020339189,0.12201208056445978
2024-08-22,-0.897294225665668,-0.005727270098354609,0.6806784828738088,0.05551262276810576
2024-08-23,1.1417937401663636,0.494175003146502,0.4002806509589618,0.479060668425646
2024-08-26,-0.3158710169605783,-0.2551580839520895,-0.6644090637962563,
2024-08-27,0.15939251127239373,0.04266959809058335,0.4670297831381731,0.21231792349514222
2024-08-28,-0.5993900794734941,0.29046650196207224,0.2169064503638296,-0.01916916536792712
2024-08-29,-0.003937984343771461,1.077824356761603,-0.024058262446757794,0.4269354259008651
2024-08-30,1.004245707914464,-0.167066347395739,0.7407324048038788,-0.03580764340274101
2024-09-02,,0.30389245164883505,0.13735500736942186,-0.15292116830973868
2024-09-03,-2.1377963372398057,-1.225026788764083,-0.03763543323511698,-0.7838070345902892
2024-09-04,-0.16038290273812095,-1.3183639361930233,-4.3281928963677885,-0.3488682542762689
2024-09-05,-0.30225810146742305,-0.683623591600302,-1.0596968439079646,-0.33794360159191683
2024-09-06,-1.741094450742331,-1.613939553763899,-0.7272484757153919,-0.7331149133142034
2024-09-09,1.1513534435817263,0.8532423577506165,-0.4840265089036677,1.0855708042960543
2024-09-10,0.4462699977795026,-0.6605193474563009,-0.15637975967148776,-0.7865621909779463
2024-09-11,1.0608555649842089,0.3444491100944802,-1.5029501852591665,-0.14755713488714406
2024-09-12,0.7467352156803386,1.0545470850125582,3.350069247070131,0.5731673110123126
2024-09-13,0.5393142234355608,0.6193836015670584,-0.6851697592505701,0.3887544651064445
2024-09-16,0.12558408673104537,-0.33831699279112115,,0.06405197633121418
2024-09-17,0.02645150938960228,0.6843234926442676,-1.0401771887623923,0.37978619121687984
2024-09-18,-0.2900658708313131,-0.5255740505223372,0.48758668905097835,-0.6786013788357081
2024-09-19,1.6834356892726277,2.210614989775017,2.108328530259307,0.9045796705878573
2024-09-20,-0.19429136300157523,-1.4639167163533529,1.5186932253689278,-1.192139033633488
2024-09-23,0.28053344257124024,0.2875809542379315,,0.36022762181850965
2024-09-24,0.25080311033462976,1.1225186617894067,0.5727396065864809,0.27927609960780586
2024-09-25,-0.18629832062124763,-0.48348684307857326,-0.18553582692977244,-0.17037262828818456
2024-09-26,0.4030542158199424,2.3258486459006633,2.748672159356147,0.19573023283179225
2024-09-27,-0.12540029000724928,0.6903039959823332,2.2956440414574786,0.4323752635306377
2024-09-30,0.42276036584407706,-1.3309823596349801,-4.9142484045678,-1.0122180624872357
2024-10-01,-0.9367848694454395,-0.9302357983777654,1.9130880809781203,0.48081618688424754
2024-10-02,0.013838132698751338,0.1843245708689878,-2.205684437304356,0.17142130770402275
2024-10-03,-0.16828286544594562,-0.8490000117271634,1.946863193229298,-0.10137197130806186
2024-10-04,0.8930255699185707,0.6806211851522193,0.2165177991704681,-0.022947282551655235
2024-10-07,-0.9632263829388421,0.2976433542894341,1.7882530048959566,0.27737262972564736
2024-10-08,0.9642706804694257,-0.4175944475635518,-1.0098407482882266,-1.3701941485836144
2024-10-09,0.7088231016995294,0.6760250929243483,0.8704771421628621,0.6462128778702336
2024-10-10,-0.20722685059819668,-0.24575701040490117,0.2617117951892567,-0.07280935021114487
2024-10-11,0.6033608707298299,0.6733372858933606,0.5694902776683719,0.19404058650263067
2024-10-14,0.7678114574593664,0.7384822684375791,,0.47140249602168893
2024-10-15,-0.7638566037513783,-1.8879664062902535,0.7665127640329672,-0.5247308693997255
2024-10-16,0.46682327827802794,-0.7715578070293105,-1.8466630153186614,0.962703563989642
2024-10-17,-0.017117512853737082,0.7830763537034713,-0.6892183328416124,0.6700914451332807
2024-10-18,0.3963686942773492,0.7846205434683284,0.18116818231561638,-0.32012409083286286
2024-10-21,-0.18244327564183038,-0.9075831424771863,-0.06966823068772499,-0.4809125015349025
2024-10-22,-0.047496666719659686,-0.03866505584095847,-1.4028011742254876,-0.14075679088083604
2024-10-23,-0.9233824267679935,-0.3399007950809718,-0.8027077189694865,-0.5783306501426111
2024-10-24,0.2143473130557183,0.26172444692509345,0.1008016366077058,0.13069679074853013
2024-10-25,-0.02994920131857981,0.15467164035047887,-0.6031456584009831,-0.2494290706545499
2024-10-28,0.2647934626732962,0.5395039896450626,1.8077186404159562,0.4451309603574316
2024-10-29,0.16128259449015303,-0.3994029089822604,0.7693276822784867,-0.799752258751063
2024-10-30,-0.3305691672489175,-1.306881599411902,0.9560211502865457,-0.7326338425038159
2024-10-31,-1.8790134928744706,-1.196716519212515,-0.5006238829107446,-0.6084949586094623
2024-11-01,0.4084158004525662,1.032840823194725,-2.6645231367668387,0.8239607064883359
2024-11-04,-0.28160448131906435,-0.5272426914148198,,0.08556725292425682
2024-11-05,1.2191031029562538,0.3750091593037297,1.1008459054551167,-0.14428787089659778
2024-11-06,2.498128095718677,-1.4414577756300062,2.580519251055513,-0.06976770113880093
2024-11-07,0.7403754173996191,1.0635604083407912,-0.25173510161593526,-0.31887390274345506
2024-11-08,0.3749794035718068,-1.0192035109245268,0.3016185126677229,-0.8425371655304659
2024-11-11,0.09685941909562956,1.06185396295011,0.0833801890626873,0.6519543595457478
2024-11-12,-0.2896851476936746,-2.2783157844132873,-0.3985093197872658,-1.2309039149878132
2024-11-13,0.02322007641417656,-0.091725551944144,-1.675963790874313,0.05605346537826961
2024-11-14,-0.6068108582244491,1.9468175006617017,-0.48140733296087035,0.5080331471489785
2024-11-15,-1.3291430866793519,-0.8034559510198491,0.2778257015227936,-0.0942075275844445
2024-11-18,0.3910159746206787,-0.09431267401129872,-1.0982102000303584,0.5651408088652943
2024-11-19,0.39557505205962684,-0.8195791103744909,0.5051943009872772,-0.12709298566822014
2024-11-20,0.002195062133480974,-0.4539646200054648,-0.16176232937343826,-0.1717723651928793
2024-11-21,0.532625184428781,0.5507368710881977,-0.8540882615983847,0.7909136411791806
2024-11-22,0.3461959591536612,0.6967092189004376,0.675352084274472,1.3746735202341043
2024-11-25,0.3015927820126052,0.225051614553351,1.2880098979135113,0.35762927950937495
2024-11-26,0.5705697155262257,-0.792316130614168,-0.8757664147848843,-0.4000003681179365
2024-11-27,-0.3808481083577675,-0.6074775160113788,-0.8018935726264331,0.1959693840497323
2024-11-28,,0.5373071887992964,0.5598303602310395,0.0773180833999021
2024-11-29,0.5592120396801903,0.9568150321566549,-0.36842440996416315,0.0736289905612253
2024-12-02,0.24454638805817552,0.8772102350603106,0.79506181087865,0.3084373192120182
2024-12-03,0.045134724202178234,0.6535550609443774,1.8926029526468824,0.5578128799699655
2024-12-04,0.603318162813693,0.8269530310714757,0.07012076020913582,-0.2827231944730002
2024-12-05,-0.18715258393822154,0.6597405704139803,0.3030583703951706,0.16302578081806018
2024-12-06,0.24923453675373963,0.5277232005955312,-0.775751635227806,-0.48986508393067396
2024-12-09,-0.6163167285226478,0.15417027991269094,0.1771927461179601,0.5221881539963391
2024-12-10,-0.29682843142797566,-0.6786590854778396,0.5274001603899237,-0.8621633895293357
2024-12-11,0.8132626411368804,0.15356261565049323,0.011817005498215849,0.25568966710345364
2024-12-12,-0.5428731461464054,0.1245292310146695,1.2040082388597995,0.12279481567833983
2024-12-13,-0.0026466989371698446,0.048732371916138106,-0.9548766811356302,-0.13845332146420475
2024-12-16,0.37921550087851585,-0.4219966403066877,-0.03282266535453715,-0.4612889967832601
2024-12-17,-0.3871479480656248,-0.08998752009503619,-0.23548866779670163,-0.8130104373439195
2024-12-18,-2.9936505304517524,0.29696820030444826,-0.7214353013518249,0.04757036509630552
2024-12-19,-0.08654867505377695,-1.5916879048123889,-0.6884469516956315,-1.1506199912064474
2024-12-20,1.0810479402397988,-0.3432861314429658,-0.2881483020553688,-0.2557115045236813
2024-12-23,0.7260849585616569,-0.19247370461332736,1.1801377612234987,0.22363340238538143
2024-12-24,1.0982233165126587,,-0.3183919836926563,0.4224198141386637
2024-12-25,,,0.23943053463852948,
2024-12-26,-0.04057410882580825,,1.112177442793083,
2024-12-27,-1.1117304964912478,0.9423901167156856,1.786167811105166,0.15718013945313913
2024-12-30,-1.0759673941729275,-0.6060545540577778,-0.9644420798439413,-0.35400638087761394
2024-12-31,-0.429400645898248,,,0.6382739233718127
2025-01-02,-0.22263631494485736,,,1.060060817254893
2025-01-03,1.2517356707824945,0.04456360450433294,,-0.43799379937325966
2025-01-06,0.5522766496818932,2.337068954258825,-1.4835536951940398,0.312015101134655
2025-01-07,-1.1166021516636704,0.5036723821357114,1.9555896231821635,-0.05335423739776246
2025-01-08,0.15591440938305112,-0.3083408478621763,-0.2554001402737427,0.06910877720276432
2025-01-09,,0.42978644593230086,-0.9448165395697927,0.8291814844415768
2025-01-10,-1.5531637650232355,-0.8134051761224725,-1.0525862433436117,-0.8594854332779178
2025-01-13,0.15742043780537784,-0.46417794562643167,,-0.2950314402077936
2025-01-14,0.11456233341640143,0.5286594958651136,-1.8441272742402148,-0.2763986861360479
2025-01-15,1.8147132504516605,1.0354827636895436,-0.0772831277627617,1.2070924714272735
2025-01-16,-0.2114924340865798,1.471934044713663,0.3324545404947088,1.0879012375600183
2025-01-17,0.9941478308393314,0.8068049842348657,-0.3145529356725518,1.3410762654025632
2025-01-20,,0.3130138119303183,1.1661824907962526,0.17972604510081425
2025-01-21,0.8730009440595765,0.029428087132998826,0.3220320892060258,0.3257385356505438
2025-01-22,0.6119181086994274,0.7688222269555567,1.5717529250936835,-0.03744363859254918
2025-01-23,0.5299419459529275,0.2239193552080465,0.7854336419606867,0.2349531617062084
2025-01-24,-0.2859215984466701,0.035836743899686496,-0.0673184112812919,-0.7358982626685773
2025-01-27,-1.4688059032112122,-0.5941688444284665,-0.921238986767392,0.015286334259378975
2025-01-28,0.9175644177716435,0.13982386054411933,-1.397098375757011,0.3545126767075857
2025-01-29,-0.46898760569202835,0.6704217446165117,1.0146759842852404,0.27966123166116574
2025-01-30,0.5261548152180495,0.9807068341533665,0.25133440530371587,1.0357795429499106
2025-01-31,-0.5059603990266837,0.08818471461182753,0.1479887812070757,0.3129125031128055
2025-02-03,-0.7637690729495716,-1.3129441980195722,-2.695421712456536,-1.0476685001270525
2025-02-04,0.7198907403029864,0.8906271606742067,0.7198344308639193,-0.14923060556011336
2025-02-05,0.3901053915614128,0.12396457947261297,0.08530063201508398,0.6106765035408301
2025-02-06,0.3637674355266185,1.6092138203434914,0.603485222360689,1.1988201893382566
2025-02-07,-0.9509845693660424,-0.5847216320509219,-0.7180479680020113,-0.30755260115977734
2025-02-10,0.6690112295453687,0.6158916338563358,0.03648066451997778,0.7705402176915399
2025-02-11,0.03395251436746349,0.6067506677382539,,0.1094383283042788
2025-02-12,-0.2727583189647831,0.273045399113947,0.41799742764645487,0.3412040827559082
2025-02-13,1.0372313214235263,1.7394312382879917,1.269429772496089,-0.4860008528945414
2025-02-14,-0.0071946395573618815,-0.12916433124612325,-0.7938866176857573,-0.36806153332182845
2025-02-17,,0.47997229819376486,0.06337882344098489,0.40570325068092217
2025-02-18,0.24420036555508062,0.25348636653177437,0.24513714463196834,-0.014825513700245097
2025-02-19,0.23741488668242994,-1.321890232249423,-0.2697497701554141,-0.6201698982014392
2025-02-20,-0.4343604884288865,-0.0025660896616486184,-1.2501544060141256,-0.569769317863944
2025-02-21,-1.7211396672539792,0.2527518591190159,0.25538034327592385,-0.04156016886387448
2025-02-24,-0.4981493566251771,-0.38596598244300395,,-0.004623875370057817
2025-02-25,-0.4690715138396584,-0.10750406862971573,-1.4001507204939756,0.11196172852105946
2025-02-26,0.013601502958415779,1.4594124495598493,-0.24985027052082387,0.7218316646888212
2025-02-27,-1.5991742678524545,-1.0077794917032534,0.2979137061922543,0.28248667877424083
2025-02-28,1.572978042066353,-0.16495865063586024,-2.919309480728316,0.6091366139564514
2025-03-03,-1.7753402648310157,1.4022092699226718,1.6812795454388407,0.6967915684185755
2025-03-04,-1.2310288231505595,-2.80728323020476,-1.209571009122179,-1.2739581828302704
2025-03-05,1.1097472528735608,1.8721773720578483,0.2329346113445041,-0.03654275679778607
2025-03-06,-1.797967710745496,0.5695067926106745,0.7632606712633105,-0.8372280807689592
2025-03-07,0.5505435045455087,-0.9475114173874033,-2.1927001907380728,-0.033398193331990456
2025-03-10,-2.734354178842935,-1.5002998911375798,0.3817817358564568,-0.9224571358734224
2025-03-11,-0.759664691853601,-1.4411943130872018,-0.6371079900587162,-1.2190017013647747
2025-03-12,0.48749679404913593,0.9282761401889772,0.07058740291565613,0.528263246442684
2025-03-13,-1.3988366806465535,-0.5806591279363005,-0.07895378949722698,0.018726842307792424
2025-03-14,2.1042905953198243,1.4123606314411674,0.7125142594432532,1.0445593741271963
2025-03-17,0.6395634974605713,0.7625964787928652,0.9225578301952808,0.5545108657958764
2025-03-18,-1.0710667074320668,0.7220148631176926,1.193237871420827,0.2864502907758748
2025-03-19,1.074060817295397,0.4066480515064086,-0.24747713350929956,0.01722959550711778
2025-03-20,-0.21872835137823898,-1.0299086097356636,,-0.05399823506611057
2025-03-21,0.08243136078327495,-0.49840461991443874,-0.19838629448880596,-0.6363596584563425
2025-03-24,1.7492117128638185,-0.14834543000610267,-0.1821606783968477,-0.10182131754152834
2025-03-25,0.15730954906540973,1.0888133669160638,0.4564353355151596,0.2982328324371508
2025-03-26,-1.1219640357598593,-1.1645484014692897,0.6509904782070919,0.2973460482399659
2025-03-27,-0.3312461007132228,-0.5672305682164591,-0.5995759310167159,-0.2708045820023486
2025-03-28,-1.9934601126852414,-0.9275262504820247,-1.8143528452339908,-0.08310786914140778
2025-03-31,0.5523240357645065,-1.5692460580794432,-4.132601226221233,-0.8827561001321982
2025-04-01,0.3774104555212432,1.3608267075595037,0.019431995807295266,0.6040349326838168
2025-04-02,0.6705661429483811,-0.30777932148424725,0.2842051679525781,-0.3050439924969339
2025-04-03,-4.9605911828995986,-3.661082786336678,-2.8100517891580523,-1.56648097779577
2025-04-04,-6.160906189823123,-4.704217453101478,-2.788856328707112,-5.079226082749422
2025-04-07,-0.2334194605962736,-4.655406189369593,-8.150268935603577,-4.479998500072213
2025-04-08,-1.5825083277055896,2.486639246134814,5.850530785429875,2.669795927876706
2025-04-09,9.089487983303712,-3.225336009836255,-4.012949659767173,-2.9636550033435682
2025-04-10,-3.522060702411167,4.169198946336117,8.735461629580676,2.9990422649529336
2025-04-11,1.7930380835776916,-0.6597868384009331,-3.0017011489828604,0.6411659895892541
2025-04-14,0.7913319326343426,2.5605073332792827,1.174479570276965,2.1133141597722727
2025-04-15,-0.17292752253013077,1.194936554357362,0.8356974991896138,1.4014391116308644
2025-04-16,-2.2663253964902097,-0.0791024172789534,-1.01819658079787,0.3207322852434302
2025-04-17,0.13259586237737153,-0.6293832177080461,1.3388677697918183,0.0012154445716561213
2025-04-18,,,1.02067299680062,
2025-04-21,-2.384964833401959,,-1.3052150207888857,
2025-04-22,2.4806952125450366,0.527654159369817,-0.17319671252664648,0.6371794494189231
2025-04-23,1.6523864366879693,2.729542026003884,1.875969218503215,0.8917281003578026
2025-04-24,2.005662808258357,0.3179989159148633,0.48784234290391026,0.04997079525423942
2025-04-25,0.7346084795701202,0.7622932073795496,1.8845448848271218,0.09391375405112257
2025-04-28,0.06405015390011926,0.31710893385756833,0.3752849094238897,0.02376341213867761
2025-04-29,0.5785641545557496,-0.16627970676399428,,0.5473711103656242
2025-04-30,0.14788972519319543,-0.03254539756873953,0.5714408702234053,0.3703229760695592
2025-05-01,0.6279345716452056,,1.1225908198369439,0.022356963088654425
2025-05-02,1.4619191109114027,2.3929302515623974,1.0326925156849853,1.1653957370850065
2025-05-05,-0.640204702931868,-0.0405012906487201,,
2025-05-06,-0.7722985278391548,-0.37301618206875276,,0.011632099427494325
2025-05-07,0.43369381067090984,-0.6325788580710423,-0.1386523962791486,-0.4441489113567343
2025-05-08,0.5783021147466982,1.117024155560209,0.40421221201842883,-0.3241516891092644
2025-05-09,-0.07117341348763517,0.39250773357206725,1.5442577690844672,0.271563469963354
2025-05-12,3.203997667701941,1.5440197628576513,0.3750852403241467,0.5850923564807431
2025-05-13,0.7222059020246974,0.4413190043329962,1.4216713242465318,-0.02440285377947049
2025-05-14,0.10238912422764201,-0.23605247075710878,-0.14449434518475357,-0.20829067762697662
2025-05-15,0.41238174387565607,0.15977296590730106,-0.9820830400247615,0.5668215659284215
2025-05-16,0.698084936809984,0.28506039770928027,-0.004749005490367608,0.5866587225558106
2025-05-19,0.08757295660490882,-0.005523930405715305,-0.6779610969083194,0.16912429675617346
2025-05-20,-0.3887777069571996,0.5039566729788447,0.08226083206395174,0.9359099851000252
2025-05-21,-1.626671926775991,-0.003482253064568397,-0.6160985129850971,0.061481259992035575
2025-05-22,-0.044497002242138706,-0.551157677553249,-0.8430015613571484,-0.5386380074755337
2025-05-23,-0.673089959147255,-1.826333696661031,0.47095508512100537,-0.24402187618068893
2025-05-26,,1.2875077336829577,0.9935884771014258,
2025-05-27,2.0252580802184283,0.37222364915443507,0.5117983017948191,0.6870085001656534
2025-05-28,-0.5586802576445393,-0.6866917257033478,-0.004535498195679111,-0.5952864116439471
2025-05-29,0.4003170870632289,,1.8661916309326898,-0.10892935002857485
2025-05-30,-0.008118845699556232,-0.2196429911311526,-1.2248599529748105,0.6392692478943474
2025-06-02,0.4093651490626016,-0.20573838544137857,-1.3108814166638894,0.021649815050928112
2025-06-03,0.5783533535369756,0.37535498885770124,-0.06370551147139025,0.14463846831205274
2025-06-04,0.007368474471824982,0.5463350295416447,0.7996414506216354,0.16260591412589065
2025-06-05,-0.5291357978697064,0.0998530458257818,-0.5125003851429,0.11015252296289191
2025-06-06,1.0228196215376073,0.3619711440713047,0.4970283581485546,0.3048395181691532
2025-06-09,0.0919525186391823,,0.9151062550341038,-0.0633901830555672
2025-06-10,0.5468012541646416,-0.2727394829593166,0.32225787803312755,0.2352201812433563
2025-06-11,-0.2747660318286549,-0.41134200960364353,0.5472342804422325,0.12756633591077815
2025-06-12,0.38151330716758025,-0.6012696027255515,-0.6478353897090727,0.23099511770183767
2025-06-13,-1.1360668590102208,-1.3209786252280864,-0.8916035981158643,-0.38680413877951736
2025-06-16,0.9348823148188856,0.9237963050745535,1.2530848918219206,0.2775683128884765
2025-06-17,-0.8387259723644291,-0.957637190466798,0.5866401413648248,-0.4652979151043013
2025-06-18,-0.030928803471930166,-0.4124838064615943,0.9000362119055083,0.10748127183752842
2025-06-19,,-1.3356615264484617,-1.0257055264915493,-0.5863279218116801
2025-06-20,-0.2181035215588878,0.7008304029977097,-0.2213751375139239,-0.19468436826812763
2025-06-23,0.9560655071259916,-0.22342696197572565,-0.12804155099122028,-0.19050346127063023
2025-06-24,1.106032861695816,1.4292502676589436,1.1315714470109484,0.011417480174635841
2025-06-25,-0.0003286108348987682,-0.8542988468304813,0.389828345583787,-0.46001518100382555
2025-06-26,0.7988131032517387,-0.15205701098413016,1.636443585898384,0.1924994321116813
2025-06-27,0.5205399256150045,1.5442672099057475,1.4202491943310136,0.7220172373731515
2025-06-30,0.5151137506128833,-0.421491911168026,0.8348489978818208,-0.431670438153553
2025-07-01,-0.11191571098798647,-0.39317463316610457,-1.245298422966279,0.276979425784063
2025-07-02,0.47338743064901934,0.6846460899092577,-0.5613832935665641,-0.12072449501552285
2025-07-03,0.830437821066532,0.45826351258337894,0.0588773014573718,0.5512035154129791
2025-07-04,,-1.0222069517983101,0.06276754010343666,-0.0033979709689546667
2025-07-07,-0.7893368104245013,0.9920729319574662,-0.5622263442660369,-0.18605732461391966
2025-07-08,-0.07161432504698695,0.5676999233124036,0.25512976999237935,0.5401859583848534
2025-07-09,0.6043802776780183,1.3626099446216955,0.33322256103254233,0.14445756238075091
2025-07-10,0.2742441072925317,-0.13561077252415288,-0.4402349336984912,1.2184427124175556
2025-07-11,-0.33029717732251385,-1.0125997592538738,-0.19359642909897445,-0.3862367088835583
2025-07-14,0.14064243309359625,-0.23488006276917162,-0.2785262271386202,0.6354820092868252
2025-07-15,-0.3964145065671332,-0.3110518991986666,0.5519471903031814,-0.6668007873457782
2025-07-16,0.3188568525382962,-1.0533111846529053,-0.03685614472193066,-0.13098531051500828
2025-07-17,0.5359380240012257,1.4815905756444536,0.5977374538733926,0.513990606051351
2025-07-18,-0.009049030280827708,-0.33381714714479926,-0.2059251143094798,0.21709250370456346
2025-07-21,0.13981570056724735,-0.30367583045567415,,0.23216089292432684
2025-07-22,0.0637328496667422,-0.9874570795572524,-0.11103220642461054,0.11975301711046882
2025-07-23,0.7781532145703096,1.0112241275116673,3.450529499082222,0.4169159519390675
2025-07-24,0.06979799969322187,0.20468713692327611,1.5784375839354325,0.8450688918278715
2025-07-25,0.3966451001680582,-0.056784100737594656,-0.8888097716207355,-0.19826813161252232
2025-07-28,0.01768424712675909,-0.272786556950777,-1.1108323903707529,-0.427426810323972
2025-07-29,-0.29638301974674874,0.7767319171394504,-0.7927250314162748,0.6027059361056075
2025-07-30,-0.1250213938510214,0.2595524449649389,-0.04881776948444383,0.006573407299015344
2025-07-31,-0.37016620463745653,-1.3676974029515065,1.0159121557016704,-0.04488947232310636
2025-08-01,-1.6121387185568992,,-0.6601237069284949,-0.7054453352406398
2025-08-04,1.4629564491414726,-1.4694136051787154,-1.255166203721103,0.6561602408339695
2025-08-05,-0.48697037804625865,0.1385833642272516,0.6403759657260366,0.15763114888933671
2025-08-06,0.7255522219853816,0.260636537672454,0.6031664403723269,0.23597115199258667
2025-08-07,-0.07977981718276794,1.2983183617222949,0.6457594147882162,-0.6953179253599728
2025-08-08,0.7769454816388688,0.2934588034086971,1.8372510995991576,-0.05605044386012281
2025-08-11,-0.25072683938844875,-0.2975797376269185,,0.3731060905503014
2025-08-12,1.1281559075170478,0.07724384685285912,2.1238217643004376,0.19805351159991602
2025-08-13,0.32248733840454236,0.9749930205876112,1.2943118163086353,0.19003326447268876
2025-08-14,0.030304487855481455,0.8583700317890575,-1.455755515191015,0.13084439829551542
2025-08-15,-0.29013399163648756,0.2556147985778523,1.694955061712733,-0.41820976391306885
2025-08-18,-0.01007682577363056,-0.2567198995668818,0.7715962106981777,0.20550059247614882
2025-08-19,-0.5875329112207339,0.8910116684800684,-0.38509875799253024,0.34338259085853196
2025-08-20,-0.243463063226379,-0.20007968499236028,-1.5219579944636408,1.0705066171214028
2025-08-21,-0.40122197289509387,-0.18582814931331626,-0.65119075775808,0.22692106072987883
2025-08-22,1.5072285158778342,0.47614510801103904,0.05423803260082849,0.130969444598783
2025-08-25,-0.4275512539646087,-0.8099065559370899,0.40854219714692164,
2025-08-26,0.4125473710116623,-1.1134542185475382,-0.9704562291506846,-0.5982692518935906
2025-08-27,0.23881304533031056,0.1742575602762031,0.2964651195199508,-0.11122119784108264
2025-08-28,0.31517474414659574,0.06784475072105778,0.7229625730552414,-0.4190084866818822
2025-08-29,-0.6418740402791556,-0.8373341499417819,-0.2579167970457874,-0.3205810215220595
2025-09-01,,0.2864144073049246,-1.2476826420998677,0.09791336746083346
2025-09-02,-0.6946350061031836,-1.4269182262655278,0.28804815075886836,-0.8693290086249306
2025-09-03,0.5087112302941676,0.6399714230251874,-0.8821431583456274,0.6701398048718943
2025-09-04,0.8311847102874026,0.4066865655680374,1.5177415796152616,0.42294818442183413
2025-09-05,-0.3170172669936022,-0.5355931016937987,1.0245077722760954,-0.09443851791779423
2025-09-08,0.21037644508883346,0.8362622214281856,1.4425362992952273,0.14324995822061481
2025-09-09,0.2684547030073148,0.11200099740396041,-0.4236813896049796,0.22854996087620094
2025-09-10,0.2979028229397329,-0.13698810558864238,0.8668919927139029,-0.18518200661539197
2025-09-11,0.8450087623094404,0.4707719749770689,1.2126371991785234,0.7795668562676994
2025-09-12,-0.04828778814278678,0.07311433821097779,0.8876395216622868,-0.15391943298332933
2025-09-15,0.46955777265598186,0.917547520921147,,-0.06788473242043125
2025-09-16,-0.12887604333311486,-1.2594575096660066,0.2992036426803679,-0.880221394230496
2025-09-17,-0.0970639078245128,-0.04859171181035293,-0.24949800232629826,0.13801486542810437
2025-09-18,0.47776878367074005,1.6066621859456731,1.1389380363400647,0.2136981124039039
2025-09-19,0.48735239374817496,0.032065700604277936,-0.5702799422438787,-0.12360573857748136
2025-09-22,0.4400350714762524,-0.3003564049057772,0.9893038281806099,0.10843988384063863
2025-09-23,-0.5517351828739692,0.5559682465779758,,-0.03686060339838093
2025-09-24,-0.2850677165294968,-0.14318579353389538,0.2999178850631168,0.29339661347194124
2025-09-25,-0.5021648742527418,-0.360603748817212,0.2727380774935284,-0.3942769546792846
2025-09-26,0.5884489130414394,1.0016001539311148,-0.8779372960336929,0.7654566904756521
2025-09-29,0.26320772599124354,0.12992087728047608,-0.6885925997911713,0.16142401313459231
2025-09-30,0.40825036135085924,0.4187785588905868,-0.2470007164014021,0.5426291360647539
2025-10-01,0.33941541712234624,0.9225016593523705,-0.8532964033769019,1.0214592985162696
2025-10-02,0.06181636213824504,1.150809573545608,0.8624242363366008,-0.19815727214567147
2025-10-03,0.006551065686721813,0.10444598230243685,1.8362419563535681,0.6723383789204007
2025-10-06,0.3639959282761396,-0.4076046314741788,4.643162028619052,-0.12862351211708756
2025-10-07,-0.38186877068522307,-0.26862924072172945,0.01275800957891704,0.04746159850519405
2025-10-08,0.5810748494187834,0.6411944347565424,-0.45124948477131,0.6862055693053648
2025-10-09,-0.2759373980278923,-0.4287243842499677,1.7556373751041576,-0.414518135824693
2025-10-10,-2.7485975439899946,-1.6894055824346665,-1.0171691693546592,-0.8649874011696923
2025-10-13,1.5478263036934337,0.6643582208200272,,0.16322275866222924
2025-10-14,-0.15655514969434847,-0.2902841741004636,-2.6155508134708683,0.10477955160030916
2025-10-15,0.401791850342903,0.9497176794040385,1.746450717137904,-0.29664810264797836
2025-10-16,-0.6314280275143247,0.8346822095141704,1.2612232210830854,0.11982255767755134
2025-10-17,0.5256873944526674,-0.7925797621599173,-1.4512891189649935,-0.8674558632405294
2025-10-20,1.0615724136144422,1.3029587650301266,3.314120654463082,0.5224393970895136
2025-10-21,0.003269591641696934,0.10380062108481525,0.2650895520224239,0.24853592722262619
2025-10-22,-0.535183477474277,-0.8409011027735502,-0.016769841100128247,0.9291588334100709
2025-10-23,0.5810479862013551,0.5150577661071409,-1.3602737133226128,0.6661901987419228
2025-10-24,0.7871361975244184,0.1087898247796204,1.3437625348052151,0.6970409587690796
2025-10-27,1.2215141327379442,0.6422202169153124,2.430032317244013,0.08497876674855576
2025-10-28,0.22853305022305648,-0.11755971302722656,-0.5820253893167759,0.44340415919705833
2025-10-29,-0.004357920473374577,0.025590542559861262,2.1442814195195226,0.6107048781910152
2025-10-30,-0.9954191424535352,-0.11626285376937773,0.03500022909950218,0.04099158869177444
2025-10-31,0.2614500917884399,-0.6538077480604088,2.0933141442279535,-0.4394824243792783
2025-11-03,0.17192339969174242,0.3034923555954805,,-0.1637536751221802
2025-11-04,-1.18062503923273,-0.3359919975057579,-1.759555505688759,0.14008375729108735
2025-11-05,0.36468976756882654,0.15763843559337687,-2.526801228207276,0.6371793775095114
2025-11-06,-1.1241134514722972,-1.0274578717650584,1.3282827512151485,-0.4233083508712099
2025-11-07,0.12610463474942435,-0.7989226465035415,-1.2007030152451748,-0.547937317415581
2025-11-10,1.5283626703501696,1.7439719927498487,1.2558764720806082,1.0745009540444883
2025-11-11,0.20731999523917466,1.0753285932871393,-0.13529015870918926,1.1418883363132792
2025-11-12,0.06293191259452158,1.070275280457622,0.43251375679389525,0.11913363934912269
2025-11-13,-1.669545163092856,-0.7722437863295184,0.4270253972308069,-1.051783785413818
2025-11-14,-0.0501851471272019,-0.8572563687296864,-1.78110450132678,-1.1206847637064143
2025-11-17,-0.9204497894303998,-0.932189017168028,-0.10451016461257012,-0.237434162402117
2025-11-18,-0.8290709844169797,-1.901154402906613,-3.2740086374861477,-1.2804679357891757
2025-11-19,0.3746807737265101,0.13252692988867665,-0.33994293272865406,-0.47114589063017576
2025-11-20,-1.5689726116315583,0.5016243980845658,2.6154820157398007,0.2132882071359532
2025-11-21,0.9775103041592459,-0.9892733782127294,-2.4339742668265885,0.12586929878715125
2025-11-24,1.5348818899081351,0.2459322777363937,,-0.050326661019006735
2025-11-25,0.9020886000833173,0.8149544419856269,0.06915863404195477,0.7793400203999212
2025-11-26,0.6882969436150077,1.4545871657285048,1.8317834448831505,0.8507298153290321
2025-11-27,,-0.04262462759356822,1.2194166745869595,0.02373713611518724
2025-11-28,0.5340487341136679,0.26498645892178985,0.17288934633761244,0.2740195471792717
2025-12-01,-0.5337548746055631,-0.012172948406963258,-1.909772233758389,-0.1853473217634516
2025-12-02,0.24542211959364124,0.3292325983156985,0.0003406841484476786,-0.007216908827878399
2025-12-03,0.29753605210860457,0.14744464112865785,1.1318887769041552,-0.10003347871716528
2025-12-04,0.10797387119740876,0.4121754922204346,2.30698389221633,0.19379257984795117
2025-12-05,0.19347688846789168,0.1022564748010879,-1.0570414277751183,-0.45309827014836657
2025-12-08,-0.3483315331648029,0.02899104901405991,0.1782268504856077,-0.22680496120095484
2025-12-09,-0.08767431610134935,-0.12705483912700544,0.1445324099565326,-0.03214178870294404
2025-12-10,0.6726880659140733,-0.17852821688340015,-0.10330213186406922,0.1399145195213336
2025-12-11,0.20771919837176966,0.7998563581598006,-0.901193521887933,0.49280469625596623
2025-12-12,-1.072091345855597,-0.5795389896015024,1.3620608482938223,-0.5601465102955672
2025-12-15,-0.15978388918362896,0.5545106331238614,-1.3236046020793424,1.0546306387361426
2025-12-16,-0.23867640084400676,-0.6048646619337461,-1.5767464535061393,-0.6842963437234673
2025-12-17,-1.1659856611370145,-0.6344186592956547,0.2608655984136732,0.9198846083400269
2025-12-18,0.7902951520478041,1.051187871612136,-1.0369834975051617,0.647561690622922
2025-12-19,0.8779407421830143,0.32411851341596076,1.026742458306984,0.6040046875034122
2025-12-22,0.6415870575560589,-0.28964029750362386,1.7920272518077596,-0.3177633041490324
2025-12-23,0.4540067046789886,0.0972741480010697,0.020791432981503988,0.23487695137340836
2025-12-24,0.321630434470066,,-0.13650577248540685,-0.1872479621823686
2025-12-25,,,0.1264244434276307,
2025-12-26,-0.03044098771098902,,0.6773606909245444,
2025-12-29,-0.3498162923936121,0.042260290132745126,-0.4413014270404858,-0.042561207611413465
2025-12-30,-0.13766142506543844,0.7708822906012713,-0.37166314582588456,0.7492279744560904
2025-12-31,-0.7384867434248932,,,-0.0935966011866185
2026-01-02,0.18929140261167987,,,0.19815642093199415
2026-01-05,0.6334024511051695,2.175353762166665,2.923349937373132,0.536188961258155
2026-01-06,0.6177592003892229,0.13664733827738473,1.313428698078134,1.1735497806489192
2026-01-07,-0.34458535710086835,-0.13867510148823925,-1.0645149229500106,-0.7386912564518511
2026-01-08,0.007654532942247272,-0.3255021405943026,-1.6390063450527848,-0.03483817634428732
2026-01-09,0.6454611138320132,1.5653492857648388,1.5964857554806144,0.7922915797134777
2026-01-12,0.15763900591814206,0.313467050420968,,0.1588981113560095
2026-01-13,-0.1941005588207645,0.22464109650179864,3.05130129768596,-0.03254550102109732
2026-01-14,-0.5347633584134925,-0.4118081559377984,1.4683134213456128,0.4625582575771503
2026-01-15,0.25766039204437874,0.599200912313691,-0.425499557945308,0.5337053980566608
2026-01-16,-0.06425086684505033,-0.19369301317411214,-0.3226906914335359,-0.03517193287425613
2026-01-19,,-1.7336783952519141,-0.6558848065619571,-0.39058342988731454
2026-01-20,-2.0842460953261366,-0.5709954906071957,-1.1118492659143442,-0.675132080658436
2026-01-21,1.1521117633559896,-0.15626715021053172,-0.40932202667267603,0.1115209666501471
2026-01-22,0.5472500707902839,1.2381225945905072,1.7175317478617558,0.1182953821578181
2026-01-23,0.03268164274814467,-0.1338958327863793,0.29381961847612104,-0.06602329803495621
2026-01-26,0.4993594260159995,0.161256701750645,-1.8019825798463174,0.054207752920376606
2026-01-27,0.4073587840441206,0.615611711682007,0.844091197296315,0.578675108033444
2026-01-28,-0.008172639170034302,-1.029364036441649,0.0471859492456872,-0.524496723998169
2026-01-29,-0.12934674424620596,-0.6976683755301138,0.031649850447124095,0.171201878807814
2026-01-30,-0.4311179414457911,0.9436048797999419,-0.09887679296696206,0.506982555251767
2026-02-02,0.5376785277363183,0.9987219770772882,-1.2600360676755074,1.1485566314426876
2026-02-03,-0.8439495590662816,-0.20261291503995693,3.8476724129820283,-0.26142287931101293
2026-02-04,-0.5085300155014849,-0.41584977906943266,-0.7839413158949426,0.8466587344388543
2026-02-05,-1.232667785383157,-0.7526830795312023,-0.879321481430928,-0.8990197371346653
2026-02-06,1.9504344282200492,1.2193894256165905,0.80621089341264,0.5860997422292513
2026-02-09,0.4680117860122124,1.0053630997665763,3.815879881114803,0.1580303915797998
2026-02-10,-0.3309182284509049,-0.19741685098075834,2.2569980005970436,-0.3124437510416911
2026-02-11,-0.004895726995002292,-0.18902935752578287,,1.1360957311758568
2026-02-12,-1.5784941386117524,-0.4042545355881444,-0.01856047118966586,-0.667795422836015
2026-02-13,0.04989646444464313,-0.43446098606914063,-1.2181335445070829,0.42208725370933564
2026-02-16,,-0.1061524563901628,-0.23834828984643508,0.26099128990075826
2026-02-17,0.10307906306561421,0.7161297446831583,-0.42324441989496364,0.7846011791921015
2026-02-18,0.5550636821135768,1.344655954873275,1.0154865146340342,1.2239824180198866
2026-02-19,-0.2826115391535211,-0.7193985663258573,0.5653685178701906,-0.5555275324065079
2026-02-20,0.6915755702173954,1.1761328589297904,-1.1236605912792186,0.5620796497273872
2026-02-23,-1.043995947145504,-0.284031389162287,,-0.020589897433609394
2026-02-24,0.7622488962383045,0.04382766750516964,0.8679941667208979,-0.03838547575121254
2026-02-25,0.8103433970129359,0.9230349689744344,2.1778003046273753,1.1709612200688113
2026-02-26,-0.5380026995567277,-0.19067504993373063,0.2902244975093282,0.3722316908765677
2026-02-27,-0.4348795128036542,-0.37642253232146317,0.1647549541154092,0.5873853682057728
2026-03-02,0.03982754131346411,-2.498698718711445,-1.3567022834561016,-1.2032952307572842
2026-03-03,-0.9488908731311696,-3.660693034957063,-3.1107024732342836,-2.78420191389106
2026-03-04,0.7726125740148859,1.7039478496545968,-3.6801606322272917,0.7942411212939149
2026-03-05,-0.5662707772703612,-1.5107756015460438,1.8855299560579297,-1.4660707967614428
2026-03-06,-1.3365720432496175,-1.0952275719544602,0.618188902623551,-1.2474431615737913
2026-03-09,0.8269871665389061,-0.6084964411062543,-5.33976934286855,-0.34381342237939094
2026-03-10,-0.21374025058875645,2.6379735726498765,2.8413071146895064,1.5749290404530214
2026-03-11,-0.08379521856358707,-0.7305791379057069,1.4221045401468402,-0.5624631088331
2026-03-12,-1.534480818949291,-0.7933469107241464,-1.0457144565446441,-0.4704942061762196
2026-03-13,-0.6077546398502776,-0.5630868035257919,-1.1699339635105943,-0.42788301593894573
2026-03-16,1.0079909746819382,0.39107323074123457,-0.12728542242381735,0.5491074925547679
2026-03-17,0.24911493849533173,0.5255408652924842,-0.09447573616583327,0.8290976621561086
2026-03-18,-1.3700999383731371,-0.5631793171380295,2.825616280478016,-0.9493555501400408
2026-03-19,-0.27525826238985474,-2.1677086272706703,-3.438022095001969,-2.3743290358645197
2026-03-20,-1.5253934307770223,-2.025245657751462,,-1.4533500737693217
2026-03-23,1.1388109095072707,1.3189551897623275,-3.5413711770964085,-0.24327693386361204
2026-03-24,-0.37495954593200764,0.12496341905503527,1.4201044398193474,0.7150296696083913
2026-03-25,0.5404493759948892,1.2117028415856268,2.8253067385401565,1.410940199764532
2026-03-26,-1.7559440961209205,-1.4872849635164442,-0.27194839402699955,-1.340720410318852
2026-03-27,-1.686323194605066,-1.086207167325881,-0.4310816124595718,-0.04814343957910694
2026-03-30,-0.39535538333570486,0.6515513737411993,-2.8260174078100775,1.5984058594485262
2026-03-31,2.871489330980026,0.5029014975962198,-1.5971903276906119,0.4777275208976306
2026-04-01,0.7142945003758783,2.8841786206617925,5.107740261389537,1.8334290540249043
2026-04-02,0.1120248136237123,-0.6975627449534727,-2.403834599081911,0.6874663641756484
2026-04-03,,,1.2505874189827182,
2026-04-06,0.44170131316043637,,0.5447716125082991,
2026-04-07,0.075896003312792,-1.0531481192955994,0.029723745970855475,-0.8419542705167871
2026-04-08,2.4772038357184556,4.8534655833860185,5.247998867014125,2.4822756206482666
2026-04-09,0.61510668695135,-0.28925624968021424,-0.7363451895447071,-0.050917299713582054
2026-04-10,-0.11391696991402966,0.5044641985380238,1.8238304924274473,-0.028296548009976163
2026-04-13,1.0121875493741328,-0.35651482651353206,-0.742931103785871,-0.1652229705294772
2026-04-14,1.1713988916143947,1.3371585238298067,2.403716304551118,0.24631464604087938
2026-04-15,0.7944144911565587,-0.7408080659166316,0.4427971201467429,-0.4676724791584874
2026-04-16,0.26065558152854607,-0.11892008749541105,2.3529708275489725,0.2874797832904008
2026-04-17,1.196855392873708,2.075469081092862,-1.7669820901513589,0.7300914072509102
2026-04-20,-0.23771959102507623,-1.2471583404158437,0.5950398458972828,-0.5498987113828235
2026-04-21,-0.6368453580853028,-0.8793880385299602,0.8873092431677776,-1.051783537244333
2026-04-22,1.0405756011536482,-0.40603013792264164,0.3980119397397175,-0.20595975525274923
2026-04-23,-0.4141432170939652,-0.19473411574288946,-0.7506875692643078,-0.18630430305730528
2026-04-24,0.7942067917632301,-0.1910307841090031,0.9691588801633344,-0.7477479475864968
2026-04-27,0.1231618000550938,-0.39442406479075487,1.3657684565078654,-0.560382546732896
2026-04-28,-0.49061878687961524,-0.4141397340495345,-1.0292720682448575,0.11329770063746025
2026-04-29,-0.03992517435129628,-0.33675178539436246,,-1.1652110936775983
2026-04-30,1.0186184168105683,1.1118227397071578,-1.0612958981671028,1.6094073557063382
2026-05-01,0.29240496865217125,,0.384180570188164,-0.1436593739933656
2026-05-04,-0.40704624878422635,-2.024950103315959,,
2026-05-05,0.8087227380576323,1.822758873952246,,-1.4070171509469986
2026-05-06,1.4482944327745884,2.6479344908052482,,2.126159228821045
2026-05-07,-0.38103454826785566,-0.9080225765602634,5.429696853711796,-1.5611683695791356
2026-05-08,0.839040542903291,-1.0286053843721277,-0.1914676981813912,-0.4280862453475365
2026-05-11,0.18781917406744952,-0.2723744735956046,-0.47273471097977193,0.3541111492033622
2026-05-12,-0.1603894411408291,-1.486711259757456,0.5188414337879976,-0.03993811405091918
2026-05-13,0.5832206062995837,0.9018363300473453,0.8404452255891925,0.5837660307260961
2026-05-14,0.7626449143739222,,-0.9816285289055315,0.45897568005912603
2026-05-15,-1.2440381787730104,-0.5699484025894819,-2.0067225201170658,-1.7259997159163376
2026-05-18,-0.07359385925660433,0.3638039700760487,-0.9709034124785632,1.2515213924080726
2026-05-19,-0.6700720556670703,0.03692524282907783,-0.4372865863999209,0.06584364712658441
2026-05-20,1.073420806632619,2.1123172979294225,-1.2399804714775087,0.9796416832593025
2026-05-21,0.17138609316660336,-0.2638990449288059,3.094745108784025,0.10730315956219982
2026-05-22,0.37200452843411114,0.9871784048426591,2.647550551406397,0.2180777811014778
2026-05-25,,,2.8315663880865927,
2026-05-26,0.6089680623146521,0.7398442610417888,-0.24909153161711828,0.23953580502915628
2026-05-27,0.016486555361971966,0.10532015799800121,0.005108349905569298,0.12954231224213686
2026-05-28,0.5737227212216922,-0.2545048592743626,-0.47233195155289565,-0.7548647951049148
2026-05-29,0.21699047314864828,-0.07549903512309442,2.497986962210952,-0.16030677787632897
2026-06-01,0.26218560604913677,-0.2579928839438139,0.9077216022504331,-0.6776465962595069
2026-06-02,0.12912549125889683,1.2007243212105223,-0.29937641507409296,0.33313247465009965
2026-06-03,-0.7399348892068502,-0.8926693467246949,2.468580829809497,-0.3979585437454247
2026-06-04,0.4046762369187107,0.8186385049450351,-1.371076131030513,0.27062831754189887
2026-06-05,-2.6801330315359806,-0.6783239752754966,-1.316710328198134,0.07525718604526332
2026-06-08,0.297370520766016,0.0036326015765197894,-3.925873210817876,0.04918289681317134
2026-06-09,-0.257971859262085,-0.20722882779047325,2.1509081853736234,-1.4164979505562059
2026-06-10,-1.6332095868206054,-0.6598873110865711,-1.9096236711574122,0.2685273194542148
2026-06-11,1.736719891346361,0.7791556055328996,0.05919162835219538,0.47766326497757916
2026-06-12,0.5012928127161587,2.1344101237639634,2.768614776474543,1.6153896769575127
2026-06-15,1.6393284138581876,0.6732745218512193,4.873908146761252,-0.39326427514900786
2026-06-16,-0.5700396039273414,0.4483083043853142,0.12543073399502447,0.6078985929557135
2026-06-17,-1.2222675603359434,0.6792769446914093,0.7146130653717719,0.13711901701221052
2026-06-18,1.0787813962926052,0.3675765957606103,1.6335166898283404,-1.0416954016113422
2026-06-19,,-0.4777938919243496,0.27626918801573197,-0.35062782755055366
2026-06-22,-0.37119326849772705,0.2886274999191585,1.5374502127697198,0.7172750137154793
2026-06-23,-1.4466928386097422,-1.288023852379716,-3.6102637903629997,-0.08626143175884948
2026-06-24,-0.09834153677328317,-0.2547095147779288,-0.8828486645338529,0.3130537369147035
2026-06-25,-0.009921104004639858,0.846481844615532,4.5102252056707925,0.650749325014921
2026-06-26,-0.04717686829192047,-0.7363262902060796,-4.241826560828699,-0.20819946980754622
2026-06-29,1.1681561359345949,0.16188765567353158,0.15447289810630593,-0.2267491226582763
2026-06-30,0.7888998838147643,1.536051116367787,0.8517346805122727,0.12296107303022552
2026-07-01,-0.21531509855510222,-0.7230437740268769,0.5872346570765075,-0.17925579723598872
2026-07-02,0.00013702504482182576,1.2334317335032097,-2.502588986039811,1.6525758871638985
2026-07-03,,0.8174999919235759,1.4600810781708162,0.24470039631161455
2026-07-06,0.7215413830444106,-0.22903398078248927,-0.009152182485472338,-0.2550322566841956
2026-07-07,-0.44650632531855194,-1.2289933500571948,-2.146146119940795,0.1322899549643708
2026-07-08,-0.28212145626138607,-1.835609508034075,-2.1291247863272744,-1.672468419274331
2026-07-09,0.8109821657157568,1.2708749540696118,1.3745531037361758,-0.15743151404148392
2026-07-10,0.4200010992571279,-0.2278084631935684,1.1942410119619495,0.2365288794413445
2026-07-13,-0.7958609028042574,0.016741974442879837,-1.936725648792148,0.00952580559143712
2026-07-14,0.3751931076882542,0.14612015152479785,0.7419656769480198,0.2958060874602708
2026-07-15,0.38118699420550683,-0.23290511244411505,1.4770153926590979,-0.12829469145643202
2026-07-16,-0.5114462132766562,0.2873459983645077,-2.8263707161523044,0.533949828417235
2026-07-17,-1.0149876192112828,-0.8428645601586737,-4.114928799573647,0.2663840171532428
2026-07-20,-0.19341238867802701,-0.055709419173943786,,-0.7157414649881844
2026-07-21,0.8817378432212308,0.9307162502965483,3.208088782323948,0.5788605397743396
2026-07-22,-0.13646224263990092,0.49768089492925327,-0.17618120934645987,1.2308301877874683
2026-07-23,-1.2163372131276162,-1.70546077959024,0.4632634845094685,-0.728595425622558
2026-07-24,0.04966405371877869,1.133138328697747,-2.7650411211128656,0.907591568520516
2026-07-27,0.016191330177584007,0.02021817052977326,0.4941143108686319,0.4238282148333994
2026-07-28,0.2102096375459439,0.11613057985169206,-4.032514756848826,0.823918391369105
2026-07-29,-1.527739715707277,-0.6487307464745129,-1.5036424414800464,0.3434477232396205
2026-07-30,1.6468013977055662,1.5176697136897843,0.7027321462576452,-0.10181362485006673
2026-07-31,0.6979208383379287,0.21428797913110031,3.9529835383822487,-0.2683177301344486
2026-08-03,1.4682592263996597,1.071466812198274,-0.9477680980717551,-0.09573332121473044
2026-08-04,1.7737942015186192,0.9323890364328236,0.3173269556180358,0.1996605061062695
2026-08-05,-0.16778990048802456,-0.1499607601164854,3.5977207085304386,0.08176715480718855
2026-08-06,-0.17610831844070418,0.3941605198059861,-0.9352430762797681,-0.18752741616179236
2026-08-07,0.6165187424711505,0.32702498150474213,-0.11660736064218469,0.30501396011448634
2026-08-10,-0.05841462941909015,0.18010299189157308,2.057003271037061,-0.35471751494196013
2026-08-11,-0.32180337931322356,0.23840903762177845,,-0.1686097735561276
2026-08-12,0.26232744800278596,-0.26335060477045147,0.8235991530979092,-0.1014881927346778
2026-08-13,0.6494991938586381,0.17554215575312782,1.1551566398559032,-0.560033667024129
2026-08-14,-0.16978741305937461,-0.08987916697780207,0.5914424705805388,-0.21001537392457692
2026-08-17,-0.5241165715608176,-0.13985649469994144,0.7343442933699151,-0.2775898412346933
2026-08-18,-0.69056328168422,-0.958267100084953,-2.574785002682489,0.07180238726096633
2026-08-19,0.21065577872612096,-0.36723715926711975,-3.214902250782714,0.14345029188351788
2026-08-20,-0.8706708745808811,-0.3481893307643702,1.3537464666136145,0.04466679666883522
2026-08-21,0.4336776121309782,0.6233997624812915,-0.30314613750039854,0.6343638156423026
2026-08-24,-0.28068043678342036,-0.22060448226568496,-0.742367734352456,0.3479341823780402
2026-08-25,0.31858734610068495,0.11856997105521572,0.4998161556013514,0.2934653160631129
2026-08-26,-0.020576980512387877,0.2337912083294924,0.6141873757462335,-0.0744392090188839
2026-08-27,0.7177437188467195,-0.7135908715378392,-0.19665483158242125,-0.7900109468051753
2026-08-28,-0.2490551059921131,0.94405122170933,0.4128435279811882,0.2942140179266417
2026-08-31,-0.3327681399442284,-1.0152051881958002,-0.141100960380669,
2026-09-01,-0.7138209258204853,-0.8003735739816165,-0.1457601172878853,-0.32387044477619753
2026-09-02,0.45927288664362464,-0.10729729164875579,-2.8953897477515866,-0.3044661170397589
2026-09-03,1.0524066479574046,0.3207591420208544,-0.1729579574297091,0.694833256860683
2026-09-04,-0.37642976954046503,0.1618773133845508,1.2480655753506653,-0.00369660735337618
2026-09-07,,,2.189251516281665,
